2026-07-07 14:33:55,696 - werkzeug - INFO -  * Restarting with stat
2026-07-07 14:33:59,189 - werkzeug - WARNING -  * Debugger is active!
2026-07-07 14:33:59,197 - werkzeug - INFO -  * Debugger PIN: 243-289-687
2026-07-07 14:37:35,596 - __main__ - INFO - Starting EDR Dashboard on 0.0.0.0:5000
2026-07-07 14:37:35,597 - __main__ - INFO - Wazuh API: 172.26.94.81:5601
2026-07-07 14:37:35,597 - __main__ - INFO - Model: D:\EDR-Project\dashboard\models_data\ecod.pkl
2026-07-07 14:37:35,600 - werkzeug - INFO -  * Restarting with stat
2026-07-07 14:37:38,891 - __main__ - INFO - Starting EDR Dashboard on 0.0.0.0:5000
2026-07-07 14:37:38,891 - __main__ - INFO - Wazuh API: 172.26.94.81:5601
2026-07-07 14:37:38,892 - __main__ - INFO - Model: D:\EDR-Project\dashboard\models_data\ecod.pkl
2026-07-07 14:37:38,903 - werkzeug - WARNING -  * Debugger is active!
2026-07-07 14:37:38,908 - werkzeug - INFO -  * Debugger PIN: 243-289-687
2026-07-07 14:39:38,743 - __main__ - INFO - Starting EDR Dashboard on 0.0.0.0:5000
2026-07-07 14:39:38,744 - __main__ - INFO - Wazuh API: 172.26.94.81:5601
2026-07-07 14:39:38,744 - __main__ - INFO - Model: D:\EDR-Project\dashboard\models_data\ecod.pkl
2026-07-07 14:39:38,747 - werkzeug - INFO -  * Restarting with stat
2026-07-07 14:39:42,237 - __main__ - INFO - Starting EDR Dashboard on 0.0.0.0:5000
2026-07-07 14:39:42,237 - __main__ - INFO - Wazuh API: 172.26.94.81:5601
2026-07-07 14:39:42,237 - __main__ - INFO - Model: D:\EDR-Project\dashboard\models_data\ecod.pkl
2026-07-07 14:39:42,241 - werkzeug - WARNING -  * Debugger is active!
2026-07-07 14:39:42,246 - werkzeug - INFO -  * Debugger PIN: 243-289-687
2026-07-07 14:42:57,106 - app.main - INFO - Client connected
2026-07-07 14:43:14,258 - app.main - INFO - Client connected
2026-07-07 14:44:10,569 - werkzeug - INFO -  * Detected change in 'D:\\EDR-Project\\dashboard\\app\\config.py', reloading
2026-07-07 14:44:10,891 - werkzeug - INFO -  * Restarting with stat
2026-07-07 14:44:14,457 - __main__ - INFO - Starting EDR Dashboard on 0.0.0.0:5000
2026-07-07 14:44:14,458 - __main__ - INFO - Wazuh API: 172.26.94.81:55000
2026-07-07 14:44:14,458 - __main__ - INFO - Model: D:\EDR-Project\dashboard\models_data\ecod.pkl
2026-07-07 14:44:14,461 - werkzeug - WARNING -  * Debugger is active!
2026-07-07 14:44:14,464 - werkzeug - INFO -  * Debugger PIN: 243-289-687
2026-07-07 14:44:14,663 - app.main - INFO - Client connected
2026-07-07 14:44:14,970 - engineio.server - ERROR - 'Session is disconnected' HzLGjHzES2waGyMUAAAA (further occurrences of this error will be logged with level INFO)
2026-07-07 14:44:14,985 - app.main - INFO - Client connected
2026-07-07 14:44:16,020 - app.main - INFO - Client connected
2026-07-07 14:44:16,926 - app.main - INFO - Client connected
2026-07-07 14:47:21,448 - werkzeug - INFO -  * Detected change in 'D:\\EDR-Project\\dashboard\\app\\services\\wazuh_api.py', reloading
2026-07-07 14:47:21,758 - werkzeug - INFO -  * Restarting with stat
2026-07-07 14:47:25,419 - __main__ - INFO - Starting EDR Dashboard on 0.0.0.0:5000
2026-07-07 14:47:25,419 - __main__ - INFO - Wazuh API: 172.26.94.81:55000
2026-07-07 14:47:25,420 - __main__ - INFO - Model: D:\EDR-Project\dashboard\models_data\ecod.pkl
2026-07-07 14:47:25,424 - werkzeug - WARNING -  * Debugger is active!
2026-07-07 14:47:25,428 - werkzeug - INFO -  * Debugger PIN: 243-289-687
2026-07-07 14:47:32,484 - app.main - INFO - Client connected
2026-07-07 14:55:18,768 - werkzeug - INFO -  * Detected change in 'D:\\EDR-Project\\dashboard\\app\\config.py', reloading
2026-07-07 14:55:19,077 - werkzeug - INFO -  * Restarting with stat
2026-07-07 14:55:45,002 - __main__ - INFO - Starting EDR Dashboard on 0.0.0.0:5000
2026-07-07 14:55:45,003 - __main__ - INFO - Wazuh API: localhost:9200
2026-07-07 14:55:45,003 - __main__ - INFO - Model: D:\EDR-Project\dashboard\models_data\ecod.pkl
2026-07-07 14:55:45,006 - werkzeug - INFO -  * Restarting with stat
2026-07-07 14:55:48,552 - __main__ - INFO - Starting EDR Dashboard on 0.0.0.0:5000
2026-07-07 14:55:48,552 - __main__ - INFO - Wazuh API: localhost:9200
2026-07-07 14:55:48,553 - __main__ - INFO - Model: D:\EDR-Project\dashboard\models_data\ecod.pkl
2026-07-07 14:55:48,556 - werkzeug - WARNING -  * Debugger is active!
2026-07-07 14:55:48,561 - werkzeug - INFO -  * Debugger PIN: 243-289-687
2026-07-07 14:55:48,739 - app.main - INFO - Client connected
2026-07-07 14:56:20,761 - app.main - INFO - Client connected
2026-07-07 14:56:28,760 - werkzeug - INFO -  * Detected change in 'D:\\EDR-Project\\dashboard\\app\\config.py', reloading
2026-07-07 14:56:29,071 - werkzeug - INFO -  * Restarting with stat
2026-07-07 14:56:32,583 - __main__ - INFO - Starting EDR Dashboard on 0.0.0.0:5000
2026-07-07 14:56:32,583 - __main__ - INFO - Wazuh API: 172.26.94.81:55000
2026-07-07 14:56:32,583 - __main__ - INFO - Model: D:\EDR-Project\dashboard\models_data\ecod.pkl
2026-07-07 14:56:32,587 - werkzeug - WARNING -  * Debugger is active!
2026-07-07 14:56:32,591 - werkzeug - INFO -  * Debugger PIN: 243-289-687
2026-07-07 14:56:33,898 - werkzeug - INFO -  * Detected change in 'D:\\EDR-Project\\dashboard\\app\\config.py', reloading
2026-07-07 14:56:34,213 - werkzeug - INFO -  * Restarting with stat
2026-07-07 14:56:37,883 - __main__ - INFO - Starting EDR Dashboard on 0.0.0.0:5000
2026-07-07 14:56:37,883 - __main__ - INFO - Wazuh API: 172.26.94.81:55000
2026-07-07 14:56:37,884 - __main__ - INFO - Model: D:\EDR-Project\dashboard\models_data\ecod.pkl
2026-07-07 14:56:37,887 - werkzeug - WARNING -  * Debugger is active!
2026-07-07 14:56:37,891 - werkzeug - INFO -  * Debugger PIN: 243-289-687
2026-07-07 14:56:41,643 - app.main - INFO - Client connected
2026-07-07 15:31:50,535 - __main__ - INFO - Starting EDR Dashboard on 0.0.0.0:5000
2026-07-07 15:31:50,535 - __main__ - INFO - Wazuh API: localhost:9200
2026-07-07 15:31:50,535 - __main__ - INFO - Model: D:\EDR-Project\dashboard\models_data\ecod.pkl
2026-07-07 15:31:50,539 - werkzeug - INFO -  * Restarting with stat
2026-07-07 15:31:53,956 - __main__ - INFO - Starting EDR Dashboard on 0.0.0.0:5000
2026-07-07 15:31:53,957 - __main__ - INFO - Wazuh API: localhost:9200
2026-07-07 15:31:53,957 - __main__ - INFO - Model: D:\EDR-Project\dashboard\models_data\ecod.pkl
2026-07-07 15:31:53,960 - werkzeug - WARNING -  * Debugger is active!
2026-07-07 15:31:53,964 - werkzeug - INFO -  * Debugger PIN: 243-289-687
2026-07-07 15:33:02,219 - app.main - INFO - Client connected
2026-07-07 15:33:04,558 - app.main - INFO - Client connected
2026-07-07 15:35:16,394 - app.main - INFO - Client connected
2026-07-07 15:41:57,129 - werkzeug - INFO -  * Detected change in 'D:\\EDR-Project\\dashboard\\app\\services\\wazuh_api.py', reloading
2026-07-07 15:41:57,448 - werkzeug - INFO -  * Restarting with stat
2026-07-07 15:42:04,059 - __main__ - INFO - Starting EDR Dashboard on 0.0.0.0:5000
2026-07-07 15:42:04,059 - __main__ - INFO - Wazuh API: localhost:9200
2026-07-07 15:42:04,059 - __main__ - INFO - Model: D:\EDR-Project\dashboard\models_data\ecod.pkl
2026-07-07 15:42:04,063 - werkzeug - INFO -  * Restarting with stat
2026-07-07 15:42:07,383 - __main__ - INFO - Starting EDR Dashboard on 0.0.0.0:5000
2026-07-07 15:42:07,383 - __main__ - INFO - Wazuh API: localhost:9200
2026-07-07 15:42:07,384 - __main__ - INFO - Model: D:\EDR-Project\dashboard\models_data\ecod.pkl
2026-07-07 15:42:07,387 - werkzeug - WARNING -  * Debugger is active!
2026-07-07 15:42:07,391 - werkzeug - INFO -  * Debugger PIN: 243-289-687
2026-07-07 15:42:10,238 - app.main - INFO - Client connected
2026-07-07 15:44:46,708 - __main__ - INFO - Starting EDR Dashboard on 0.0.0.0:5000
2026-07-07 15:44:46,708 - __main__ - INFO - Wazuh API: localhost:9200
2026-07-07 15:44:46,708 - __main__ - INFO - Model: D:\EDR-Project\dashboard\models_data\ecod.pkl
2026-07-07 15:44:46,712 - werkzeug - INFO -  * Restarting with stat
2026-07-07 15:44:50,134 - __main__ - INFO - Starting EDR Dashboard on 0.0.0.0:5000
2026-07-07 15:44:50,135 - __main__ - INFO - Wazuh API: localhost:9200
2026-07-07 15:44:50,135 - __main__ - INFO - Model: D:\EDR-Project\dashboard\models_data\ecod.pkl
2026-07-07 15:44:50,139 - werkzeug - WARNING -  * Debugger is active!
2026-07-07 15:44:50,145 - werkzeug - INFO -  * Debugger PIN: 243-289-687
2026-07-07 15:44:50,649 - app.main - INFO - Client connected
2026-07-07 15:46:31,240 - werkzeug - INFO -  * Detected change in 'D:\\EDR-Project\\dashboard\\app\\models\\detector.py', reloading
2026-07-07 15:46:31,589 - werkzeug - INFO -  * Restarting with stat
2026-07-07 15:46:34,721 - __main__ - INFO - Starting EDR Dashboard on 0.0.0.0:5000
2026-07-07 15:46:34,721 - __main__ - INFO - Wazuh API: localhost:9200
2026-07-07 15:46:34,721 - __main__ - INFO - Model: D:\EDR-Project\dashboard\models_data\ecod.pkl
2026-07-07 15:46:34,726 - werkzeug - WARNING -  * Debugger is active!
2026-07-07 15:46:34,730 - werkzeug - INFO -  * Debugger PIN: 243-289-687
2026-07-07 15:46:34,926 - app.main - INFO - Client connected
2026-07-07 15:46:42,312 - __main__ - INFO - Starting EDR Dashboard on 0.0.0.0:5000
2026-07-07 15:46:42,312 - __main__ - INFO - Wazuh API: localhost:9200
2026-07-07 15:46:42,313 - __main__ - INFO - Model: D:\EDR-Project\dashboard\models_data\ecod.pkl
2026-07-07 15:46:42,316 - werkzeug - INFO -  * Restarting with stat
2026-07-07 15:46:45,705 - __main__ - INFO - Starting EDR Dashboard on 0.0.0.0:5000
2026-07-07 15:46:45,705 - __main__ - INFO - Wazuh API: localhost:9200
2026-07-07 15:46:45,705 - __main__ - INFO - Model: D:\EDR-Project\dashboard\models_data\ecod.pkl
2026-07-07 15:46:45,709 - werkzeug - WARNING -  * Debugger is active!
2026-07-07 15:46:45,713 - werkzeug - INFO -  * Debugger PIN: 243-289-687
2026-07-07 15:46:45,920 - app.main - INFO - Client connected
2026-07-07 15:47:22,019 - app.main - INFO - Client connected
2026-07-07 16:03:31,955 - app.main - INFO - Client connected
2026-07-07 16:05:45,422 - __main__ - INFO - Starting EDR Dashboard on 0.0.0.0:5000
2026-07-07 16:05:45,422 - __main__ - INFO - Wazuh API: localhost:9200
2026-07-07 16:05:45,423 - __main__ - INFO - Model: D:\EDR-Project\dashboard\models_data\ecod.pkl
2026-07-07 16:05:45,427 - werkzeug - INFO -  * Restarting with stat
2026-07-07 16:05:48,837 - __main__ - INFO - Starting EDR Dashboard on 0.0.0.0:5000
2026-07-07 16:05:48,837 - __main__ - INFO - Wazuh API: localhost:9200
2026-07-07 16:05:48,837 - __main__ - INFO - Model: D:\EDR-Project\dashboard\models_data\ecod.pkl
2026-07-07 16:05:48,840 - werkzeug - WARNING -  * Debugger is active!
2026-07-07 16:05:48,845 - werkzeug - INFO -  * Debugger PIN: 243-289-687
2026-07-07 16:05:49,132 - app.main - INFO - Client connected
2026-07-07 16:06:21,093 - werkzeug - INFO -  * Detected change in 'D:\\EDR-Project\\dashboard\\app\\services\\wazuh_api.py', reloading
2026-07-07 16:06:21,411 - werkzeug - INFO -  * Restarting with stat
2026-07-07 16:06:24,896 - __main__ - INFO - Starting EDR Dashboard on 0.0.0.0:5000
2026-07-07 16:06:24,896 - __main__ - INFO - Wazuh API: localhost:9200
2026-07-07 16:06:24,897 - __main__ - INFO - Model: D:\EDR-Project\dashboard\models_data\ecod.pkl
2026-07-07 16:06:24,900 - werkzeug - WARNING -  * Debugger is active!
2026-07-07 16:06:24,904 - werkzeug - INFO -  * Debugger PIN: 243-289-687
2026-07-07 16:06:27,647 - app.main - INFO - Client connected
2026-07-07 16:07:43,561 - werkzeug - INFO -  * Detected change in 'D:\\EDR-Project\\dashboard\\app\\models\\detector.py', reloading
2026-07-07 16:07:43,862 - werkzeug - INFO -  * Restarting with stat
2026-07-07 16:07:55,702 - __main__ - INFO - Starting EDR Dashboard on 0.0.0.0:5000
2026-07-07 16:07:55,702 - __main__ - INFO - Wazuh API: localhost:9200
2026-07-07 16:07:55,703 - __main__ - INFO - Model: D:\EDR-Project\dashboard\models_data\ecod.pkl
2026-07-07 16:07:55,706 - werkzeug - INFO -  * Restarting with stat
2026-07-07 16:07:59,024 - __main__ - INFO - Starting EDR Dashboard on 0.0.0.0:5000
2026-07-07 16:07:59,024 - __main__ - INFO - Wazuh API: localhost:9200
2026-07-07 16:07:59,024 - __main__ - INFO - Model: D:\EDR-Project\dashboard\models_data\ecod.pkl
2026-07-07 16:07:59,029 - werkzeug - WARNING -  * Debugger is active!
2026-07-07 16:07:59,033 - werkzeug - INFO -  * Debugger PIN: 243-289-687
2026-07-07 16:07:59,267 - app.main - INFO - Client connected
2026-07-07 16:07:59,655 - app.main - INFO - Client connected
2026-07-07 16:08:43,532 - werkzeug - INFO -  * Detected change in 'D:\\EDR-Project\\dashboard\\app\\models\\detector.py', reloading
2026-07-07 16:08:43,856 - werkzeug - INFO -  * Restarting with stat
2026-07-07 16:12:14,597 - __main__ - INFO - Starting EDR Dashboard on 0.0.0.0:5000
2026-07-07 16:12:14,597 - __main__ - INFO - Wazuh API: localhost:9200
2026-07-07 16:12:14,597 - __main__ - INFO - Model: D:\EDR-Project\dashboard\models_data\ecod.pkl
2026-07-07 16:12:14,601 - werkzeug - INFO -  * Restarting with stat
2026-07-07 16:12:17,994 - __main__ - INFO - Starting EDR Dashboard on 0.0.0.0:5000
2026-07-07 16:12:17,994 - __main__ - INFO - Wazuh API: localhost:9200
2026-07-07 16:12:17,994 - __main__ - INFO - Model: D:\EDR-Project\dashboard\models_data\ecod.pkl
2026-07-07 16:12:17,997 - werkzeug - WARNING -  * Debugger is active!
2026-07-07 16:12:18,001 - werkzeug - INFO -  * Debugger PIN: 243-289-687
2026-07-07 16:12:18,272 - app.main - INFO - Client connected
2026-07-07 16:14:35,606 - werkzeug - INFO -  * Detected change in 'D:\\EDR-Project\\dashboard\\app\\services\\wazuh_api.py', reloading
2026-07-07 16:14:35,902 - werkzeug - INFO -  * Restarting with stat
2026-07-07 16:14:44,862 - __main__ - INFO - Starting EDR Dashboard on 0.0.0.0:5000
2026-07-07 16:14:44,863 - __main__ - INFO - Wazuh API: localhost:9200
2026-07-07 16:14:44,863 - __main__ - INFO - Model: D:\EDR-Project\dashboard\models_data\ecod.pkl
2026-07-07 16:14:44,867 - werkzeug - INFO -  * Restarting with stat
2026-07-07 16:14:48,189 - __main__ - INFO - Starting EDR Dashboard on 0.0.0.0:5000
2026-07-07 16:14:48,190 - __main__ - INFO - Wazuh API: localhost:9200
2026-07-07 16:14:48,190 - __main__ - INFO - Model: D:\EDR-Project\dashboard\models_data\ecod.pkl
2026-07-07 16:14:48,194 - werkzeug - WARNING -  * Debugger is active!
2026-07-07 16:14:48,197 - werkzeug - INFO -  * Debugger PIN: 243-289-687
2026-07-07 16:14:50,646 - app.main - INFO - Client connected
2026-07-07 16:15:58,030 - werkzeug - INFO -  * Detected change in 'D:\\EDR-Project\\dashboard\\app\\main.py', reloading
2026-07-07 16:15:58,321 - werkzeug - INFO -  * Restarting with stat
2026-07-07 16:16:01,607 - __main__ - INFO - Starting EDR Dashboard on 0.0.0.0:5000
2026-07-07 16:16:01,607 - __main__ - INFO - Wazuh API: localhost:9200
2026-07-07 16:16:01,608 - __main__ - INFO - Model: D:\EDR-Project\dashboard\models_data\ecod.pkl
2026-07-07 16:16:01,611 - werkzeug - WARNING -  * Debugger is active!
2026-07-07 16:16:01,615 - werkzeug - INFO -  * Debugger PIN: 243-289-687
2026-07-07 16:16:01,922 - app.main - INFO - Client connected
2026-07-07 16:16:06,867 - app.main - INFO - Client connected
2026-07-07 16:16:07,636 - app.main - INFO - Client connected
2026-07-07 16:16:07,841 - app.main - INFO - Client connected
2026-07-07 16:16:08,037 - app.main - INFO - Client connected
2026-07-07 16:16:08,213 - app.main - INFO - Client connected
2026-07-07 16:17:05,297 - app.main - INFO - Client connected
2026-07-07 16:21:21,933 - app.main - INFO - Client connected
2026-07-07 16:23:56,071 - app.main - INFO - Client connected
2026-07-07 16:24:05,339 - __main__ - INFO - Starting EDR Dashboard on 0.0.0.0:5000
2026-07-07 16:24:05,339 - __main__ - INFO - Wazuh API: localhost:9200
2026-07-07 16:24:05,339 - __main__ - INFO - Model: D:\EDR-Project\dashboard\models_data\ecod.pkl
2026-07-07 16:24:05,343 - werkzeug - INFO -  * Restarting with stat
2026-07-07 16:24:08,692 - __main__ - INFO - Starting EDR Dashboard on 0.0.0.0:5000
2026-07-07 16:24:08,692 - __main__ - INFO - Wazuh API: localhost:9200
2026-07-07 16:24:08,693 - __main__ - INFO - Model: D:\EDR-Project\dashboard\models_data\ecod.pkl
2026-07-07 16:24:08,696 - werkzeug - WARNING -  * Debugger is active!
2026-07-07 16:24:08,700 - werkzeug - INFO -  * Debugger PIN: 243-289-687
2026-07-07 16:28:34,960 - werkzeug - INFO -  * Detected change in 'D:\\EDR-Project\\dashboard\\app\\services\\wazuh_api.py', reloading
2026-07-07 16:28:35,266 - werkzeug - INFO -  * Restarting with stat
2026-07-07 16:28:38,895 - __main__ - INFO - Starting EDR Dashboard on 0.0.0.0:5000
2026-07-07 16:28:38,895 - __main__ - INFO - Wazuh API: localhost:9200
2026-07-07 16:28:38,895 - __main__ - INFO - Model: D:\EDR-Project\dashboard\models_data\ecod.pkl
2026-07-07 16:28:38,899 - werkzeug - WARNING -  * Debugger is active!
2026-07-07 16:28:38,903 - werkzeug - INFO -  * Debugger PIN: 243-289-687
2026-07-07 16:31:04,127 - __main__ - INFO - Starting EDR Dashboard on 0.0.0.0:5000
2026-07-07 16:31:04,128 - __main__ - INFO - Wazuh API: localhost:9200
2026-07-07 16:31:04,128 - __main__ - INFO - Model: D:\EDR-Project\dashboard\models_data\ecod.pkl
2026-07-07 16:31:04,130 - werkzeug - INFO -  * Restarting with stat
2026-07-07 16:31:07,409 - __main__ - INFO - Starting EDR Dashboard on 0.0.0.0:5000
2026-07-07 16:31:07,410 - __main__ - INFO - Wazuh API: localhost:9200
2026-07-07 16:31:07,410 - __main__ - INFO - Model: D:\EDR-Project\dashboard\models_data\ecod.pkl
2026-07-07 16:31:07,414 - werkzeug - WARNING -  * Debugger is active!
2026-07-07 16:31:07,418 - werkzeug - INFO -  * Debugger PIN: 243-289-687
2026-07-07 16:36:27,674 - werkzeug - INFO -  * Detected change in 'D:\\EDR-Project\\dashboard\\app\\services\\wazuh_api.py', reloading
2026-07-07 16:36:28,023 - werkzeug - INFO -  * Restarting with stat
2026-07-07 16:46:11,828 - __main__ - INFO - Starting EDR Dashboard on 0.0.0.0:5000
2026-07-07 16:46:11,828 - __main__ - INFO - Wazuh API: localhost:55000
2026-07-07 16:46:11,828 - __main__ - INFO - Model: D:\EDR-Project\dashboard\models_data\ecod.pkl
2026-07-07 16:46:11,832 - werkzeug - INFO -  * Restarting with stat
2026-07-07 16:46:15,336 - __main__ - INFO - Starting EDR Dashboard on 0.0.0.0:5000
2026-07-07 16:46:15,337 - __main__ - INFO - Wazuh API: localhost:55000
2026-07-07 16:46:15,337 - __main__ - INFO - Model: D:\EDR-Project\dashboard\models_data\ecod.pkl
2026-07-07 16:46:15,340 - werkzeug - WARNING -  * Debugger is active!
2026-07-07 16:46:15,344 - werkzeug - INFO -  * Debugger PIN: 243-289-687
2026-07-07 16:46:18,631 - app.main - INFO - Client connected
2026-07-07 16:47:19,111 - app.main - INFO - Client connected
2026-07-07 16:47:19,988 - app.main - INFO - Client connected
2026-07-07 16:47:20,172 - app.main - INFO - Client connected
2026-07-07 16:47:20,361 - app.main - INFO - Client connected
2026-07-07 16:47:20,515 - app.main - INFO - Client connected
2026-07-07 16:47:20,692 - app.main - INFO - Client connected
2026-07-07 16:47:20,887 - app.main - INFO - Client connected
2026-07-07 16:49:00,490 - werkzeug - INFO -  * Detected change in 'D:\\EDR-Project\\dashboard\\app\\services\\wazuh_api.py', reloading
2026-07-07 16:49:00,796 - werkzeug - INFO -  * Restarting with stat
2026-07-07 16:49:04,344 - __main__ - INFO - Starting EDR Dashboard on 0.0.0.0:5000
2026-07-07 16:49:04,345 - __main__ - INFO - Wazuh API: localhost:55000
2026-07-07 16:49:04,345 - __main__ - INFO - Model: D:\EDR-Project\dashboard\models_data\ecod.pkl
2026-07-07 16:49:04,347 - werkzeug - WARNING -  * Debugger is active!
2026-07-07 16:49:04,351 - werkzeug - INFO -  * Debugger PIN: 243-289-687
2026-07-07 16:49:04,673 - app.main - INFO - Client connected
2026-07-07 16:49:16,461 - app.main - INFO - Client connected
2026-07-07 16:54:55,410 - werkzeug - INFO -  * Detected change in 'D:\\EDR-Project\\dashboard\\app\\services\\wazuh_api.py', reloading
2026-07-07 16:54:55,729 - werkzeug - INFO -  * Restarting with stat
2026-07-07 16:54:59,344 - __main__ - INFO - Starting EDR Dashboard on 0.0.0.0:5000
2026-07-07 16:54:59,345 - __main__ - INFO - Wazuh API: localhost:55000
2026-07-07 16:54:59,345 - __main__ - INFO - Model: D:\EDR-Project\dashboard\models_data\ecod.pkl
2026-07-07 16:54:59,348 - werkzeug - WARNING -  * Debugger is active!
2026-07-07 16:54:59,353 - werkzeug - INFO -  * Debugger PIN: 243-289-687
2026-07-07 16:54:59,647 - app.main - INFO - Client connected
2026-07-07 16:55:13,608 - app.main - INFO - Client connected
2026-07-07 16:55:49,856 - app.main - INFO - Client connected
2026-07-07 16:55:50,774 - app.main - INFO - Client connected
2026-07-07 16:56:28,676 - __main__ - INFO - Starting EDR Dashboard on 0.0.0.0:5000
2026-07-07 16:56:28,676 - __main__ - INFO - Wazuh API: localhost:55000
2026-07-07 16:56:28,676 - __main__ - INFO - Model: D:\EDR-Project\dashboard\models_data\ecod.pkl
2026-07-07 16:56:28,680 - werkzeug - INFO -  * Restarting with stat
2026-07-07 16:56:31,937 - __main__ - INFO - Starting EDR Dashboard on 0.0.0.0:5000
2026-07-07 16:56:31,937 - __main__ - INFO - Wazuh API: localhost:55000
2026-07-07 16:56:31,938 - __main__ - INFO - Model: D:\EDR-Project\dashboard\models_data\ecod.pkl
2026-07-07 16:56:31,941 - werkzeug - WARNING -  * Debugger is active!
2026-07-07 16:56:31,945 - werkzeug - INFO -  * Debugger PIN: 243-289-687
2026-07-07 16:56:37,650 - app.main - INFO - Client connected
2026-07-07 16:57:27,305 - app.main - INFO - Client connected
2026-07-07 16:58:17,519 - werkzeug - INFO -  * Detected change in 'D:\\EDR-Project\\dashboard\\app\\services\\wazuh_api.py', reloading
2026-07-07 16:58:17,822 - werkzeug - INFO -  * Restarting with stat
2026-07-07 17:01:55,928 - __main__ - INFO - Starting EDR Dashboard on 0.0.0.0:5000
2026-07-07 17:01:55,928 - __main__ - INFO - Wazuh API: localhost:55000
2026-07-07 17:01:55,928 - __main__ - INFO - Model: D:\EDR-Project\dashboard\models_data\ecod.pkl
2026-07-07 17:01:55,931 - werkzeug - INFO -  * Restarting with stat
2026-07-07 17:01:59,347 - __main__ - INFO - Starting EDR Dashboard on 0.0.0.0:5000
2026-07-07 17:01:59,347 - __main__ - INFO - Wazuh API: localhost:55000
2026-07-07 17:01:59,347 - __main__ - INFO - Model: D:\EDR-Project\dashboard\models_data\ecod.pkl
2026-07-07 17:01:59,350 - werkzeug - WARNING -  * Debugger is active!
2026-07-07 17:01:59,354 - werkzeug - INFO -  * Debugger PIN: 243-289-687
2026-07-07 17:01:59,712 - app.services.wazuh_api - INFO - Fetched 325 alerts from Indexer
2026-07-07 17:01:59,938 - app.services.wazuh_api - INFO - Connected to Wazuh API
2026-07-07 17:02:00,024 - app.services.wazuh_api - INFO - Found 2 agents
2026-07-07 17:02:01,337 - app.main - INFO - Client connected
2026-07-07 17:02:01,388 - app.services.wazuh_api - INFO - Fetched 20 alerts from Indexer
2026-07-07 17:02:01,432 - app.services.wazuh_api - INFO - Fetched 20 alerts from Indexer
2026-07-07 17:02:01,477 - app.services.wazuh_api - INFO - Fetched 20 alerts from Indexer
2026-07-07 17:02:01,522 - app.services.wazuh_api - INFO - Fetched 20 alerts from Indexer
2026-07-07 17:02:01,568 - app.services.wazuh_api - INFO - Fetched 20 alerts from Indexer
2026-07-07 17:02:01,615 - app.services.wazuh_api - INFO - Fetched 20 alerts from Indexer
2026-07-07 17:02:01,710 - app.services.wazuh_api - INFO - Fetched 20 alerts from Indexer
2026-07-07 17:02:01,787 - app.services.wazuh_api - INFO - Fetched 20 alerts from Indexer
2026-07-07 17:02:07,418 - app.services.wazuh_api - INFO - Fetched 325 alerts from Indexer
2026-07-07 17:02:07,474 - app.services.wazuh_api - INFO - Found 2 agents
2026-07-07 17:02:07,479 - app.main - INFO - Client connected
2026-07-07 17:02:07,523 - app.services.wazuh_api - INFO - Fetched 20 alerts from Indexer
2026-07-07 17:02:38,365 - app.services.wazuh_api - INFO - Fetched 20 alerts from Indexer
2026-07-07 17:02:38,420 - app.services.wazuh_api - INFO - Fetched 325 alerts from Indexer
2026-07-07 17:02:38,459 - app.services.wazuh_api - INFO - Found 2 agents
2026-07-11 14:16:44,779 - __main__ - INFO - Starting EDR Dashboard on 0.0.0.0:5000
2026-07-11 14:16:44,780 - __main__ - INFO - Wazuh API: localhost:55000
2026-07-11 14:16:44,780 - __main__ - INFO - Model: D:\EDR-Project\dashboard\models_data\ecod.pkl
2026-07-11 14:16:44,786 - werkzeug - INFO -  * Restarting with stat
2026-07-11 14:16:48,432 - __main__ - INFO - Starting EDR Dashboard on 0.0.0.0:5000
2026-07-11 14:16:48,432 - __main__ - INFO - Wazuh API: localhost:55000
2026-07-11 14:16:48,433 - __main__ - INFO - Model: D:\EDR-Project\dashboard\models_data\ecod.pkl
2026-07-11 14:16:48,437 - werkzeug - WARNING -  * Debugger is active!
2026-07-11 14:16:48,440 - werkzeug - INFO -  * Debugger PIN: 243-289-687
2026-07-11 14:17:38,728 - app.services.wazuh_api - ERROR - Error: HTTPSConnectionPool(host='localhost', port=9200): Max retries exceeded with url: /wazuh-alerts/_search?size=1000 (Caused by NewConnectionError('<urllib3.connection.HTTPSConnection object at 0x000002230B772C20>: Failed to establish a new connection: [WinError 10061] No connection could be made because the target machine actively refused it'))
2026-07-11 14:17:42,829 - app.services.wazuh_api - ERROR - Authentication error: HTTPSConnectionPool(host='localhost', port=55000): Max retries exceeded with url: /security/user/authenticate?raw=true (Caused by NewConnectionError('<urllib3.connection.HTTPSConnection object at 0x000002230B8344C0>: Failed to establish a new connection: [WinError 10061] No connection could be made because the target machine actively refused it'))
2026-07-11 14:17:42,832 - app.main - INFO - Client connected
2026-07-11 14:17:46,936 - app.services.wazuh_api - ERROR - Error: HTTPSConnectionPool(host='localhost', port=9200): Max retries exceeded with url: /wazuh-alerts/_search?size=20 (Caused by NewConnectionError('<urllib3.connection.HTTPSConnection object at 0x000002230B834A00>: Failed to establish a new connection: [WinError 10061] No connection could be made because the target machine actively refused it'))
2026-07-11 14:18:08,922 - app.services.wazuh_api - ERROR - Error: HTTPSConnectionPool(host='localhost', port=9200): Max retries exceeded with url: /wazuh-alerts/_search?size=20 (Caused by NewConnectionError('<urllib3.connection.HTTPSConnection object at 0x000002230B836BF0>: Failed to establish a new connection: [WinError 10061] No connection could be made because the target machine actively refused it'))
2026-07-11 14:18:13,022 - app.services.wazuh_api - ERROR - Error: HTTPSConnectionPool(host='localhost', port=9200): Max retries exceeded with url: /wazuh-alerts/_search?size=1000 (Caused by NewConnectionError('<urllib3.connection.HTTPSConnection object at 0x000002230B8379D0>: Failed to establish a new connection: [WinError 10061] No connection could be made because the target machine actively refused it'))
2026-07-11 14:18:17,078 - app.services.wazuh_api - ERROR - Authentication error: HTTPSConnectionPool(host='localhost', port=55000): Max retries exceeded with url: /security/user/authenticate?raw=true (Caused by NewConnectionError('<urllib3.connection.HTTPSConnection object at 0x000002230B836BC0>: Failed to establish a new connection: [WinError 10061] No connection could be made because the target machine actively refused it'))
2026-07-11 14:18:38,884 - app.services.wazuh_api - ERROR - Error: HTTPSConnectionPool(host='localhost', port=9200): Max retries exceeded with url: /wazuh-alerts/_search?size=20 (Caused by NewConnectionError('<urllib3.connection.HTTPSConnection object at 0x000002230B835930>: Failed to establish a new connection: [WinError 10061] No connection could be made because the target machine actively refused it'))
2026-07-11 14:18:43,048 - app.services.wazuh_api - ERROR - Error: HTTPSConnectionPool(host='localhost', port=9200): Max retries exceeded with url: /wazuh-alerts/_search?size=1000 (Caused by NewConnectionError('<urllib3.connection.HTTPSConnection object at 0x000002230B880880>: Failed to establish a new connection: [WinError 10061] No connection could be made because the target machine actively refused it'))
2026-07-11 14:18:47,561 - app.services.wazuh_api - ERROR - Authentication error: HTTPSConnectionPool(host='localhost', port=55000): Max retries exceeded with url: /security/user/authenticate?raw=true (Caused by NewConnectionError('<urllib3.connection.HTTPSConnection object at 0x000002230B881150>: Failed to establish a new connection: [WinError 10061] No connection could be made because the target machine actively refused it'))
2026-07-11 14:19:05,272 - app.services.wazuh_api - INFO - Fetched 20 alerts from Indexer
2026-07-11 14:19:05,416 - app.services.wazuh_api - INFO - Fetched 325 alerts from Indexer
2026-07-11 14:19:09,467 - app.services.wazuh_api - ERROR - Authentication error: HTTPSConnectionPool(host='localhost', port=55000): Max retries exceeded with url: /security/user/authenticate?raw=true (Caused by NewConnectionError('<urllib3.connection.HTTPSConnection object at 0x000002230B836650>: Failed to establish a new connection: [WinError 10061] No connection could be made because the target machine actively refused it'))
2026-07-11 14:19:34,695 - app.services.wazuh_api - INFO - Fetched 20 alerts from Indexer
2026-07-11 14:19:34,808 - app.services.wazuh_api - INFO - Fetched 325 alerts from Indexer
2026-07-11 14:19:38,858 - app.services.wazuh_api - ERROR - Authentication error: HTTPSConnectionPool(host='localhost', port=55000): Max retries exceeded with url: /security/user/authenticate?raw=true (Caused by NewConnectionError('<urllib3.connection.HTTPSConnection object at 0x000002230B8350C0>: Failed to establish a new connection: [WinError 10061] No connection could be made because the target machine actively refused it'))
2026-07-11 14:20:04,883 - app.services.wazuh_api - INFO - Fetched 20 alerts from Indexer
2026-07-11 14:20:04,999 - app.services.wazuh_api - INFO - Fetched 325 alerts from Indexer
2026-07-11 14:20:09,046 - app.services.wazuh_api - ERROR - Authentication error: HTTPSConnectionPool(host='localhost', port=55000): Max retries exceeded with url: /security/user/authenticate?raw=true (Caused by NewConnectionError('<urllib3.connection.HTTPSConnection object at 0x000002230B836BC0>: Failed to establish a new connection: [WinError 10061] No connection could be made because the target machine actively refused it'))
2026-07-11 14:20:17,439 - app.services.wazuh_api - ERROR - Failed: 400
2026-07-11 14:20:21,510 - app.services.wazuh_api - ERROR - Authentication error: HTTPSConnectionPool(host='localhost', port=55000): Max retries exceeded with url: /security/user/authenticate?raw=true (Caused by NewConnectionError('<urllib3.connection.HTTPSConnection object at 0x000002230B835B10>: Failed to establish a new connection: [WinError 10061] No connection could be made because the target machine actively refused it'))
2026-07-11 14:20:21,513 - app.main - INFO - Client connected
2026-07-11 14:20:21,557 - app.services.wazuh_api - ERROR - Failed: 400
2026-07-11 14:20:47,881 - app.services.wazuh_api - ERROR - Failed: 400
2026-07-11 14:20:47,929 - app.services.wazuh_api - ERROR - Failed: 400
2026-07-11 14:20:52,003 - app.services.wazuh_api - ERROR - Authentication error: HTTPSConnectionPool(host='localhost', port=55000): Max retries exceeded with url: /security/user/authenticate?raw=true (Caused by NewConnectionError('<urllib3.connection.HTTPSConnection object at 0x000002230B836170>: Failed to establish a new connection: [WinError 10061] No connection could be made because the target machine actively refused it'))
2026-07-11 14:21:17,881 - app.services.wazuh_api - ERROR - Failed: 400
2026-07-11 14:21:17,925 - app.services.wazuh_api - ERROR - Failed: 400
2026-07-11 14:21:22,023 - app.services.wazuh_api - ERROR - Authentication error: HTTPSConnectionPool(host='localhost', port=55000): Max retries exceeded with url: /security/user/authenticate?raw=true (Caused by NewConnectionError('<urllib3.connection.HTTPSConnection object at 0x000002230B835270>: Failed to establish a new connection: [WinError 10061] No connection could be made because the target machine actively refused it'))
2026-07-11 14:21:24,310 - app.services.wazuh_api - ERROR - Failed: 400
2026-07-11 14:21:28,404 - app.services.wazuh_api - ERROR - Authentication error: HTTPSConnectionPool(host='localhost', port=55000): Max retries exceeded with url: /security/user/authenticate?raw=true (Caused by NewConnectionError('<urllib3.connection.HTTPSConnection object at 0x000002230B8352D0>: Failed to establish a new connection: [WinError 10061] No connection could be made because the target machine actively refused it'))
2026-07-11 14:21:28,406 - app.main - INFO - Client connected
2026-07-11 14:21:47,889 - app.services.wazuh_api - ERROR - Failed: 400
2026-07-11 14:21:47,943 - app.services.wazuh_api - ERROR - Failed: 400
2026-07-11 14:21:52,015 - app.services.wazuh_api - ERROR - Authentication error: HTTPSConnectionPool(host='localhost', port=55000): Max retries exceeded with url: /security/user/authenticate?raw=true (Caused by NewConnectionError('<urllib3.connection.HTTPSConnection object at 0x000002230B8367A0>: Failed to establish a new connection: [WinError 10061] No connection could be made because the target machine actively refused it'))
2026-07-11 14:22:17,884 - app.services.wazuh_api - ERROR - Failed: 400
2026-07-11 14:22:17,930 - app.services.wazuh_api - ERROR - Failed: 400
2026-07-11 14:22:22,012 - app.services.wazuh_api - ERROR - Authentication error: HTTPSConnectionPool(host='localhost', port=55000): Max retries exceeded with url: /security/user/authenticate?raw=true (Caused by NewConnectionError('<urllib3.connection.HTTPSConnection object at 0x000002230B8809D0>: Failed to establish a new connection: [WinError 10061] No connection could be made because the target machine actively refused it'))
2026-07-11 14:22:47,872 - app.services.wazuh_api - ERROR - Failed: 400
2026-07-11 14:22:47,919 - app.services.wazuh_api - ERROR - Failed: 400
2026-07-11 14:22:52,027 - app.services.wazuh_api - ERROR - Authentication error: HTTPSConnectionPool(host='localhost', port=55000): Max retries exceeded with url: /security/user/authenticate?raw=true (Caused by NewConnectionError('<urllib3.connection.HTTPSConnection object at 0x000002230B834DF0>: Failed to establish a new connection: [WinError 10061] No connection could be made because the target machine actively refused it'))
2026-07-11 14:23:17,875 - app.services.wazuh_api - ERROR - Failed: 400
2026-07-11 14:23:17,907 - app.services.wazuh_api - ERROR - Failed: 400
2026-07-11 14:23:22,013 - app.services.wazuh_api - ERROR - Authentication error: HTTPSConnectionPool(host='localhost', port=55000): Max retries exceeded with url: /security/user/authenticate?raw=true (Caused by NewConnectionError('<urllib3.connection.HTTPSConnection object at 0x000002230B8344C0>: Failed to establish a new connection: [WinError 10061] No connection could be made because the target machine actively refused it'))
2026-07-11 14:23:47,876 - app.services.wazuh_api - ERROR - Failed: 400
2026-07-11 14:23:47,922 - app.services.wazuh_api - ERROR - Failed: 400
2026-07-11 14:23:52,010 - app.services.wazuh_api - ERROR - Authentication error: HTTPSConnectionPool(host='localhost', port=55000): Max retries exceeded with url: /security/user/authenticate?raw=true (Caused by NewConnectionError('<urllib3.connection.HTTPSConnection object at 0x000002230B881540>: Failed to establish a new connection: [WinError 10061] No connection could be made because the target machine actively refused it'))
2026-07-11 14:24:17,884 - app.services.wazuh_api - ERROR - Failed: 400
2026-07-11 14:24:17,931 - app.services.wazuh_api - ERROR - Failed: 400
2026-07-11 14:24:22,022 - app.services.wazuh_api - ERROR - Authentication error: HTTPSConnectionPool(host='localhost', port=55000): Max retries exceeded with url: /security/user/authenticate?raw=true (Caused by NewConnectionError('<urllib3.connection.HTTPSConnection object at 0x000002230B835BA0>: Failed to establish a new connection: [WinError 10061] No connection could be made because the target machine actively refused it'))
2026-07-11 14:24:47,875 - app.services.wazuh_api - ERROR - Failed: 400
2026-07-11 14:24:47,919 - app.services.wazuh_api - ERROR - Failed: 400
2026-07-11 14:24:52,007 - app.services.wazuh_api - ERROR - Authentication error: HTTPSConnectionPool(host='localhost', port=55000): Max retries exceeded with url: /security/user/authenticate?raw=true (Caused by NewConnectionError('<urllib3.connection.HTTPSConnection object at 0x000002230B837610>: Failed to establish a new connection: [WinError 10061] No connection could be made because the target machine actively refused it'))
2026-07-11 14:25:17,872 - app.services.wazuh_api - ERROR - Failed: 400
2026-07-11 14:25:17,918 - app.services.wazuh_api - ERROR - Failed: 400
2026-07-11 14:25:21,990 - app.services.wazuh_api - ERROR - Authentication error: HTTPSConnectionPool(host='localhost', port=55000): Max retries exceeded with url: /security/user/authenticate?raw=true (Caused by NewConnectionError('<urllib3.connection.HTTPSConnection object at 0x000002230B835600>: Failed to establish a new connection: [WinError 10061] No connection could be made because the target machine actively refused it'))
2026-07-11 14:25:47,884 - app.services.wazuh_api - ERROR - Failed: 400
2026-07-11 14:25:47,930 - app.services.wazuh_api - ERROR - Failed: 400
2026-07-11 14:25:52,032 - app.services.wazuh_api - ERROR - Authentication error: HTTPSConnectionPool(host='localhost', port=55000): Max retries exceeded with url: /security/user/authenticate?raw=true (Caused by NewConnectionError('<urllib3.connection.HTTPSConnection object at 0x000002230B835D20>: Failed to establish a new connection: [WinError 10061] No connection could be made because the target machine actively refused it'))
2026-07-11 14:26:20,824 - app.services.wazuh_api - ERROR - Failed: 400
2026-07-11 14:26:24,954 - app.services.wazuh_api - ERROR - Authentication error: HTTPSConnectionPool(host='localhost', port=55000): Max retries exceeded with url: /security/user/authenticate?raw=true (Caused by NewConnectionError('<urllib3.connection.HTTPSConnection object at 0x000002230B880490>: Failed to establish a new connection: [WinError 10061] No connection could be made because the target machine actively refused it'))
2026-07-11 14:26:24,994 - app.services.wazuh_api - ERROR - Failed: 400
2026-07-11 14:26:25,047 - app.services.wazuh_api - ERROR - Failed: 400
2026-07-11 14:26:29,141 - app.services.wazuh_api - ERROR - Authentication error: HTTPSConnectionPool(host='localhost', port=55000): Max retries exceeded with url: /security/user/authenticate?raw=true (Caused by NewConnectionError('<urllib3.connection.HTTPSConnection object at 0x000002230B8366B0>: Failed to establish a new connection: [WinError 10061] No connection could be made because the target machine actively refused it'))
2026-07-11 14:26:29,144 - app.main - INFO - Client connected
2026-07-11 14:26:29,186 - app.services.wazuh_api - ERROR - Failed: 400
2026-07-11 14:26:55,874 - app.services.wazuh_api - ERROR - Failed: 400
2026-07-11 14:26:55,919 - app.services.wazuh_api - ERROR - Failed: 400
2026-07-11 14:26:59,985 - app.services.wazuh_api - ERROR - Authentication error: HTTPSConnectionPool(host='localhost', port=55000): Max retries exceeded with url: /security/user/authenticate?raw=true (Caused by NewConnectionError('<urllib3.connection.HTTPSConnection object at 0x000002230B8374F0>: Failed to establish a new connection: [WinError 10061] No connection could be made because the target machine actively refused it'))
2026-07-11 14:27:25,884 - app.services.wazuh_api - ERROR - Failed: 400
2026-07-11 14:27:25,928 - app.services.wazuh_api - ERROR - Failed: 400
2026-07-11 14:27:29,987 - app.services.wazuh_api - ERROR - Authentication error: HTTPSConnectionPool(host='localhost', port=55000): Max retries exceeded with url: /security/user/authenticate?raw=true (Caused by NewConnectionError('<urllib3.connection.HTTPSConnection object at 0x000002230B880490>: Failed to establish a new connection: [WinError 10061] No connection could be made because the target machine actively refused it'))
2026-07-11 14:27:55,881 - app.services.wazuh_api - ERROR - Failed: 400
2026-07-11 14:27:55,924 - app.services.wazuh_api - ERROR - Failed: 400
2026-07-11 14:28:00,017 - app.services.wazuh_api - ERROR - Authentication error: HTTPSConnectionPool(host='localhost', port=55000): Max retries exceeded with url: /security/user/authenticate?raw=true (Caused by NewConnectionError('<urllib3.connection.HTTPSConnection object at 0x000002230B8342B0>: Failed to establish a new connection: [WinError 10061] No connection could be made because the target machine actively refused it'))
2026-07-11 14:28:25,881 - app.services.wazuh_api - ERROR - Failed: 400
2026-07-11 14:28:25,927 - app.services.wazuh_api - ERROR - Failed: 400
2026-07-11 14:28:30,010 - app.services.wazuh_api - ERROR - Authentication error: HTTPSConnectionPool(host='localhost', port=55000): Max retries exceeded with url: /security/user/authenticate?raw=true (Caused by NewConnectionError('<urllib3.connection.HTTPSConnection object at 0x000002230B8805B0>: Failed to establish a new connection: [WinError 10061] No connection could be made because the target machine actively refused it'))
2026-07-11 14:28:30,114 - app.services.wazuh_api - ERROR - Failed: 400
2026-07-11 14:28:34,209 - app.services.wazuh_api - ERROR - Authentication error: HTTPSConnectionPool(host='localhost', port=55000): Max retries exceeded with url: /security/user/authenticate?raw=true (Caused by NewConnectionError('<urllib3.connection.HTTPSConnection object at 0x000002230B881630>: Failed to establish a new connection: [WinError 10061] No connection could be made because the target machine actively refused it'))
2026-07-11 14:28:34,212 - app.main - INFO - Client connected
2026-07-11 14:28:34,246 - app.services.wazuh_api - ERROR - Failed: 400
2026-07-11 14:29:00,881 - app.services.wazuh_api - ERROR - Failed: 400
2026-07-11 14:29:00,926 - app.services.wazuh_api - ERROR - Failed: 400
2026-07-11 14:29:05,020 - app.services.wazuh_api - ERROR - Authentication error: HTTPSConnectionPool(host='localhost', port=55000): Max retries exceeded with url: /security/user/authenticate?raw=true (Caused by NewConnectionError('<urllib3.connection.HTTPSConnection object at 0x000002230B8376A0>: Failed to establish a new connection: [WinError 10061] No connection could be made because the target machine actively refused it'))
2026-07-11 14:30:28,284 - __main__ - INFO - Starting EDR Dashboard on 0.0.0.0:5000
2026-07-11 14:30:28,284 - __main__ - INFO - Wazuh API: localhost:55000
2026-07-11 14:30:28,285 - __main__ - INFO - Model: D:\EDR-Project\dashboard\models_data\ecod.pkl
2026-07-11 14:30:28,288 - werkzeug - INFO -  * Restarting with stat
2026-07-11 14:30:31,842 - __main__ - INFO - Starting EDR Dashboard on 0.0.0.0:5000
2026-07-11 14:30:31,842 - __main__ - INFO - Wazuh API: localhost:55000
2026-07-11 14:30:31,843 - __main__ - INFO - Model: D:\EDR-Project\dashboard\models_data\ecod.pkl
2026-07-11 14:30:31,847 - werkzeug - WARNING -  * Debugger is active!
2026-07-11 14:30:31,851 - werkzeug - INFO -  * Debugger PIN: 243-289-687
2026-07-11 14:30:32,196 - app.services.wazuh_api - ERROR - Failed: 400
2026-07-11 14:30:32,403 - app.services.wazuh_api - INFO - Connected to Wazuh API
2026-07-11 14:30:32,476 - app.services.wazuh_api - INFO - Found 2 agents
2026-07-11 14:30:32,481 - app.main - INFO - Client connected
2026-07-11 14:30:32,515 - app.services.wazuh_api - ERROR - Failed: 400
2026-07-11 14:30:32,557 - app.services.wazuh_api - ERROR - Failed: 400
2026-07-11 14:30:32,603 - app.services.wazuh_api - ERROR - Failed: 400
2026-07-11 14:30:58,773 - app.services.wazuh_api - ERROR - Failed: 400
2026-07-11 14:30:58,814 - app.services.wazuh_api - INFO - Found 2 agents
2026-07-11 14:30:58,817 - app.main - INFO - Client connected
2026-07-11 14:30:58,866 - app.services.wazuh_api - ERROR - Failed: 400
2026-07-11 14:31:28,859 - app.services.wazuh_api - ERROR - Failed: 400
2026-07-11 14:31:28,898 - app.services.wazuh_api - ERROR - Failed: 400
2026-07-11 14:31:28,957 - app.services.wazuh_api - INFO - Found 2 agents
2026-07-11 14:31:58,871 - app.services.wazuh_api - ERROR - Failed: 400
2026-07-11 14:31:58,919 - app.services.wazuh_api - ERROR - Failed: 400
2026-07-11 14:31:58,979 - app.services.wazuh_api - INFO - Found 2 agents
2026-07-11 14:32:28,885 - app.services.wazuh_api - ERROR - Failed: 400
2026-07-11 14:32:28,939 - app.services.wazuh_api - ERROR - Failed: 400
2026-07-11 14:32:29,016 - app.services.wazuh_api - INFO - Found 2 agents
2026-07-11 14:32:58,876 - app.services.wazuh_api - ERROR - Failed: 400
2026-07-11 14:32:58,923 - app.services.wazuh_api - ERROR - Failed: 400
2026-07-11 14:32:58,981 - app.services.wazuh_api - INFO - Found 2 agents
2026-07-11 14:33:28,880 - app.services.wazuh_api - ERROR - Failed: 400
2026-07-11 14:33:28,923 - app.services.wazuh_api - ERROR - Failed: 400
2026-07-11 14:33:28,986 - app.services.wazuh_api - INFO - Found 2 agents
2026-07-11 14:33:58,872 - app.services.wazuh_api - ERROR - Failed: 400
2026-07-11 14:33:58,915 - app.services.wazuh_api - ERROR - Failed: 400
2026-07-11 14:33:58,979 - app.services.wazuh_api - INFO - Found 2 agents
2026-07-11 14:34:28,874 - app.services.wazuh_api - ERROR - Failed: 400
2026-07-11 14:34:28,914 - app.services.wazuh_api - ERROR - Failed: 400
2026-07-11 14:34:28,971 - app.services.wazuh_api - INFO - Found 2 agents
2026-07-11 14:35:15,885 - app.services.wazuh_api - ERROR - Failed: 400
2026-07-11 14:35:15,931 - app.services.wazuh_api - ERROR - Failed: 400
2026-07-11 14:35:15,989 - app.services.wazuh_api - INFO - Found 2 agents
2026-07-11 14:36:15,889 - app.services.wazuh_api - ERROR - Failed: 400
2026-07-11 14:36:16,206 - app.services.wazuh_api - ERROR - Failed: 400
2026-07-11 14:36:16,248 - app.services.wazuh_api - INFO - Found 2 agents
2026-07-11 14:37:15,878 - app.services.wazuh_api - ERROR - Failed: 400
2026-07-11 14:37:15,908 - app.services.wazuh_api - ERROR - Failed: 400
2026-07-11 14:37:15,978 - app.services.wazuh_api - INFO - Found 2 agents
2026-07-11 14:38:15,874 - app.services.wazuh_api - ERROR - Failed: 400
2026-07-11 14:38:15,920 - app.services.wazuh_api - ERROR - Failed: 400
2026-07-11 14:38:15,980 - app.services.wazuh_api - INFO - Found 2 agents
2026-07-11 14:39:15,869 - app.services.wazuh_api - ERROR - Failed: 400
2026-07-11 14:39:15,910 - app.services.wazuh_api - ERROR - Failed: 400
2026-07-11 14:39:15,969 - app.services.wazuh_api - INFO - Found 2 agents
2026-07-11 14:40:15,876 - app.services.wazuh_api - ERROR - Failed: 400
2026-07-11 14:40:15,922 - app.services.wazuh_api - ERROR - Failed: 400
2026-07-11 14:40:15,969 - app.services.wazuh_api - INFO - Found 2 agents
2026-07-11 14:41:15,883 - app.services.wazuh_api - ERROR - Failed: 400
2026-07-11 14:41:15,926 - app.services.wazuh_api - ERROR - Failed: 400
2026-07-11 14:41:15,986 - app.services.wazuh_api - INFO - Found 2 agents
2026-07-11 14:42:12,669 - app.services.wazuh_api - ERROR - Failed: 400
2026-07-11 14:42:12,712 - app.services.wazuh_api - INFO - Found 2 agents
2026-07-11 14:42:12,768 - app.services.wazuh_api - ERROR - Failed: 400
2026-07-11 14:42:28,859 - app.services.wazuh_api - ERROR - Failed: 400
2026-07-11 14:42:28,891 - app.services.wazuh_api - ERROR - Failed: 400
2026-07-11 14:42:28,950 - app.services.wazuh_api - INFO - Found 2 agents
2026-07-11 14:42:47,142 - app.services.wazuh_api - ERROR - Failed: 400
2026-07-11 14:42:47,207 - app.services.wazuh_api - INFO - Found 2 agents
2026-07-11 14:42:47,211 - app.main - INFO - Client connected
2026-07-11 14:42:47,248 - app.services.wazuh_api - ERROR - Failed: 400
2026-07-11 14:43:17,884 - app.services.wazuh_api - ERROR - Failed: 400
2026-07-11 14:43:17,932 - app.services.wazuh_api - ERROR - Failed: 400
2026-07-11 14:43:17,989 - app.services.wazuh_api - INFO - Found 2 agents
2026-07-11 14:43:47,871 - app.services.wazuh_api - ERROR - Failed: 400
2026-07-11 14:43:47,904 - app.services.wazuh_api - ERROR - Failed: 400
2026-07-11 14:43:47,959 - app.services.wazuh_api - INFO - Found 2 agents
2026-07-11 14:44:17,881 - app.services.wazuh_api - ERROR - Failed: 400
2026-07-11 14:44:17,926 - app.services.wazuh_api - ERROR - Failed: 400
2026-07-11 14:44:17,985 - app.services.wazuh_api - INFO - Found 2 agents
2026-07-11 14:44:47,866 - app.services.wazuh_api - ERROR - Failed: 400
2026-07-11 14:44:47,899 - app.services.wazuh_api - ERROR - Failed: 400
2026-07-11 14:44:47,943 - app.services.wazuh_api - INFO - Found 2 agents
2026-07-11 14:45:17,880 - app.services.wazuh_api - ERROR - Failed: 400
2026-07-11 14:45:17,925 - app.services.wazuh_api - ERROR - Failed: 400
2026-07-11 14:45:17,963 - app.services.wazuh_api - INFO - Found 2 agents
2026-07-11 14:45:47,879 - app.services.wazuh_api - ERROR - Failed: 400
2026-07-11 14:45:47,922 - app.services.wazuh_api - ERROR - Failed: 400
2026-07-11 14:45:47,979 - app.services.wazuh_api - ERROR - Failed: 401
2026-07-11 14:46:17,869 - app.services.wazuh_api - ERROR - Failed: 400
2026-07-11 14:46:17,907 - app.services.wazuh_api - ERROR - Failed: 400
2026-07-11 14:46:17,961 - app.services.wazuh_api - ERROR - Failed: 401
2026-07-11 14:47:15,869 - app.services.wazuh_api - ERROR - Failed: 400
2026-07-11 14:47:15,921 - app.services.wazuh_api - ERROR - Failed: 400
2026-07-11 14:47:15,968 - app.services.wazuh_api - ERROR - Failed: 401
2026-07-11 14:47:47,880 - app.services.wazuh_api - ERROR - Failed: 400
2026-07-11 14:47:47,926 - app.services.wazuh_api - ERROR - Failed: 400
2026-07-11 14:47:47,971 - app.services.wazuh_api - ERROR - Failed: 401
2026-07-11 14:48:17,875 - app.services.wazuh_api - ERROR - Failed: 400
2026-07-11 14:48:17,919 - app.services.wazuh_api - ERROR - Failed: 400
2026-07-11 14:48:17,966 - app.services.wazuh_api - ERROR - Failed: 401
2026-07-11 14:48:49,719 - app.services.wazuh_api - ERROR - Failed: 400
2026-07-11 14:48:49,749 - app.services.wazuh_api - ERROR - Failed: 401
2026-07-11 14:48:49,777 - app.services.wazuh_api - ERROR - Failed: 400
2026-07-11 14:49:17,862 - app.services.wazuh_api - ERROR - Failed: 400
2026-07-11 14:49:17,905 - app.services.wazuh_api - ERROR - Failed: 400
2026-07-11 14:49:17,949 - app.services.wazuh_api - ERROR - Failed: 401
2026-07-11 14:49:47,876 - app.services.wazuh_api - ERROR - Failed: 400
2026-07-11 14:49:47,923 - app.services.wazuh_api - ERROR - Failed: 400
2026-07-11 14:49:47,970 - app.services.wazuh_api - ERROR - Failed: 401
2026-07-11 14:50:17,883 - app.services.wazuh_api - ERROR - Failed: 400
2026-07-11 14:50:17,926 - app.services.wazuh_api - ERROR - Failed: 400
2026-07-11 14:50:17,973 - app.services.wazuh_api - ERROR - Failed: 401
2026-07-11 14:50:47,861 - app.services.wazuh_api - ERROR - Failed: 400
2026-07-11 14:50:47,901 - app.services.wazuh_api - ERROR - Failed: 400
2026-07-11 14:50:47,934 - app.services.wazuh_api - ERROR - Failed: 401
2026-07-11 14:51:17,872 - app.services.wazuh_api - ERROR - Failed: 400
2026-07-11 14:51:17,917 - app.services.wazuh_api - ERROR - Failed: 400
2026-07-11 14:51:17,966 - app.services.wazuh_api - ERROR - Failed: 401
2026-07-11 14:51:47,870 - app.services.wazuh_api - ERROR - Failed: 400
2026-07-11 14:51:47,913 - app.services.wazuh_api - ERROR - Failed: 400
2026-07-11 14:51:47,940 - app.services.wazuh_api - ERROR - Failed: 401
2026-07-11 14:52:17,860 - app.services.wazuh_api - ERROR - Failed: 400
2026-07-11 14:52:17,904 - app.services.wazuh_api - ERROR - Failed: 400
2026-07-11 14:52:17,950 - app.services.wazuh_api - ERROR - Failed: 401
2026-07-11 14:52:47,874 - app.services.wazuh_api - ERROR - Failed: 400
2026-07-11 14:52:47,910 - app.services.wazuh_api - ERROR - Failed: 400
2026-07-11 14:52:47,961 - app.services.wazuh_api - ERROR - Failed: 401
2026-07-11 14:53:48,878 - app.services.wazuh_api - ERROR - Failed: 400
2026-07-11 14:53:48,924 - app.services.wazuh_api - ERROR - Failed: 400
2026-07-11 14:53:48,972 - app.services.wazuh_api - ERROR - Failed: 401
2026-07-11 14:54:49,890 - app.services.wazuh_api - ERROR - Failed: 400
2026-07-11 14:54:49,930 - app.services.wazuh_api - ERROR - Failed: 400
2026-07-11 14:54:49,979 - app.services.wazuh_api - ERROR - Failed: 401
2026-07-11 14:55:50,872 - app.services.wazuh_api - ERROR - Failed: 400
2026-07-11 14:55:50,915 - app.services.wazuh_api - ERROR - Failed: 400
2026-07-11 14:55:50,959 - app.services.wazuh_api - ERROR - Failed: 401
2026-07-11 14:56:51,885 - app.services.wazuh_api - ERROR - Failed: 400
2026-07-11 14:56:51,915 - app.services.wazuh_api - ERROR - Failed: 400
2026-07-11 14:56:51,955 - app.services.wazuh_api - ERROR - Failed: 401
2026-07-11 14:57:52,883 - app.services.wazuh_api - ERROR - Failed: 400
2026-07-11 14:57:52,927 - app.services.wazuh_api - ERROR - Failed: 400
2026-07-11 14:57:52,970 - app.services.wazuh_api - ERROR - Failed: 401
2026-07-11 14:58:53,877 - app.services.wazuh_api - ERROR - Failed: 400
2026-07-11 14:58:53,922 - app.services.wazuh_api - ERROR - Failed: 400
2026-07-11 14:58:53,968 - app.services.wazuh_api - ERROR - Failed: 401
2026-07-11 14:59:54,870 - app.services.wazuh_api - ERROR - Failed: 400
2026-07-11 14:59:54,897 - app.services.wazuh_api - ERROR - Failed: 400
2026-07-11 14:59:54,926 - app.services.wazuh_api - ERROR - Failed: 401
2026-07-11 15:00:55,881 - app.services.wazuh_api - ERROR - Failed: 400
2026-07-11 15:00:55,913 - app.services.wazuh_api - ERROR - Failed: 400
2026-07-11 15:00:55,955 - app.services.wazuh_api - ERROR - Failed: 401
2026-07-11 15:01:56,881 - app.services.wazuh_api - ERROR - Failed: 400
2026-07-11 15:01:56,923 - app.services.wazuh_api - ERROR - Failed: 400
2026-07-11 15:01:56,955 - app.services.wazuh_api - ERROR - Failed: 401
2026-07-11 15:02:57,882 - app.services.wazuh_api - ERROR - Failed: 400
2026-07-11 15:02:57,928 - app.services.wazuh_api - ERROR - Failed: 400
2026-07-11 15:02:57,975 - app.services.wazuh_api - ERROR - Failed: 401
2026-07-11 15:03:58,868 - app.services.wazuh_api - ERROR - Failed: 400
2026-07-11 15:03:58,896 - app.services.wazuh_api - ERROR - Failed: 400
2026-07-11 15:03:58,944 - app.services.wazuh_api - ERROR - Failed: 401
2026-07-11 15:04:59,876 - app.services.wazuh_api - ERROR - Failed: 400
2026-07-11 15:04:59,920 - app.services.wazuh_api - ERROR - Failed: 400
2026-07-11 15:04:59,948 - app.services.wazuh_api - ERROR - Failed: 401
2026-07-11 15:06:00,883 - app.services.wazuh_api - ERROR - Failed: 400
2026-07-11 15:06:01,194 - app.services.wazuh_api - ERROR - Failed: 400
2026-07-11 15:06:01,243 - app.services.wazuh_api - ERROR - Failed: 401
2026-07-11 15:07:01,871 - app.services.wazuh_api - ERROR - Failed: 400
2026-07-11 15:07:01,919 - app.services.wazuh_api - ERROR - Failed: 400
2026-07-11 15:07:01,946 - app.services.wazuh_api - ERROR - Failed: 401
2026-07-11 15:07:38,684 - app.services.wazuh_api - ERROR - Failed: 400
2026-07-11 15:07:38,730 - app.services.wazuh_api - ERROR - Failed: 400
2026-07-11 15:07:38,777 - app.services.wazuh_api - ERROR - Failed: 401
2026-07-11 15:07:40,180 - app.services.wazuh_api - ERROR - Failed: 400
2026-07-11 15:07:40,222 - app.services.wazuh_api - ERROR - Failed: 401
2026-07-11 15:07:40,226 - app.main - INFO - Client connected
2026-07-11 15:07:40,281 - app.services.wazuh_api - ERROR - Failed: 400
2026-07-11 15:07:41,930 - app.services.wazuh_api - ERROR - Failed: 400
2026-07-11 15:07:41,976 - app.services.wazuh_api - ERROR - Failed: 401
2026-07-11 15:07:41,980 - app.main - INFO - Client connected
2026-07-11 15:07:42,026 - app.services.wazuh_api - ERROR - Failed: 400
2026-07-11 15:07:42,623 - app.services.wazuh_api - ERROR - Failed: 400
2026-07-11 15:07:42,672 - app.services.wazuh_api - ERROR - Failed: 401
2026-07-11 15:07:42,676 - app.main - INFO - Client connected
2026-07-11 15:07:42,721 - app.services.wazuh_api - ERROR - Failed: 400
2026-07-11 15:07:42,808 - app.services.wazuh_api - ERROR - Failed: 400
2026-07-11 15:07:42,850 - app.services.wazuh_api - ERROR - Failed: 401
2026-07-11 15:07:42,854 - app.main - INFO - Client connected
2026-07-11 15:07:42,910 - app.services.wazuh_api - ERROR - Failed: 400
2026-07-11 15:07:42,989 - app.services.wazuh_api - ERROR - Failed: 400
2026-07-11 15:07:43,036 - app.services.wazuh_api - ERROR - Failed: 401
2026-07-11 15:07:43,040 - app.main - INFO - Client connected
2026-07-11 15:07:43,083 - app.services.wazuh_api - ERROR - Failed: 400
2026-07-11 15:07:43,157 - app.services.wazuh_api - ERROR - Failed: 400
2026-07-11 15:07:43,208 - app.services.wazuh_api - ERROR - Failed: 401
2026-07-11 15:07:43,212 - app.main - INFO - Client connected
2026-07-11 15:07:43,248 - app.services.wazuh_api - ERROR - Failed: 400
2026-07-11 15:08:13,875 - app.services.wazuh_api - ERROR - Failed: 400
2026-07-11 15:08:13,920 - app.services.wazuh_api - ERROR - Failed: 400
2026-07-11 15:08:13,968 - app.services.wazuh_api - ERROR - Failed: 401
2026-07-11 15:08:19,002 - app.services.wazuh_api - ERROR - Failed: 400
2026-07-11 15:08:19,049 - app.services.wazuh_api - ERROR - Failed: 401
2026-07-11 15:08:19,052 - app.main - INFO - Client connected
2026-07-11 15:08:19,096 - app.services.wazuh_api - ERROR - Failed: 400
2026-07-11 15:08:49,877 - app.services.wazuh_api - ERROR - Failed: 400
2026-07-11 15:08:49,921 - app.services.wazuh_api - ERROR - Failed: 400
2026-07-11 15:08:49,967 - app.services.wazuh_api - ERROR - Failed: 401
2026-07-11 15:09:19,874 - app.services.wazuh_api - ERROR - Failed: 400
2026-07-11 15:09:19,921 - app.services.wazuh_api - ERROR - Failed: 400
2026-07-11 15:09:19,967 - app.services.wazuh_api - ERROR - Failed: 401
2026-07-11 15:09:41,813 - __main__ - INFO - Starting EDR Dashboard on 0.0.0.0:5000
2026-07-11 15:09:41,814 - __main__ - INFO - Wazuh API: localhost:55000
2026-07-11 15:09:41,814 - __main__ - INFO - Model: D:\EDR-Project\dashboard\models_data\ecod.pkl
2026-07-11 15:09:41,818 - werkzeug - INFO -  * Restarting with stat
2026-07-11 15:09:45,666 - __main__ - INFO - Starting EDR Dashboard on 0.0.0.0:5000
2026-07-11 15:09:45,667 - __main__ - INFO - Wazuh API: localhost:55000
2026-07-11 15:09:45,667 - __main__ - INFO - Model: D:\EDR-Project\dashboard\models_data\ecod.pkl
2026-07-11 15:09:45,671 - werkzeug - WARNING -  * Debugger is active!
2026-07-11 15:09:45,676 - werkzeug - INFO -  * Debugger PIN: 243-289-687
2026-07-11 15:09:45,959 - app.services.wazuh_api - ERROR - Failed: 400
2026-07-11 15:09:46,215 - app.services.wazuh_api - INFO - Connected to Wazuh API
2026-07-11 15:09:46,282 - app.services.wazuh_api - INFO - Found 2 agents
2026-07-11 15:09:46,288 - app.main - INFO - Client connected
2026-07-11 15:09:46,343 - app.services.wazuh_api - ERROR - Failed: 400
2026-07-11 15:09:49,027 - app.services.wazuh_api - ERROR - Failed: 400
2026-07-11 15:09:49,087 - app.services.wazuh_api - INFO - Found 2 agents
2026-07-11 15:09:49,091 - app.main - INFO - Client connected
2026-07-11 15:09:49,128 - app.services.wazuh_api - ERROR - Failed: 400
2026-07-11 15:10:19,884 - app.services.wazuh_api - ERROR - Failed: 400
2026-07-11 15:10:19,928 - app.services.wazuh_api - ERROR - Failed: 400
2026-07-11 15:10:19,988 - app.services.wazuh_api - INFO - Found 2 agents
2026-07-11 15:10:49,882 - app.services.wazuh_api - ERROR - Failed: 400
2026-07-11 15:10:49,928 - app.services.wazuh_api - ERROR - Failed: 400
2026-07-11 15:10:49,991 - app.services.wazuh_api - INFO - Found 2 agents
2026-07-11 15:11:19,866 - app.services.wazuh_api - ERROR - Failed: 400
2026-07-11 15:11:19,896 - app.services.wazuh_api - ERROR - Failed: 400
2026-07-11 15:11:19,956 - app.services.wazuh_api - INFO - Found 2 agents
2026-07-11 15:11:40,690 - app.services.wazuh_api - ERROR - Failed: 400
2026-07-11 15:11:40,749 - app.services.wazuh_api - INFO - Found 2 agents
2026-07-11 15:11:40,753 - app.main - INFO - Client connected
2026-07-11 15:11:40,798 - app.services.wazuh_api - ERROR - Failed: 400
2026-07-11 15:12:10,871 - app.services.wazuh_api - ERROR - Failed: 400
2026-07-11 15:12:10,916 - app.services.wazuh_api - ERROR - Failed: 400
2026-07-11 15:12:10,979 - app.services.wazuh_api - INFO - Found 2 agents
2026-07-11 15:12:40,881 - app.services.wazuh_api - ERROR - Failed: 400
2026-07-11 15:12:40,924 - app.services.wazuh_api - ERROR - Failed: 400
2026-07-11 15:12:40,968 - app.services.wazuh_api - INFO - Found 2 agents
2026-07-11 15:13:10,878 - app.services.wazuh_api - ERROR - Failed: 400
2026-07-11 15:13:10,923 - app.services.wazuh_api - ERROR - Failed: 400
2026-07-11 15:13:10,983 - app.services.wazuh_api - INFO - Found 2 agents
2026-07-11 15:13:40,875 - app.services.wazuh_api - ERROR - Failed: 400
2026-07-11 15:13:40,921 - app.services.wazuh_api - ERROR - Failed: 400
2026-07-11 15:13:40,979 - app.services.wazuh_api - INFO - Found 2 agents
2026-07-11 15:14:03,765 - app.services.wazuh_api - INFO - Fetched 288 alerts from Indexer
2026-07-11 15:14:03,810 - app.services.wazuh_api - INFO - Found 2 agents
2026-07-11 15:14:03,815 - app.main - INFO - Client connected
2026-07-11 15:14:03,889 - app.services.wazuh_api - INFO - Fetched 20 alerts from Indexer
2026-07-11 15:14:33,876 - app.services.wazuh_api - INFO - Fetched 20 alerts from Indexer
2026-07-11 15:14:33,947 - app.services.wazuh_api - INFO - Fetched 680 alerts from Indexer
2026-07-11 15:14:34,008 - app.services.wazuh_api - INFO - Found 2 agents
2026-07-11 15:14:51,209 - app.services.wazuh_api - ERROR - Failed: 404
2026-07-11 15:14:51,253 - app.services.wazuh_api - INFO - Found 2 agents
2026-07-11 15:14:51,257 - app.main - INFO - Client connected
2026-07-11 15:14:51,299 - app.services.wazuh_api - ERROR - Failed: 404
2026-07-11 15:15:21,872 - app.services.wazuh_api - ERROR - Failed: 404
2026-07-11 15:15:21,903 - app.services.wazuh_api - ERROR - Failed: 404
2026-07-11 15:15:21,948 - app.services.wazuh_api - INFO - Found 2 agents
2026-07-11 15:15:51,867 - app.services.wazuh_api - ERROR - Failed: 404
2026-07-11 15:15:51,912 - app.services.wazuh_api - ERROR - Failed: 404
2026-07-11 15:15:51,978 - app.services.wazuh_api - INFO - Found 2 agents
2026-07-11 15:16:14,439 - app.services.wazuh_api - INFO - Fetched 245 alerts from Indexer
2026-07-11 15:16:14,505 - app.services.wazuh_api - INFO - Found 2 agents
2026-07-11 15:16:14,509 - app.main - INFO - Client connected
2026-07-11 15:16:14,556 - app.services.wazuh_api - INFO - Fetched 20 alerts from Indexer
2026-07-11 15:16:44,883 - app.services.wazuh_api - INFO - Fetched 20 alerts from Indexer
2026-07-11 15:16:44,935 - app.services.wazuh_api - INFO - Fetched 245 alerts from Indexer
2026-07-11 15:16:44,981 - app.services.wazuh_api - INFO - Found 2 agents
2026-07-11 15:17:14,932 - app.services.wazuh_api - INFO - Fetched 20 alerts from Indexer
2026-07-11 15:17:14,986 - app.services.wazuh_api - INFO - Fetched 245 alerts from Indexer
2026-07-11 15:17:15,051 - app.services.wazuh_api - INFO - Found 2 agents
2026-07-11 15:17:44,914 - app.services.wazuh_api - INFO - Fetched 20 alerts from Indexer
2026-07-11 15:17:44,966 - app.services.wazuh_api - INFO - Fetched 245 alerts from Indexer
2026-07-11 15:17:45,030 - app.services.wazuh_api - INFO - Found 2 agents
2026-07-11 15:18:14,922 - app.services.wazuh_api - INFO - Fetched 20 alerts from Indexer
2026-07-11 15:18:14,974 - app.services.wazuh_api - INFO - Fetched 245 alerts from Indexer
2026-07-11 15:18:15,018 - app.services.wazuh_api - INFO - Found 2 agents
2026-07-11 15:18:44,883 - app.services.wazuh_api - INFO - Fetched 20 alerts from Indexer
2026-07-11 15:18:44,935 - app.services.wazuh_api - INFO - Fetched 245 alerts from Indexer
2026-07-11 15:18:44,990 - app.services.wazuh_api - INFO - Found 2 agents
2026-07-11 15:19:14,877 - app.services.wazuh_api - INFO - Fetched 20 alerts from Indexer
2026-07-11 15:19:14,913 - app.services.wazuh_api - INFO - Fetched 245 alerts from Indexer
2026-07-11 15:19:14,966 - app.services.wazuh_api - INFO - Found 2 agents
2026-07-11 15:19:44,878 - app.services.wazuh_api - INFO - Fetched 20 alerts from Indexer
2026-07-11 15:19:44,919 - app.services.wazuh_api - INFO - Fetched 245 alerts from Indexer
2026-07-11 15:19:44,984 - app.services.wazuh_api - INFO - Found 2 agents
2026-07-11 15:20:15,884 - app.services.wazuh_api - INFO - Fetched 20 alerts from Indexer
2026-07-11 15:20:15,998 - app.services.wazuh_api - INFO - Fetched 245 alerts from Indexer
2026-07-11 15:20:16,053 - app.services.wazuh_api - INFO - Found 2 agents
2026-07-11 15:21:12,517 - app.services.wazuh_api - INFO - Fetched 245 alerts from Indexer
2026-07-11 15:21:12,568 - app.services.wazuh_api - INFO - Found 2 agents
2026-07-11 15:21:12,602 - app.services.wazuh_api - INFO - Fetched 20 alerts from Indexer
2026-07-11 15:21:14,423 - app.services.wazuh_api - INFO - Fetched 20 alerts from Indexer
2026-07-11 15:21:14,484 - app.services.wazuh_api - INFO - Fetched 245 alerts from Indexer
2026-07-11 15:21:14,546 - app.services.wazuh_api - INFO - Found 2 agents
2026-07-11 15:21:44,884 - app.services.wazuh_api - INFO - Fetched 20 alerts from Indexer
2026-07-11 15:21:44,936 - app.services.wazuh_api - INFO - Fetched 245 alerts from Indexer
2026-07-11 15:21:44,999 - app.services.wazuh_api - INFO - Found 2 agents
2026-07-11 15:22:14,877 - app.services.wazuh_api - INFO - Fetched 20 alerts from Indexer
2026-07-11 15:22:14,932 - app.services.wazuh_api - INFO - Fetched 245 alerts from Indexer
2026-07-11 15:22:14,985 - app.services.wazuh_api - INFO - Found 2 agents
2026-07-11 15:22:44,885 - app.services.wazuh_api - INFO - Fetched 20 alerts from Indexer
2026-07-11 15:22:44,938 - app.services.wazuh_api - INFO - Fetched 245 alerts from Indexer
2026-07-11 15:22:44,986 - app.services.wazuh_api - INFO - Found 2 agents
2026-07-11 15:23:15,876 - app.services.wazuh_api - INFO - Fetched 20 alerts from Indexer
2026-07-11 15:23:15,921 - app.services.wazuh_api - INFO - Fetched 245 alerts from Indexer
2026-07-11 15:23:15,988 - app.services.wazuh_api - INFO - Found 2 agents
2026-07-11 15:24:15,927 - app.services.wazuh_api - INFO - Fetched 20 alerts from Indexer
2026-07-11 15:24:15,981 - app.services.wazuh_api - INFO - Fetched 245 alerts from Indexer
2026-07-11 15:24:16,050 - app.services.wazuh_api - INFO - Found 2 agents
2026-07-11 15:25:15,053 - app.services.wazuh_api - INFO - Fetched 20 alerts from Indexer
2026-07-11 15:25:15,113 - app.services.wazuh_api - INFO - Fetched 245 alerts from Indexer
2026-07-11 15:25:15,166 - app.services.wazuh_api - ERROR - Failed: 401
2026-07-11 15:25:44,863 - app.services.wazuh_api - INFO - Fetched 20 alerts from Indexer
2026-07-11 15:25:44,949 - app.services.wazuh_api - INFO - Fetched 245 alerts from Indexer
2026-07-11 15:25:44,992 - app.services.wazuh_api - ERROR - Failed: 401
2026-07-11 15:26:14,878 - app.services.wazuh_api - INFO - Fetched 20 alerts from Indexer
2026-07-11 15:26:14,927 - app.services.wazuh_api - INFO - Fetched 245 alerts from Indexer
2026-07-11 15:26:14,968 - app.services.wazuh_api - ERROR - Failed: 401
2026-07-11 15:27:15,878 - app.services.wazuh_api - INFO - Fetched 20 alerts from Indexer
2026-07-11 15:27:15,930 - app.services.wazuh_api - INFO - Fetched 245 alerts from Indexer
2026-07-11 15:27:15,972 - app.services.wazuh_api - ERROR - Failed: 401
2026-07-11 15:27:55,083 - app.services.wazuh_api - INFO - Fetched 245 alerts from Indexer
2026-07-11 15:27:55,141 - app.services.wazuh_api - ERROR - Failed: 401
2026-07-11 15:27:55,186 - app.services.wazuh_api - INFO - Fetched 20 alerts from Indexer
2026-07-11 15:28:14,885 - app.services.wazuh_api - INFO - Fetched 20 alerts from Indexer
2026-07-11 15:28:14,944 - app.services.wazuh_api - INFO - Fetched 245 alerts from Indexer
2026-07-11 15:28:15,002 - app.services.wazuh_api - ERROR - Failed: 401
2026-07-11 15:28:44,869 - app.services.wazuh_api - INFO - Fetched 20 alerts from Indexer
2026-07-11 15:28:44,918 - app.services.wazuh_api - INFO - Fetched 245 alerts from Indexer
2026-07-11 15:28:44,963 - app.services.wazuh_api - ERROR - Failed: 401
2026-07-11 15:29:14,880 - app.services.wazuh_api - INFO - Fetched 20 alerts from Indexer
2026-07-11 15:29:14,931 - app.services.wazuh_api - INFO - Fetched 245 alerts from Indexer
2026-07-11 15:29:14,973 - app.services.wazuh_api - ERROR - Failed: 401
2026-07-11 15:30:15,902 - app.services.wazuh_api - INFO - Fetched 20 alerts from Indexer
2026-07-11 15:30:16,065 - app.services.wazuh_api - INFO - Fetched 245 alerts from Indexer
2026-07-11 15:30:17,217 - app.services.wazuh_api - ERROR - Failed: 401
2026-07-11 15:31:15,880 - app.services.wazuh_api - INFO - Fetched 20 alerts from Indexer
2026-07-11 15:31:15,969 - app.services.wazuh_api - INFO - Fetched 245 alerts from Indexer
2026-07-11 15:31:16,041 - app.services.wazuh_api - ERROR - Failed: 401
2026-07-11 15:31:44,892 - app.services.wazuh_api - INFO - Fetched 20 alerts from Indexer
2026-07-11 15:31:44,963 - app.services.wazuh_api - INFO - Fetched 245 alerts from Indexer
2026-07-11 15:31:45,063 - app.services.wazuh_api - ERROR - Failed: 401
2026-07-11 15:32:14,879 - app.services.wazuh_api - INFO - Fetched 20 alerts from Indexer
2026-07-11 15:32:14,954 - app.services.wazuh_api - INFO - Fetched 245 alerts from Indexer
2026-07-11 15:32:15,008 - app.services.wazuh_api - ERROR - Failed: 401
2026-07-11 15:33:15,876 - app.services.wazuh_api - INFO - Fetched 20 alerts from Indexer
2026-07-11 15:33:15,927 - app.services.wazuh_api - INFO - Fetched 245 alerts from Indexer
2026-07-11 15:33:15,972 - app.services.wazuh_api - ERROR - Failed: 401
2026-07-11 15:34:15,872 - app.services.wazuh_api - INFO - Fetched 20 alerts from Indexer
2026-07-11 15:34:15,921 - app.services.wazuh_api - INFO - Fetched 245 alerts from Indexer
2026-07-11 15:34:15,975 - app.services.wazuh_api - ERROR - Failed: 401
2026-07-11 15:34:44,885 - app.services.wazuh_api - INFO - Fetched 20 alerts from Indexer
2026-07-11 15:34:44,935 - app.services.wazuh_api - INFO - Fetched 245 alerts from Indexer
2026-07-11 15:34:44,979 - app.services.wazuh_api - ERROR - Failed: 401
2026-07-11 15:35:14,880 - app.services.wazuh_api - INFO - Fetched 20 alerts from Indexer
2026-07-11 15:35:14,931 - app.services.wazuh_api - INFO - Fetched 245 alerts from Indexer
2026-07-11 15:35:14,971 - app.services.wazuh_api - ERROR - Failed: 401
2026-07-11 15:36:15,880 - app.services.wazuh_api - INFO - Fetched 20 alerts from Indexer
2026-07-11 15:36:16,193 - app.services.wazuh_api - INFO - Fetched 245 alerts from Indexer
2026-07-11 15:36:16,232 - app.services.wazuh_api - ERROR - Failed: 401
2026-07-11 15:37:15,867 - app.services.wazuh_api - INFO - Fetched 20 alerts from Indexer
2026-07-11 15:37:15,928 - app.services.wazuh_api - INFO - Fetched 245 alerts from Indexer
2026-07-11 15:37:15,972 - app.services.wazuh_api - ERROR - Failed: 401
2026-07-11 15:38:15,877 - app.services.wazuh_api - INFO - Fetched 20 alerts from Indexer
2026-07-11 15:38:15,929 - app.services.wazuh_api - INFO - Fetched 245 alerts from Indexer
2026-07-11 15:38:15,983 - app.services.wazuh_api - ERROR - Failed: 401
2026-07-11 15:39:15,858 - app.services.wazuh_api - INFO - Fetched 20 alerts from Indexer
2026-07-11 15:39:15,986 - app.services.wazuh_api - INFO - Fetched 1000 alerts from Indexer
2026-07-11 15:39:16,040 - app.services.wazuh_api - ERROR - Failed: 401
2026-07-11 15:40:15,875 - app.services.wazuh_api - INFO - Fetched 20 alerts from Indexer
2026-07-11 15:40:15,968 - app.services.wazuh_api - INFO - Fetched 1000 alerts from Indexer
2026-07-11 15:40:15,999 - app.services.wazuh_api - ERROR - Failed: 401
2026-07-11 15:41:15,870 - app.services.wazuh_api - INFO - Fetched 20 alerts from Indexer
2026-07-11 15:41:15,955 - app.services.wazuh_api - INFO - Fetched 1000 alerts from Indexer
2026-07-11 15:41:16,006 - app.services.wazuh_api - ERROR - Failed: 401
2026-07-11 15:42:16,826 - app.services.wazuh_api - INFO - Fetched 20 alerts from Indexer
2026-07-11 15:42:16,923 - app.services.wazuh_api - INFO - Fetched 1000 alerts from Indexer
2026-07-11 15:42:16,961 - app.services.wazuh_api - ERROR - Failed: 401
2026-07-11 15:42:44,885 - app.services.wazuh_api - INFO - Fetched 20 alerts from Indexer
2026-07-11 15:42:45,083 - app.services.wazuh_api - INFO - Fetched 1000 alerts from Indexer
2026-07-11 15:42:45,112 - app.services.wazuh_api - ERROR - Failed: 401
2026-07-11 15:43:14,872 - app.services.wazuh_api - INFO - Fetched 20 alerts from Indexer
2026-07-11 15:43:14,954 - app.services.wazuh_api - INFO - Fetched 1000 alerts from Indexer
2026-07-11 15:43:15,007 - app.services.wazuh_api - ERROR - Failed: 401
2026-07-11 15:43:44,921 - app.services.wazuh_api - INFO - Fetched 20 alerts from Indexer
2026-07-11 15:43:45,011 - app.services.wazuh_api - INFO - Fetched 1000 alerts from Indexer
2026-07-11 15:43:45,066 - app.services.wazuh_api - ERROR - Failed: 401
2026-07-11 15:44:14,918 - app.services.wazuh_api - INFO - Fetched 20 alerts from Indexer
2026-07-11 15:44:14,993 - app.services.wazuh_api - INFO - Fetched 1000 alerts from Indexer
2026-07-11 15:44:15,020 - app.services.wazuh_api - ERROR - Failed: 401
2026-07-11 15:45:16,665 - app.services.wazuh_api - INFO - Fetched 20 alerts from Indexer
2026-07-11 15:45:16,737 - app.services.wazuh_api - INFO - Fetched 1000 alerts from Indexer
2026-07-11 15:45:16,782 - app.services.wazuh_api - ERROR - Failed: 401
2026-07-11 15:46:15,861 - app.services.wazuh_api - INFO - Fetched 20 alerts from Indexer
2026-07-11 15:46:15,939 - app.services.wazuh_api - INFO - Fetched 1000 alerts from Indexer
2026-07-11 15:46:15,982 - app.services.wazuh_api - ERROR - Failed: 401
2026-07-11 15:47:15,875 - app.services.wazuh_api - INFO - Fetched 20 alerts from Indexer
2026-07-11 15:47:15,960 - app.services.wazuh_api - INFO - Fetched 1000 alerts from Indexer
2026-07-11 15:47:16,015 - app.services.wazuh_api - ERROR - Failed: 401
2026-07-11 15:48:16,016 - app.services.wazuh_api - INFO - Fetched 20 alerts from Indexer
2026-07-11 15:48:16,208 - app.services.wazuh_api - INFO - Fetched 1000 alerts from Indexer
2026-07-11 15:48:16,235 - app.services.wazuh_api - ERROR - Failed: 401
2026-07-11 15:49:15,880 - app.services.wazuh_api - INFO - Fetched 20 alerts from Indexer
2026-07-11 15:49:15,960 - app.services.wazuh_api - INFO - Fetched 1000 alerts from Indexer
2026-07-11 15:49:15,996 - app.services.wazuh_api - ERROR - Failed: 401
2026-07-11 15:50:15,878 - app.services.wazuh_api - INFO - Fetched 20 alerts from Indexer
2026-07-11 15:50:15,979 - app.services.wazuh_api - INFO - Fetched 1000 alerts from Indexer
2026-07-11 15:50:16,012 - app.services.wazuh_api - ERROR - Failed: 401
2026-07-11 15:51:15,870 - app.services.wazuh_api - INFO - Fetched 20 alerts from Indexer
2026-07-11 15:51:15,940 - app.services.wazuh_api - INFO - Fetched 1000 alerts from Indexer
2026-07-11 15:51:15,984 - app.services.wazuh_api - ERROR - Failed: 401
2026-07-11 15:52:15,923 - app.services.wazuh_api - INFO - Fetched 20 alerts from Indexer
2026-07-11 15:52:16,059 - app.services.wazuh_api - INFO - Fetched 1000 alerts from Indexer
2026-07-11 15:52:16,089 - app.services.wazuh_api - ERROR - Failed: 401
2026-07-11 15:53:16,006 - app.services.wazuh_api - INFO - Fetched 20 alerts from Indexer
2026-07-11 15:53:16,147 - app.services.wazuh_api - INFO - Fetched 1000 alerts from Indexer
2026-07-11 15:53:16,184 - app.services.wazuh_api - ERROR - Failed: 401
2026-07-11 15:54:15,865 - app.services.wazuh_api - INFO - Fetched 20 alerts from Indexer
2026-07-11 15:54:15,959 - app.services.wazuh_api - INFO - Fetched 1000 alerts from Indexer
2026-07-11 15:54:16,009 - app.services.wazuh_api - ERROR - Failed: 401
2026-07-11 15:54:45,321 - app.services.wazuh_api - INFO - Fetched 20 alerts from Indexer
2026-07-11 15:54:45,532 - app.services.wazuh_api - INFO - Fetched 1000 alerts from Indexer
2026-07-11 15:54:45,578 - app.services.wazuh_api - ERROR - Failed: 401
2026-07-11 15:55:14,882 - app.services.wazuh_api - INFO - Fetched 20 alerts from Indexer
2026-07-11 15:55:14,982 - app.services.wazuh_api - INFO - Fetched 1000 alerts from Indexer
2026-07-11 15:55:15,034 - app.services.wazuh_api - ERROR - Failed: 401
2026-07-11 15:55:44,879 - app.services.wazuh_api - INFO - Fetched 20 alerts from Indexer
2026-07-11 15:55:44,974 - app.services.wazuh_api - INFO - Fetched 1000 alerts from Indexer
2026-07-11 15:55:45,018 - app.services.wazuh_api - ERROR - Failed: 401
2026-07-11 15:56:15,869 - app.services.wazuh_api - INFO - Fetched 20 alerts from Indexer
2026-07-11 15:56:16,003 - app.services.wazuh_api - INFO - Fetched 1000 alerts from Indexer
2026-07-11 15:56:16,054 - app.services.wazuh_api - ERROR - Failed: 401
2026-07-11 15:56:44,917 - app.services.wazuh_api - INFO - Fetched 20 alerts from Indexer
2026-07-11 15:56:45,015 - app.services.wazuh_api - INFO - Fetched 1000 alerts from Indexer
2026-07-11 15:56:45,053 - app.services.wazuh_api - ERROR - Failed: 401
2026-07-11 15:57:14,890 - app.services.wazuh_api - INFO - Fetched 20 alerts from Indexer
2026-07-11 15:57:14,994 - app.services.wazuh_api - INFO - Fetched 1000 alerts from Indexer
2026-07-11 15:57:15,044 - app.services.wazuh_api - ERROR - Failed: 401
2026-07-11 15:58:15,883 - app.services.wazuh_api - INFO - Fetched 20 alerts from Indexer
2026-07-11 15:58:15,979 - app.services.wazuh_api - INFO - Fetched 1000 alerts from Indexer
2026-07-11 15:58:16,009 - app.services.wazuh_api - ERROR - Failed: 401
2026-07-11 15:58:58,354 - app.services.wazuh_api - INFO - Fetched 20 alerts from Indexer
2026-07-11 15:58:58,512 - app.services.wazuh_api - INFO - Fetched 1000 alerts from Indexer
2026-07-11 15:58:58,541 - app.services.wazuh_api - ERROR - Failed: 401
2026-07-11 15:59:14,870 - app.services.wazuh_api - INFO - Fetched 20 alerts from Indexer
2026-07-11 15:59:14,971 - app.services.wazuh_api - INFO - Fetched 1000 alerts from Indexer
2026-07-11 15:59:15,027 - app.services.wazuh_api - ERROR - Failed: 401
2026-07-11 15:59:44,877 - app.services.wazuh_api - INFO - Fetched 20 alerts from Indexer
2026-07-11 15:59:45,025 - app.services.wazuh_api - INFO - Fetched 1000 alerts from Indexer
2026-07-11 15:59:45,075 - app.services.wazuh_api - ERROR - Failed: 401
2026-07-11 16:00:14,875 - app.services.wazuh_api - INFO - Fetched 20 alerts from Indexer
2026-07-11 16:00:14,977 - app.services.wazuh_api - INFO - Fetched 1000 alerts from Indexer
2026-07-11 16:00:15,027 - app.services.wazuh_api - ERROR - Failed: 401
2026-07-11 16:00:44,870 - app.services.wazuh_api - INFO - Fetched 20 alerts from Indexer
2026-07-11 16:00:44,955 - app.services.wazuh_api - INFO - Fetched 1000 alerts from Indexer
2026-07-11 16:00:44,997 - app.services.wazuh_api - ERROR - Failed: 401
2026-07-11 16:01:14,869 - app.services.wazuh_api - INFO - Fetched 20 alerts from Indexer
2026-07-11 16:01:14,964 - app.services.wazuh_api - INFO - Fetched 1000 alerts from Indexer
2026-07-11 16:01:15,008 - app.services.wazuh_api - ERROR - Failed: 401
2026-07-11 16:02:02,949 - app.services.wazuh_api - INFO - Fetched 1000 alerts from Indexer
2026-07-11 16:02:02,997 - app.services.wazuh_api - ERROR - Failed: 401
2026-07-11 16:02:03,033 - app.services.wazuh_api - INFO - Fetched 20 alerts from Indexer
2026-07-11 16:02:14,879 - app.services.wazuh_api - INFO - Fetched 20 alerts from Indexer
2026-07-11 16:02:15,047 - app.services.wazuh_api - INFO - Fetched 1000 alerts from Indexer
2026-07-11 16:02:15,079 - app.services.wazuh_api - ERROR - Failed: 401
2026-07-11 16:02:44,875 - app.services.wazuh_api - INFO - Fetched 20 alerts from Indexer
2026-07-11 16:02:45,026 - app.services.wazuh_api - INFO - Fetched 1000 alerts from Indexer
2026-07-11 16:02:45,073 - app.services.wazuh_api - ERROR - Failed: 401
2026-07-11 16:03:15,876 - app.services.wazuh_api - INFO - Fetched 20 alerts from Indexer
2026-07-11 16:03:16,044 - app.services.wazuh_api - INFO - Fetched 1000 alerts from Indexer
2026-07-11 16:03:16,084 - app.services.wazuh_api - ERROR - Failed: 401
2026-07-11 16:04:15,868 - app.services.wazuh_api - INFO - Fetched 20 alerts from Indexer
2026-07-11 16:04:16,015 - app.services.wazuh_api - INFO - Fetched 1000 alerts from Indexer
2026-07-11 16:04:16,076 - app.services.wazuh_api - ERROR - Failed: 401
2026-07-11 16:05:15,872 - app.services.wazuh_api - INFO - Fetched 20 alerts from Indexer
2026-07-11 16:05:16,023 - app.services.wazuh_api - INFO - Fetched 1000 alerts from Indexer
2026-07-11 16:05:16,073 - app.services.wazuh_api - ERROR - Failed: 401
2026-07-11 16:06:15,871 - app.services.wazuh_api - INFO - Fetched 20 alerts from Indexer
2026-07-11 16:06:16,243 - app.services.wazuh_api - INFO - Fetched 1000 alerts from Indexer
2026-07-11 16:06:16,286 - app.services.wazuh_api - ERROR - Failed: 401
2026-07-11 16:07:15,871 - app.services.wazuh_api - INFO - Fetched 20 alerts from Indexer
2026-07-11 16:07:15,970 - app.services.wazuh_api - INFO - Fetched 1000 alerts from Indexer
2026-07-11 16:07:16,000 - app.services.wazuh_api - ERROR - Failed: 401
2026-07-11 16:08:13,472 - app.services.wazuh_api - INFO - Fetched 20 alerts from Indexer
2026-07-11 16:08:13,660 - app.services.wazuh_api - INFO - Fetched 1000 alerts from Indexer
2026-07-11 16:08:13,712 - app.services.wazuh_api - ERROR - Failed: 401
2026-07-11 16:08:44,922 - app.services.wazuh_api - INFO - Fetched 20 alerts from Indexer
2026-07-11 16:08:45,020 - app.services.wazuh_api - INFO - Fetched 1000 alerts from Indexer
2026-07-11 16:08:45,058 - app.services.wazuh_api - ERROR - Failed: 401
2026-07-11 16:09:15,872 - app.services.wazuh_api - INFO - Fetched 20 alerts from Indexer
2026-07-11 16:09:15,974 - app.services.wazuh_api - INFO - Fetched 1000 alerts from Indexer
2026-07-11 16:09:16,025 - app.services.wazuh_api - ERROR - Failed: 401
2026-07-11 16:09:56,537 - app.services.wazuh_api - INFO - Fetched 20 alerts from Indexer
2026-07-11 16:09:56,633 - app.services.wazuh_api - INFO - Fetched 1000 alerts from Indexer
2026-07-11 16:09:56,661 - app.services.wazuh_api - ERROR - Failed: 401
2026-07-11 16:10:14,874 - app.services.wazuh_api - INFO - Fetched 20 alerts from Indexer
2026-07-11 16:10:14,972 - app.services.wazuh_api - INFO - Fetched 1000 alerts from Indexer
2026-07-11 16:10:15,012 - app.services.wazuh_api - ERROR - Failed: 401
2026-07-11 16:10:44,877 - app.services.wazuh_api - INFO - Fetched 20 alerts from Indexer
2026-07-11 16:10:44,974 - app.services.wazuh_api - INFO - Fetched 1000 alerts from Indexer
2026-07-11 16:10:45,007 - app.services.wazuh_api - ERROR - Failed: 401
2026-07-11 16:11:00,920 - app.services.wazuh_api - INFO - Fetched 1000 alerts from Indexer
2026-07-11 16:11:00,968 - app.services.wazuh_api - ERROR - Failed: 401
2026-07-11 16:11:00,974 - app.main - INFO - Client connected
2026-07-11 16:11:01,029 - app.services.wazuh_api - INFO - Fetched 20 alerts from Indexer
2026-07-11 16:11:01,876 - app.services.wazuh_api - INFO - Fetched 1000 alerts from Indexer
2026-07-11 16:11:01,927 - app.services.wazuh_api - ERROR - Failed: 401
2026-07-11 16:11:01,934 - app.main - INFO - Client connected
2026-07-11 16:11:02,023 - app.services.wazuh_api - INFO - Fetched 20 alerts from Indexer
2026-07-11 16:11:15,051 - __main__ - INFO - Starting EDR Dashboard on 0.0.0.0:5000
2026-07-11 16:11:15,051 - __main__ - INFO - Wazuh API: localhost:55000
2026-07-11 16:11:15,051 - __main__ - INFO - Model: D:\EDR-Project\dashboard\models_data\ecod.pkl
2026-07-11 16:11:15,054 - werkzeug - INFO -  * Restarting with stat
2026-07-11 16:11:18,779 - __main__ - INFO - Starting EDR Dashboard on 0.0.0.0:5000
2026-07-11 16:11:18,780 - __main__ - INFO - Wazuh API: localhost:55000
2026-07-11 16:11:18,780 - __main__ - INFO - Model: D:\EDR-Project\dashboard\models_data\ecod.pkl
2026-07-11 16:11:18,782 - werkzeug - WARNING -  * Debugger is active!
2026-07-11 16:11:18,786 - werkzeug - INFO -  * Debugger PIN: 243-289-687
2026-07-11 16:11:22,754 - app.main - INFO - Client connected
2026-07-11 16:11:22,790 - app.services.wazuh_api - INFO - Fetched 20 alerts from Indexer
2026-07-11 16:11:25,039 - app.services.wazuh_api - INFO - Fetched 1000 alerts from Indexer
2026-07-11 16:11:25,260 - app.services.wazuh_api - INFO - Connected to Wazuh API
2026-07-11 16:11:25,349 - app.services.wazuh_api - INFO - Found 2 agents
2026-07-11 16:11:25,356 - app.main - INFO - Client connected
2026-07-11 16:11:25,454 - app.services.wazuh_api - INFO - Fetched 20 alerts from Indexer
2026-07-11 16:11:55,878 - app.services.wazuh_api - INFO - Fetched 20 alerts from Indexer
2026-07-11 16:11:55,985 - app.services.wazuh_api - INFO - Fetched 1000 alerts from Indexer
2026-07-11 16:11:56,046 - app.services.wazuh_api - INFO - Found 2 agents
2026-07-11 16:12:25,874 - app.services.wazuh_api - INFO - Fetched 20 alerts from Indexer
2026-07-11 16:12:26,033 - app.services.wazuh_api - INFO - Fetched 1000 alerts from Indexer
2026-07-11 16:12:26,094 - app.services.wazuh_api - INFO - Found 2 agents
2026-07-11 16:12:55,871 - app.services.wazuh_api - INFO - Fetched 20 alerts from Indexer
2026-07-11 16:12:55,983 - app.services.wazuh_api - INFO - Fetched 1000 alerts from Indexer
2026-07-11 16:12:56,043 - app.services.wazuh_api - INFO - Found 2 agents
2026-07-11 16:13:25,880 - app.services.wazuh_api - INFO - Fetched 20 alerts from Indexer
2026-07-11 16:13:26,026 - app.services.wazuh_api - INFO - Fetched 1000 alerts from Indexer
2026-07-11 16:13:26,083 - app.services.wazuh_api - INFO - Found 2 agents
2026-07-11 16:13:35,341 - app.services.wazuh_api - INFO - Fetched 1000 alerts from Indexer
2026-07-11 16:13:35,397 - app.services.wazuh_api - INFO - Found 2 agents
2026-07-11 16:13:35,404 - app.main - INFO - Client connected
2026-07-11 16:13:35,448 - app.services.wazuh_api - INFO - Fetched 20 alerts from Indexer
2026-07-11 16:14:05,883 - app.services.wazuh_api - INFO - Fetched 20 alerts from Indexer
2026-07-11 16:14:05,986 - app.services.wazuh_api - INFO - Fetched 1000 alerts from Indexer
2026-07-11 16:14:06,054 - app.services.wazuh_api - INFO - Found 2 agents
2026-07-11 16:14:35,880 - app.services.wazuh_api - INFO - Fetched 20 alerts from Indexer
2026-07-11 16:14:35,965 - app.services.wazuh_api - INFO - Fetched 1000 alerts from Indexer
2026-07-11 16:14:36,017 - app.services.wazuh_api - INFO - Found 2 agents
2026-07-11 16:15:05,876 - app.services.wazuh_api - INFO - Fetched 20 alerts from Indexer
2026-07-11 16:15:06,032 - app.services.wazuh_api - INFO - Fetched 1000 alerts from Indexer
2026-07-11 16:15:06,109 - app.services.wazuh_api - INFO - Found 2 agents
2026-07-11 16:15:35,872 - app.services.wazuh_api - INFO - Fetched 20 alerts from Indexer
2026-07-11 16:15:36,004 - app.services.wazuh_api - INFO - Fetched 1000 alerts from Indexer
2026-07-11 16:15:36,062 - app.services.wazuh_api - INFO - Found 2 agents
2026-07-11 16:16:05,868 - app.services.wazuh_api - INFO - Fetched 20 alerts from Indexer
2026-07-11 16:16:05,967 - app.services.wazuh_api - INFO - Fetched 1000 alerts from Indexer
2026-07-11 16:16:06,022 - app.services.wazuh_api - INFO - Found 2 agents
2026-07-11 16:16:35,869 - app.services.wazuh_api - INFO - Fetched 20 alerts from Indexer
2026-07-11 16:16:35,967 - app.services.wazuh_api - INFO - Fetched 1000 alerts from Indexer
2026-07-11 16:16:36,025 - app.services.wazuh_api - INFO - Found 2 agents
2026-07-11 16:17:05,867 - app.services.wazuh_api - INFO - Fetched 20 alerts from Indexer
2026-07-11 16:17:05,966 - app.services.wazuh_api - INFO - Fetched 1000 alerts from Indexer
2026-07-11 16:17:06,022 - app.services.wazuh_api - INFO - Found 2 agents
2026-07-11 16:18:06,881 - app.services.wazuh_api - INFO - Fetched 20 alerts from Indexer
2026-07-11 16:18:06,984 - app.services.wazuh_api - INFO - Fetched 1000 alerts from Indexer
2026-07-11 16:18:07,031 - app.services.wazuh_api - INFO - Found 2 agents
2026-07-11 16:19:07,871 - app.services.wazuh_api - INFO - Fetched 20 alerts from Indexer
2026-07-11 16:19:08,232 - app.services.wazuh_api - INFO - Fetched 1000 alerts from Indexer
2026-07-11 16:19:08,289 - app.services.wazuh_api - INFO - Found 2 agents
2026-07-11 16:19:35,918 - app.services.wazuh_api - INFO - Fetched 20 alerts from Indexer
2026-07-11 16:19:36,083 - app.services.wazuh_api - INFO - Fetched 1000 alerts from Indexer
2026-07-11 16:19:36,138 - app.services.wazuh_api - INFO - Found 2 agents
2026-07-11 16:20:05,876 - app.services.wazuh_api - INFO - Fetched 20 alerts from Indexer
2026-07-11 16:20:05,967 - app.services.wazuh_api - INFO - Fetched 1000 alerts from Indexer
2026-07-11 16:20:06,024 - app.services.wazuh_api - INFO - Found 2 agents
2026-07-11 16:21:06,863 - app.services.wazuh_api - INFO - Fetched 20 alerts from Indexer
2026-07-11 16:21:06,954 - app.services.wazuh_api - INFO - Fetched 1000 alerts from Indexer
2026-07-11 16:21:06,996 - app.services.wazuh_api - INFO - Found 2 agents
2026-07-11 16:22:07,875 - app.services.wazuh_api - INFO - Fetched 20 alerts from Indexer
2026-07-11 16:22:07,971 - app.services.wazuh_api - INFO - Fetched 1000 alerts from Indexer
2026-07-11 16:22:08,033 - app.services.wazuh_api - INFO - Found 2 agents
2026-07-11 16:23:08,909 - app.services.wazuh_api - INFO - Fetched 20 alerts from Indexer
2026-07-11 16:23:09,033 - app.services.wazuh_api - INFO - Fetched 1000 alerts from Indexer
2026-07-11 16:23:09,100 - app.services.wazuh_api - INFO - Found 2 agents
2026-07-11 16:24:09,879 - app.services.wazuh_api - INFO - Fetched 20 alerts from Indexer
2026-07-11 16:24:09,978 - app.services.wazuh_api - INFO - Fetched 1000 alerts from Indexer
2026-07-11 16:24:10,030 - app.services.wazuh_api - INFO - Found 2 agents
2026-07-11 16:25:10,871 - app.services.wazuh_api - INFO - Fetched 20 alerts from Indexer
2026-07-11 16:25:10,967 - app.services.wazuh_api - INFO - Fetched 1000 alerts from Indexer
2026-07-11 16:25:11,028 - app.services.wazuh_api - INFO - Found 2 agents
2026-07-11 16:25:43,452 - app.services.wazuh_api - INFO - Fetched 20 alerts from Indexer
2026-07-11 16:25:43,597 - app.services.wazuh_api - INFO - Fetched 1000 alerts from Indexer
2026-07-11 16:25:43,638 - app.services.wazuh_api - INFO - Found 2 agents
2026-07-11 16:26:05,882 - app.services.wazuh_api - INFO - Fetched 20 alerts from Indexer
2026-07-11 16:26:05,973 - app.services.wazuh_api - INFO - Fetched 1000 alerts from Indexer
2026-07-11 16:26:06,031 - app.services.wazuh_api - INFO - Found 2 agents
2026-07-11 16:26:30,985 - app.services.wazuh_api - INFO - Fetched 1000 alerts from Indexer
2026-07-11 16:26:31,025 - app.services.wazuh_api - ERROR - Failed: 401
2026-07-11 16:26:31,033 - app.main - INFO - Client connected
2026-07-11 16:26:31,085 - app.services.wazuh_api - INFO - Fetched 20 alerts from Indexer
2026-07-11 16:26:40,707 - __main__ - INFO - Starting EDR Dashboard on 0.0.0.0:5000
2026-07-11 16:26:40,707 - __main__ - INFO - Wazuh API: localhost:55000
2026-07-11 16:26:40,707 - __main__ - INFO - Model: D:\EDR-Project\dashboard\models_data\ecod.pkl
2026-07-11 16:26:40,712 - werkzeug - INFO -  * Restarting with stat
2026-07-11 16:26:44,868 - __main__ - INFO - Starting EDR Dashboard on 0.0.0.0:5000
2026-07-11 16:26:44,868 - __main__ - INFO - Wazuh API: localhost:55000
2026-07-11 16:26:44,869 - __main__ - INFO - Model: D:\EDR-Project\dashboard\models_data\ecod.pkl
2026-07-11 16:26:44,872 - werkzeug - WARNING -  * Debugger is active!
2026-07-11 16:26:44,878 - werkzeug - INFO -  * Debugger PIN: 243-289-687
2026-07-11 16:26:45,156 - app.main - INFO - Client connected
2026-07-11 16:26:45,246 - app.services.wazuh_api - INFO - Fetched 20 alerts from Indexer
2026-07-11 16:26:46,235 - app.services.wazuh_api - INFO - Fetched 1000 alerts from Indexer
2026-07-11 16:26:46,539 - app.services.wazuh_api - INFO - Connected to Wazuh API
2026-07-11 16:26:46,617 - app.services.wazuh_api - INFO - Found 2 agents
2026-07-11 16:26:46,623 - app.main - INFO - Client connected
2026-07-11 16:26:46,661 - app.services.wazuh_api - INFO - Fetched 20 alerts from Indexer
2026-07-11 16:27:16,868 - app.services.wazuh_api - INFO - Fetched 20 alerts from Indexer
2026-07-11 16:27:16,971 - app.services.wazuh_api - INFO - Fetched 1000 alerts from Indexer
2026-07-11 16:27:17,041 - app.services.wazuh_api - INFO - Found 2 agents
2026-07-11 16:27:46,876 - app.services.wazuh_api - INFO - Fetched 20 alerts from Indexer
2026-07-11 16:27:47,045 - app.services.wazuh_api - INFO - Fetched 1000 alerts from Indexer
2026-07-11 16:27:47,101 - app.services.wazuh_api - INFO - Found 2 agents
2026-07-11 16:28:16,881 - app.services.wazuh_api - INFO - Fetched 20 alerts from Indexer
2026-07-11 16:28:17,033 - app.services.wazuh_api - INFO - Fetched 1000 alerts from Indexer
2026-07-11 16:28:17,093 - app.services.wazuh_api - INFO - Found 2 agents
2026-07-11 16:28:46,872 - app.services.wazuh_api - INFO - Fetched 20 alerts from Indexer
2026-07-11 16:28:47,017 - app.services.wazuh_api - INFO - Fetched 1000 alerts from Indexer
2026-07-11 16:28:47,077 - app.services.wazuh_api - INFO - Found 2 agents
2026-07-11 16:29:16,870 - app.services.wazuh_api - INFO - Fetched 20 alerts from Indexer
2026-07-11 16:29:16,975 - app.services.wazuh_api - INFO - Fetched 1000 alerts from Indexer
2026-07-11 16:29:17,041 - app.services.wazuh_api - INFO - Found 2 agents
2026-07-11 16:29:46,882 - app.services.wazuh_api - INFO - Fetched 20 alerts from Indexer
2026-07-11 16:29:46,988 - app.services.wazuh_api - INFO - Fetched 1000 alerts from Indexer
2026-07-11 16:29:47,055 - app.services.wazuh_api - INFO - Found 2 agents
2026-07-11 16:30:16,877 - app.services.wazuh_api - INFO - Fetched 20 alerts from Indexer
2026-07-11 16:30:16,974 - app.services.wazuh_api - INFO - Fetched 1000 alerts from Indexer
2026-07-11 16:30:17,029 - app.services.wazuh_api - INFO - Found 2 agents
2026-07-11 16:31:15,886 - app.services.wazuh_api - INFO - Fetched 20 alerts from Indexer
2026-07-11 16:31:16,060 - app.services.wazuh_api - INFO - Fetched 1000 alerts from Indexer
2026-07-11 16:31:16,132 - app.services.wazuh_api - INFO - Found 2 agents
2026-07-11 16:31:48,322 - app.services.wazuh_api - INFO - Fetched 1000 alerts from Indexer
2026-07-11 16:31:48,364 - app.services.wazuh_api - INFO - Found 2 agents
2026-07-11 16:31:48,399 - app.services.wazuh_api - INFO - Fetched 20 alerts from Indexer
2026-07-11 16:32:01,324 - app.services.wazuh_api - INFO - Fetched 1000 alerts from Indexer
2026-07-11 16:32:01,378 - app.services.wazuh_api - INFO - Found 2 agents
2026-07-11 16:32:01,384 - app.main - INFO - Client connected
2026-07-11 16:32:01,476 - app.services.wazuh_api - INFO - Fetched 20 alerts from Indexer
2026-07-11 16:32:20,886 - app.services.wazuh_api - INFO - Fetched 1000 alerts from Indexer
2026-07-11 16:32:20,951 - app.services.wazuh_api - INFO - Found 2 agents
2026-07-11 16:32:20,957 - app.main - INFO - Client connected
2026-07-11 16:32:21,012 - app.services.wazuh_api - INFO - Fetched 20 alerts from Indexer
2026-07-11 16:32:50,873 - app.services.wazuh_api - INFO - Fetched 20 alerts from Indexer
2026-07-11 16:32:50,969 - app.services.wazuh_api - INFO - Fetched 1000 alerts from Indexer
2026-07-11 16:32:51,031 - app.services.wazuh_api - INFO - Found 2 agents
2026-07-11 16:33:20,921 - app.services.wazuh_api - INFO - Fetched 20 alerts from Indexer
2026-07-11 16:33:21,018 - app.services.wazuh_api - INFO - Fetched 1000 alerts from Indexer
2026-07-11 16:33:21,081 - app.services.wazuh_api - INFO - Found 2 agents
2026-07-11 16:33:50,210 - app.services.wazuh_api - INFO - Fetched 1000 alerts from Indexer
2026-07-11 16:33:50,271 - app.services.wazuh_api - INFO - Found 2 agents
2026-07-11 16:33:50,279 - app.main - INFO - Client connected
2026-07-11 16:33:50,315 - app.services.wazuh_api - INFO - Fetched 20 alerts from Indexer
2026-07-11 16:34:01,138 - app.services.wazuh_api - INFO - Fetched 1000 alerts from Indexer
2026-07-11 16:34:01,214 - app.services.wazuh_api - INFO - Found 2 agents
2026-07-11 16:34:01,220 - app.main - INFO - Client connected
2026-07-11 16:34:01,257 - app.services.wazuh_api - INFO - Fetched 20 alerts from Indexer
2026-07-11 16:34:31,881 - app.services.wazuh_api - INFO - Fetched 20 alerts from Indexer
2026-07-11 16:34:31,978 - app.services.wazuh_api - INFO - Fetched 1000 alerts from Indexer
2026-07-11 16:34:32,036 - app.services.wazuh_api - INFO - Found 2 agents
2026-07-11 16:35:01,875 - app.services.wazuh_api - INFO - Fetched 20 alerts from Indexer
2026-07-11 16:35:01,968 - app.services.wazuh_api - INFO - Fetched 1000 alerts from Indexer
2026-07-11 16:35:02,031 - app.services.wazuh_api - INFO - Found 2 agents
2026-07-11 16:35:31,877 - app.services.wazuh_api - INFO - Fetched 20 alerts from Indexer
2026-07-11 16:35:32,286 - app.services.wazuh_api - INFO - Fetched 1000 alerts from Indexer
2026-07-11 16:35:32,341 - app.services.wazuh_api - INFO - Found 2 agents
2026-07-11 16:36:01,879 - app.services.wazuh_api - INFO - Fetched 20 alerts from Indexer
2026-07-11 16:36:01,981 - app.services.wazuh_api - INFO - Fetched 1000 alerts from Indexer
2026-07-11 16:36:02,046 - app.services.wazuh_api - INFO - Found 2 agents
2026-07-11 16:36:31,885 - app.services.wazuh_api - INFO - Fetched 20 alerts from Indexer
2026-07-11 16:36:32,023 - app.services.wazuh_api - INFO - Fetched 1000 alerts from Indexer
2026-07-11 16:36:32,082 - app.services.wazuh_api - INFO - Found 2 agents
2026-07-11 16:37:01,871 - app.services.wazuh_api - INFO - Fetched 20 alerts from Indexer
2026-07-11 16:37:02,026 - app.services.wazuh_api - INFO - Fetched 1000 alerts from Indexer
2026-07-11 16:37:02,082 - app.services.wazuh_api - INFO - Found 2 agents
2026-07-11 16:37:31,925 - app.services.wazuh_api - INFO - Fetched 20 alerts from Indexer
2026-07-11 16:37:32,086 - app.services.wazuh_api - INFO - Fetched 1000 alerts from Indexer
2026-07-11 16:37:32,145 - app.services.wazuh_api - INFO - Found 2 agents
2026-07-11 16:38:15,878 - app.services.wazuh_api - INFO - Fetched 20 alerts from Indexer
2026-07-11 16:38:16,034 - app.services.wazuh_api - INFO - Fetched 1000 alerts from Indexer
2026-07-11 16:38:16,083 - app.services.wazuh_api - INFO - Found 2 agents
2026-07-11 16:39:14,435 - app.services.wazuh_api - INFO - Fetched 20 alerts from Indexer
2026-07-11 16:39:14,546 - app.services.wazuh_api - INFO - Fetched 1000 alerts from Indexer
2026-07-11 16:39:14,590 - app.services.wazuh_api - INFO - Found 2 agents
2026-07-11 16:39:31,022 - app.services.wazuh_api - INFO - Fetched 20 alerts from Indexer
2026-07-11 16:39:31,168 - app.services.wazuh_api - INFO - Fetched 1000 alerts from Indexer
2026-07-11 16:39:31,215 - app.services.wazuh_api - INFO - Found 2 agents
2026-07-11 16:40:01,873 - app.services.wazuh_api - INFO - Fetched 20 alerts from Indexer
2026-07-11 16:40:01,973 - app.services.wazuh_api - INFO - Fetched 1000 alerts from Indexer
2026-07-11 16:40:02,036 - app.services.wazuh_api - INFO - Found 2 agents
2026-07-11 16:40:31,879 - app.services.wazuh_api - INFO - Fetched 20 alerts from Indexer
2026-07-11 16:40:31,974 - app.services.wazuh_api - INFO - Fetched 1000 alerts from Indexer
2026-07-11 16:40:32,033 - app.services.wazuh_api - INFO - Found 2 agents
2026-07-11 16:41:01,865 - app.services.wazuh_api - INFO - Fetched 20 alerts from Indexer
2026-07-11 16:41:01,968 - app.services.wazuh_api - INFO - Fetched 1000 alerts from Indexer
2026-07-11 16:41:02,020 - app.services.wazuh_api - INFO - Found 2 agents
2026-07-11 16:41:26,216 - app.services.wazuh_api - ERROR - Failed: 404
2026-07-11 16:41:26,272 - app.services.wazuh_api - INFO - Found 2 agents
2026-07-11 16:41:26,276 - app.main - INFO - Client connected
2026-07-11 16:41:26,363 - app.services.wazuh_api - ERROR - Failed: 404
2026-07-11 16:41:56,925 - app.services.wazuh_api - ERROR - Failed: 400
2026-07-11 16:41:56,973 - app.services.wazuh_api - ERROR - Failed: 400
2026-07-11 16:41:57,023 - app.services.wazuh_api - ERROR - Failed: 401
2026-07-11 16:42:26,927 - app.services.wazuh_api - ERROR - Failed: 400
2026-07-11 16:42:26,971 - app.services.wazuh_api - ERROR - Failed: 400
2026-07-11 16:42:26,999 - app.services.wazuh_api - ERROR - Failed: 401
2026-07-11 16:42:56,868 - app.services.wazuh_api - ERROR - Failed: 400
2026-07-11 16:42:56,914 - app.services.wazuh_api - ERROR - Failed: 400
2026-07-11 16:42:56,948 - app.services.wazuh_api - ERROR - Failed: 401
2026-07-11 16:43:26,923 - app.services.wazuh_api - ERROR - Failed: 400
2026-07-11 16:43:26,969 - app.services.wazuh_api - ERROR - Failed: 400
2026-07-11 16:43:27,021 - app.services.wazuh_api - ERROR - Failed: 401
2026-07-11 16:43:56,914 - app.services.wazuh_api - ERROR - Failed: 400
2026-07-11 16:43:56,963 - app.services.wazuh_api - ERROR - Failed: 400
2026-07-11 16:43:56,995 - app.services.wazuh_api - ERROR - Failed: 401
2026-07-11 16:44:26,880 - app.services.wazuh_api - ERROR - Failed: 400
2026-07-11 16:44:26,973 - app.services.wazuh_api - ERROR - Failed: 400
2026-07-11 16:44:27,002 - app.services.wazuh_api - ERROR - Failed: 401
2026-07-11 16:45:01,237 - __main__ - INFO - Starting EDR Dashboard on 0.0.0.0:5000
2026-07-11 16:45:01,237 - __main__ - INFO - Wazuh API: localhost:55000
2026-07-11 16:45:01,238 - __main__ - INFO - Model: D:\EDR-Project\dashboard\models_data\ecod.pkl
2026-07-11 16:45:01,241 - werkzeug - INFO -  * Restarting with stat
2026-07-11 16:45:04,755 - __main__ - INFO - Starting EDR Dashboard on 0.0.0.0:5000
2026-07-11 16:45:04,756 - __main__ - INFO - Wazuh API: localhost:55000
2026-07-11 16:45:04,756 - __main__ - INFO - Model: D:\EDR-Project\dashboard\models_data\ecod.pkl
2026-07-11 16:45:04,759 - werkzeug - WARNING -  * Debugger is active!
2026-07-11 16:45:04,762 - werkzeug - INFO -  * Debugger PIN: 243-289-687
2026-07-11 16:45:05,437 - app.services.wazuh_api - INFO - Fetched 2 alerts from Indexer
2026-07-11 16:45:05,675 - app.services.wazuh_api - INFO - Connected to Wazuh API
2026-07-11 16:45:05,764 - app.services.wazuh_api - INFO - Found 2 agents
2026-07-11 16:45:05,769 - app.main - INFO - Client connected
2026-07-11 16:45:05,822 - app.services.wazuh_api - INFO - Fetched 2 alerts from Indexer
2026-07-11 16:45:35,911 - app.services.wazuh_api - INFO - Fetched 2 alerts from Indexer
2026-07-11 16:45:35,950 - app.services.wazuh_api - INFO - Fetched 2 alerts from Indexer
2026-07-11 16:45:36,018 - app.services.wazuh_api - INFO - Found 2 agents
2026-07-11 16:46:05,876 - app.services.wazuh_api - INFO - Fetched 2 alerts from Indexer
2026-07-11 16:46:05,920 - app.services.wazuh_api - INFO - Fetched 2 alerts from Indexer
2026-07-11 16:46:05,967 - app.services.wazuh_api - INFO - Found 2 agents
2026-07-11 16:46:21,418 - app.services.wazuh_api - ERROR - Failed: 404
2026-07-11 16:46:21,459 - app.services.wazuh_api - INFO - Found 2 agents
2026-07-11 16:46:21,462 - app.main - INFO - Client connected
2026-07-11 16:46:21,493 - app.services.wazuh_api - ERROR - Failed: 404
2026-07-11 16:46:51,858 - app.services.wazuh_api - ERROR - Failed: 404
2026-07-11 16:46:51,885 - app.services.wazuh_api - ERROR - Failed: 404
2026-07-11 16:46:51,928 - app.services.wazuh_api - INFO - Found 2 agents
2026-07-11 16:47:21,886 - app.services.wazuh_api - ERROR - Failed: 400
2026-07-11 16:47:21,925 - app.services.wazuh_api - ERROR - Failed: 400
2026-07-11 16:47:21,992 - app.services.wazuh_api - INFO - Found 2 agents
2026-07-11 16:47:51,872 - app.services.wazuh_api - ERROR - Failed: 400
2026-07-11 16:47:51,918 - app.services.wazuh_api - ERROR - Failed: 400
2026-07-11 16:47:51,978 - app.services.wazuh_api - INFO - Found 2 agents
2026-07-11 16:48:21,860 - app.services.wazuh_api - ERROR - Failed: 400
2026-07-11 16:48:21,898 - app.services.wazuh_api - ERROR - Failed: 400
2026-07-11 16:48:21,958 - app.services.wazuh_api - INFO - Found 2 agents
2026-07-11 16:48:51,880 - app.services.wazuh_api - ERROR - Failed: 400
2026-07-11 16:48:51,925 - app.services.wazuh_api - ERROR - Failed: 400
2026-07-11 16:48:51,967 - app.services.wazuh_api - INFO - Found 2 agents
2026-07-11 16:49:21,883 - app.services.wazuh_api - ERROR - Failed: 400
2026-07-11 16:49:21,929 - app.services.wazuh_api - ERROR - Failed: 400
2026-07-11 16:49:21,995 - app.services.wazuh_api - INFO - Found 2 agents
2026-07-11 16:49:51,873 - app.services.wazuh_api - ERROR - Failed: 400
2026-07-11 16:49:51,919 - app.services.wazuh_api - ERROR - Failed: 400
2026-07-11 16:49:51,988 - app.services.wazuh_api - INFO - Found 2 agents
2026-07-11 16:50:37,907 - app.services.wazuh_api - INFO - Fetched 1 alerts from Indexer
2026-07-11 16:50:37,975 - app.services.wazuh_api - INFO - Found 2 agents
2026-07-11 16:50:38,018 - app.services.wazuh_api - INFO - Fetched 1 alerts from Indexer
2026-07-11 16:50:51,868 - app.services.wazuh_api - INFO - Fetched 1 alerts from Indexer
2026-07-11 16:50:51,960 - app.services.wazuh_api - INFO - Fetched 1 alerts from Indexer
2026-07-11 16:50:52,036 - app.services.wazuh_api - INFO - Found 2 agents
2026-07-11 16:51:21,433 - app.services.wazuh_api - INFO - Fetched 2 alerts from Indexer
2026-07-11 16:51:21,481 - app.services.wazuh_api - INFO - Fetched 2 alerts from Indexer
2026-07-11 16:51:21,544 - app.services.wazuh_api - INFO - Found 2 agents
2026-07-11 16:51:51,867 - app.services.wazuh_api - INFO - Fetched 2 alerts from Indexer
2026-07-11 16:51:51,914 - app.services.wazuh_api - INFO - Fetched 2 alerts from Indexer
2026-07-11 16:51:51,978 - app.services.wazuh_api - INFO - Found 2 agents
2026-07-11 16:52:21,881 - app.services.wazuh_api - INFO - Fetched 2 alerts from Indexer
2026-07-11 16:52:21,928 - app.services.wazuh_api - INFO - Fetched 2 alerts from Indexer
2026-07-11 16:52:21,999 - app.services.wazuh_api - INFO - Found 2 agents
2026-07-11 16:53:15,857 - app.services.wazuh_api - INFO - Fetched 2 alerts from Indexer
2026-07-11 16:53:15,899 - app.services.wazuh_api - INFO - Fetched 2 alerts from Indexer
2026-07-11 16:53:15,944 - app.services.wazuh_api - INFO - Found 2 agents
2026-07-11 16:54:06,771 - app.services.wazuh_api - INFO - Fetched 4 alerts from Indexer
2026-07-11 16:54:06,807 - app.services.wazuh_api - INFO - Fetched 4 alerts from Indexer
2026-07-11 16:54:06,871 - app.services.wazuh_api - INFO - Found 2 agents
2026-07-11 16:54:21,870 - app.services.wazuh_api - INFO - Fetched 4 alerts from Indexer
2026-07-11 16:54:21,915 - app.services.wazuh_api - INFO - Fetched 4 alerts from Indexer
2026-07-11 16:54:21,984 - app.services.wazuh_api - INFO - Found 2 agents
2026-07-11 16:54:51,928 - app.services.wazuh_api - INFO - Fetched 4 alerts from Indexer
2026-07-11 16:54:51,978 - app.services.wazuh_api - INFO - Fetched 4 alerts from Indexer
2026-07-11 16:54:52,038 - app.services.wazuh_api - INFO - Found 2 agents
2026-07-11 16:55:52,871 - app.services.wazuh_api - INFO - Fetched 4 alerts from Indexer
2026-07-11 16:55:52,919 - app.services.wazuh_api - INFO - Fetched 4 alerts from Indexer
2026-07-11 16:55:52,989 - app.services.wazuh_api - INFO - Found 2 agents
2026-07-11 16:56:21,425 - app.services.wazuh_api - INFO - Fetched 4 alerts from Indexer
2026-07-11 16:56:21,475 - app.services.wazuh_api - INFO - Fetched 4 alerts from Indexer
2026-07-11 16:56:21,537 - app.services.wazuh_api - INFO - Found 2 agents
2026-07-11 16:56:51,878 - app.services.wazuh_api - INFO - Fetched 4 alerts from Indexer
2026-07-11 16:56:51,925 - app.services.wazuh_api - INFO - Fetched 4 alerts from Indexer
2026-07-11 16:56:51,987 - app.services.wazuh_api - INFO - Found 2 agents
2026-07-11 16:57:21,865 - app.services.wazuh_api - INFO - Fetched 4 alerts from Indexer
2026-07-11 16:57:21,912 - app.services.wazuh_api - INFO - Fetched 4 alerts from Indexer
2026-07-11 16:57:21,981 - app.services.wazuh_api - INFO - Found 2 agents
2026-07-11 16:57:51,872 - app.services.wazuh_api - INFO - Fetched 4 alerts from Indexer
2026-07-11 16:57:51,960 - app.services.wazuh_api - INFO - Fetched 4 alerts from Indexer
2026-07-11 16:57:52,021 - app.services.wazuh_api - INFO - Found 2 agents
2026-07-11 16:58:21,874 - app.services.wazuh_api - INFO - Fetched 4 alerts from Indexer
2026-07-11 16:58:21,922 - app.services.wazuh_api - INFO - Fetched 4 alerts from Indexer
2026-07-11 16:58:22,009 - app.services.wazuh_api - INFO - Found 2 agents
2026-07-11 16:58:51,880 - app.services.wazuh_api - INFO - Fetched 4 alerts from Indexer
2026-07-11 16:58:51,929 - app.services.wazuh_api - INFO - Fetched 4 alerts from Indexer
2026-07-11 16:58:51,991 - app.services.wazuh_api - INFO - Found 2 agents
2026-07-11 16:59:21,879 - app.services.wazuh_api - INFO - Fetched 4 alerts from Indexer
2026-07-11 16:59:21,927 - app.services.wazuh_api - INFO - Fetched 4 alerts from Indexer
2026-07-11 16:59:21,974 - app.services.wazuh_api - INFO - Found 2 agents
2026-07-11 16:59:51,872 - app.services.wazuh_api - INFO - Fetched 4 alerts from Indexer
2026-07-11 16:59:51,922 - app.services.wazuh_api - INFO - Fetched 4 alerts from Indexer
2026-07-11 16:59:51,975 - app.services.wazuh_api - INFO - Found 2 agents
2026-07-11 17:00:21,868 - app.services.wazuh_api - INFO - Fetched 4 alerts from Indexer
2026-07-11 17:00:21,915 - app.services.wazuh_api - INFO - Fetched 4 alerts from Indexer
2026-07-11 17:00:21,941 - app.services.wazuh_api - ERROR - Failed: 401
2026-07-11 17:01:15,879 - app.services.wazuh_api - INFO - Fetched 4 alerts from Indexer
2026-07-11 17:01:15,926 - app.services.wazuh_api - INFO - Fetched 4 alerts from Indexer
2026-07-11 17:01:15,973 - app.services.wazuh_api - ERROR - Failed: 401
2026-07-11 17:01:25,594 - app.services.wazuh_api - INFO - Fetched 4 alerts from Indexer
2026-07-11 17:01:25,636 - app.services.wazuh_api - ERROR - Failed: 401
2026-07-11 17:01:25,666 - app.services.wazuh_api - INFO - Fetched 4 alerts from Indexer
2026-07-11 17:01:27,439 - app.services.wazuh_api - INFO - Fetched 4 alerts from Indexer
2026-07-11 17:01:27,468 - app.services.wazuh_api - ERROR - Failed: 401
2026-07-11 17:01:27,473 - app.main - INFO - Client connected
2026-07-11 17:01:27,506 - app.services.wazuh_api - INFO - Fetched 4 alerts from Indexer
2026-07-11 17:01:37,621 - __main__ - INFO - Starting EDR Dashboard on 0.0.0.0:5000
2026-07-11 17:01:37,622 - __main__ - INFO - Wazuh API: localhost:55000
2026-07-11 17:01:37,622 - __main__ - INFO - Model: D:\EDR-Project\dashboard\models_data\ecod.pkl
2026-07-11 17:01:37,625 - werkzeug - INFO -  * Restarting with stat
2026-07-11 17:01:41,538 - __main__ - INFO - Starting EDR Dashboard on 0.0.0.0:5000
2026-07-11 17:01:41,539 - __main__ - INFO - Wazuh API: localhost:55000
2026-07-11 17:01:41,539 - __main__ - INFO - Model: D:\EDR-Project\dashboard\models_data\ecod.pkl
2026-07-11 17:01:41,543 - werkzeug - WARNING -  * Debugger is active!
2026-07-11 17:01:41,547 - werkzeug - INFO -  * Debugger PIN: 243-289-687
2026-07-11 17:01:45,146 - app.main - INFO - Client connected
2026-07-11 17:01:45,226 - app.services.wazuh_api - INFO - Fetched 4 alerts from Indexer
2026-07-11 17:01:57,871 - app.services.wazuh_api - INFO - Fetched 4 alerts from Indexer
2026-07-11 17:01:57,918 - app.services.wazuh_api - INFO - Fetched 4 alerts from Indexer
2026-07-11 17:01:58,145 - app.services.wazuh_api - INFO - Connected to Wazuh API
2026-07-11 17:01:58,217 - app.services.wazuh_api - INFO - Found 2 agents
2026-07-11 17:02:27,865 - app.services.wazuh_api - INFO - Fetched 4 alerts from Indexer
2026-07-11 17:02:27,960 - app.services.wazuh_api - INFO - Fetched 4 alerts from Indexer
2026-07-11 17:02:28,036 - app.services.wazuh_api - INFO - Found 2 agents
2026-07-11 17:02:57,875 - app.services.wazuh_api - INFO - Fetched 4 alerts from Indexer
2026-07-11 17:02:57,926 - app.services.wazuh_api - INFO - Fetched 4 alerts from Indexer
2026-07-11 17:02:57,994 - app.services.wazuh_api - INFO - Found 2 agents
2026-07-11 17:03:21,593 - werkzeug - INFO -  * Detected change in 'D:\\EDR-Project\\dashboard\\app\\services\\wazuh_api.py', reloading
2026-07-11 17:03:21,929 - werkzeug - INFO -  * Restarting with stat
2026-07-11 17:03:25,750 - __main__ - INFO - Starting EDR Dashboard on 0.0.0.0:5000
2026-07-11 17:03:25,750 - __main__ - INFO - Wazuh API: localhost:55000
2026-07-11 17:03:25,750 - __main__ - INFO - Model: D:\EDR-Project\dashboard\models_data\ecod.pkl
2026-07-11 17:03:25,754 - werkzeug - WARNING -  * Debugger is active!
2026-07-11 17:03:25,758 - werkzeug - INFO -  * Debugger PIN: 243-289-687
2026-07-11 17:03:25,943 - app.main - INFO - Client connected
2026-07-11 17:03:26,025 - app.services.wazuh_api - INFO - Fetched 0 alerts from Indexer
2026-07-11 17:03:27,098 - werkzeug - INFO -  * Detected change in 'D:\\EDR-Project\\dashboard\\app\\services\\wazuh_api.py', reloading
2026-07-11 17:03:27,410 - werkzeug - INFO -  * Restarting with stat
2026-07-11 17:03:31,230 - __main__ - INFO - Starting EDR Dashboard on 0.0.0.0:5000
2026-07-11 17:03:31,231 - __main__ - INFO - Wazuh API: localhost:55000
2026-07-11 17:03:31,231 - __main__ - INFO - Model: D:\EDR-Project\dashboard\models_data\ecod.pkl
2026-07-11 17:03:31,235 - werkzeug - WARNING -  * Debugger is active!
2026-07-11 17:03:31,241 - werkzeug - INFO -  * Debugger PIN: 243-289-687
2026-07-11 17:03:32,286 - app.services.wazuh_api - INFO - Fetched 0 alerts from Indexer
2026-07-11 17:03:32,528 - app.services.wazuh_api - INFO - Connected to Wazuh API
2026-07-11 17:03:32,590 - app.services.wazuh_api - INFO - Found 2 agents
2026-07-11 17:03:32,595 - app.main - INFO - Client connected
2026-07-11 17:03:32,629 - app.services.wazuh_api - INFO - Fetched 0 alerts from Indexer
2026-07-11 17:04:02,895 - app.services.wazuh_api - INFO - Fetched 0 alerts from Indexer
2026-07-11 17:04:02,980 - app.services.wazuh_api - INFO - Fetched 0 alerts from Indexer
2026-07-11 17:04:03,028 - app.services.wazuh_api - INFO - Found 2 agents
2026-07-11 17:04:04,190 - app.services.wazuh_api - INFO - Fetched 0 alerts from Indexer
2026-07-11 17:04:04,253 - app.services.wazuh_api - INFO - Found 2 agents
2026-07-11 17:04:04,257 - app.main - INFO - Client connected
2026-07-11 17:04:04,301 - app.services.wazuh_api - INFO - Fetched 0 alerts from Indexer
2026-07-11 17:04:34,303 - app.services.wazuh_api - INFO - Fetched 0 alerts from Indexer
2026-07-11 17:04:34,344 - app.services.wazuh_api - INFO - Fetched 0 alerts from Indexer
2026-07-11 17:04:34,402 - app.services.wazuh_api - INFO - Found 2 agents
2026-07-11 17:05:04,869 - app.services.wazuh_api - INFO - Fetched 0 alerts from Indexer
2026-07-11 17:05:04,913 - app.services.wazuh_api - INFO - Fetched 0 alerts from Indexer
2026-07-11 17:05:04,957 - app.services.wazuh_api - INFO - Found 2 agents
2026-07-11 17:05:34,868 - app.services.wazuh_api - INFO - Fetched 0 alerts from Indexer
2026-07-11 17:05:35,183 - app.services.wazuh_api - INFO - Fetched 0 alerts from Indexer
2026-07-11 17:05:35,253 - app.services.wazuh_api - INFO - Found 2 agents
2026-07-11 17:05:38,664 - app.services.wazuh_api - INFO - Fetched 0 alerts from Indexer
2026-07-11 17:05:38,726 - app.services.wazuh_api - INFO - Found 2 agents
2026-07-11 17:05:38,729 - app.main - INFO - Client connected
2026-07-11 17:05:38,771 - app.services.wazuh_api - INFO - Fetched 0 alerts from Indexer
2026-07-11 17:05:39,540 - app.services.wazuh_api - INFO - Fetched 0 alerts from Indexer
2026-07-11 17:05:39,600 - app.services.wazuh_api - INFO - Found 2 agents
2026-07-11 17:05:39,604 - app.main - INFO - Client connected
2026-07-11 17:05:39,634 - app.services.wazuh_api - INFO - Fetched 0 alerts from Indexer
2026-07-11 17:05:49,602 - werkzeug - INFO -  * Detected change in 'D:\\EDR-Project\\dashboard\\app\\services\\wazuh_api.py', reloading
2026-07-11 17:05:49,905 - werkzeug - INFO -  * Restarting with stat
2026-07-11 17:05:53,489 - __main__ - INFO - Starting EDR Dashboard on 0.0.0.0:5000
2026-07-11 17:05:53,489 - __main__ - INFO - Wazuh API: localhost:55000
2026-07-11 17:05:53,489 - __main__ - INFO - Model: D:\EDR-Project\dashboard\models_data\ecod.pkl
2026-07-11 17:05:53,494 - werkzeug - WARNING -  * Debugger is active!
2026-07-11 17:05:53,498 - werkzeug - INFO -  * Debugger PIN: 243-289-687
2026-07-11 17:05:53,678 - app.main - INFO - Client connected
2026-07-11 17:05:53,721 - app.services.wazuh_api - INFO - Fetched 4 alerts from Indexer
2026-07-11 17:06:09,501 - app.services.wazuh_api - INFO - Fetched 4 alerts from Indexer
2026-07-11 17:06:09,550 - app.services.wazuh_api - INFO - Fetched 4 alerts from Indexer
2026-07-11 17:06:09,779 - app.services.wazuh_api - INFO - Connected to Wazuh API
2026-07-11 17:06:09,866 - app.services.wazuh_api - INFO - Found 2 agents
2026-07-11 17:06:14,200 - app.services.wazuh_api - INFO - Fetched 4 alerts from Indexer
2026-07-11 17:06:14,269 - app.services.wazuh_api - INFO - Found 2 agents
2026-07-11 17:06:14,274 - app.main - INFO - Client connected
2026-07-11 17:06:14,373 - app.services.wazuh_api - INFO - Fetched 4 alerts from Indexer
2026-07-11 17:06:24,541 - app.services.wazuh_api - INFO - Fetched 4 alerts from Indexer
2026-07-11 17:06:24,601 - app.services.wazuh_api - INFO - Found 2 agents
2026-07-11 17:06:24,606 - app.main - INFO - Client connected
2026-07-11 17:06:24,635 - app.services.wazuh_api - INFO - Fetched 4 alerts from Indexer
2026-07-11 17:06:54,560 - app.services.wazuh_api - INFO - Fetched 4 alerts from Indexer
2026-07-11 17:06:54,604 - app.services.wazuh_api - INFO - Fetched 4 alerts from Indexer
2026-07-11 17:06:54,667 - app.services.wazuh_api - INFO - Found 2 agents
2026-07-11 17:07:08,514 - app.services.wazuh_api - INFO - Fetched 7 alerts from Indexer
2026-07-11 17:07:08,575 - app.services.wazuh_api - INFO - Found 2 agents
2026-07-11 17:07:08,579 - app.main - INFO - Client connected
2026-07-11 17:07:08,622 - app.services.wazuh_api - INFO - Fetched 7 alerts from Indexer
2026-07-11 17:07:38,519 - app.services.wazuh_api - INFO - Fetched 8 alerts from Indexer
2026-07-11 17:07:38,566 - app.services.wazuh_api - INFO - Fetched 8 alerts from Indexer
2026-07-11 17:07:38,630 - app.services.wazuh_api - INFO - Found 2 agents
2026-07-11 17:08:08,868 - app.services.wazuh_api - INFO - Fetched 8 alerts from Indexer
2026-07-11 17:08:08,914 - app.services.wazuh_api - INFO - Fetched 8 alerts from Indexer
2026-07-11 17:08:08,975 - app.services.wazuh_api - INFO - Found 2 agents
2026-07-11 17:08:38,875 - app.services.wazuh_api - INFO - Fetched 8 alerts from Indexer
2026-07-11 17:08:38,950 - app.services.wazuh_api - INFO - Fetched 8 alerts from Indexer
2026-07-11 17:08:39,014 - app.services.wazuh_api - INFO - Found 2 agents
2026-07-11 17:09:08,877 - app.services.wazuh_api - INFO - Fetched 8 alerts from Indexer
2026-07-11 17:09:08,968 - app.services.wazuh_api - INFO - Fetched 8 alerts from Indexer
2026-07-11 17:09:09,033 - app.services.wazuh_api - INFO - Found 2 agents
2026-07-13 06:40:31,685 - __main__ - INFO - Starting EDR Dashboard on 0.0.0.0:5000
2026-07-13 06:40:31,685 - __main__ - INFO - Wazuh API: localhost:55000
2026-07-13 06:40:31,686 - __main__ - INFO - Model: D:\EDR-Project\dashboard\models_data\ecod.pkl
2026-07-13 06:40:31,690 - werkzeug - INFO -  * Restarting with stat
2026-07-13 06:40:35,119 - __main__ - INFO - Starting EDR Dashboard on 0.0.0.0:5000
2026-07-13 06:40:35,119 - __main__ - INFO - Wazuh API: localhost:55000
2026-07-13 06:40:35,119 - __main__ - INFO - Model: D:\EDR-Project\dashboard\models_data\ecod.pkl
2026-07-13 06:40:35,123 - werkzeug - WARNING -  * Debugger is active!
2026-07-13 06:40:35,128 - werkzeug - INFO -  * Debugger PIN: 243-289-687
2026-07-13 06:41:09,804 - werkzeug - INFO -  * Detected change in 'D:\\EDR-Project\\dashboard\\app\\config.py', reloading
2026-07-13 06:41:10,145 - werkzeug - INFO -  * Restarting with stat
2026-07-13 06:41:12,259 - app.models.detector - ERROR - [ERROR] Model file not found: D:\EDR-Project\dashboard\models_data\.pkl
2026-07-13 06:41:12,264 - __main__ - INFO - Starting EDR Dashboard on 0.0.0.0:5000
2026-07-13 06:41:12,264 - __main__ - INFO - Wazuh API: localhost:55000
2026-07-13 06:41:12,264 - __main__ - INFO - Model: D:\EDR-Project\dashboard\models_data\.pkl
2026-07-13 06:41:12,268 - werkzeug - WARNING -  * Debugger is active!
2026-07-13 06:41:12,273 - werkzeug - INFO -  * Debugger PIN: 243-289-687
2026-07-13 06:41:13,579 - werkzeug - INFO -  * Detected change in 'D:\\EDR-Project\\dashboard\\app\\config.py', reloading
2026-07-13 06:41:13,760 - werkzeug - INFO -  * Restarting with stat
2026-07-13 06:41:16,946 - __main__ - INFO - Starting EDR Dashboard on 0.0.0.0:5000
2026-07-13 06:41:16,946 - __main__ - INFO - Wazuh API: localhost:55000
2026-07-13 06:41:16,947 - __main__ - INFO - Model: D:\EDR-Project\dashboard\models_data\knn.pkl
2026-07-13 06:41:16,950 - werkzeug - WARNING -  * Debugger is active!
2026-07-13 06:41:16,956 - werkzeug - INFO -  * Debugger PIN: 243-289-687
2026-07-13 06:42:46,989 - __main__ - INFO - Starting EDR Dashboard on 0.0.0.0:5000
2026-07-13 06:42:46,989 - __main__ - INFO - Wazuh API: localhost:55000
2026-07-13 06:42:46,989 - __main__ - INFO - Model: D:\EDR-Project\dashboard\models_data\knn.pkl
2026-07-13 06:42:46,994 - werkzeug - INFO -  * Restarting with stat
2026-07-13 06:42:49,787 - __main__ - INFO - Starting EDR Dashboard on 0.0.0.0:5000
2026-07-13 06:42:49,787 - __main__ - INFO - Wazuh API: localhost:55000
2026-07-13 06:42:49,787 - __main__ - INFO - Model: D:\EDR-Project\dashboard\models_data\knn.pkl
2026-07-13 06:42:49,790 - werkzeug - WARNING -  * Debugger is active!
2026-07-13 06:42:49,794 - werkzeug - INFO -  * Debugger PIN: 243-289-687
2026-07-13 06:47:33,834 - app.models.detector - WARNING - Joblib failed, trying pickle: No module named 'numpy._core'
2026-07-13 06:47:33,874 - __main__ - INFO - Starting EDR Dashboard on 0.0.0.0:5000
2026-07-13 06:47:33,874 - __main__ - INFO - Wazuh API: localhost:55000
2026-07-13 06:47:33,874 - __main__ - INFO - Model: D:\EDR-Project\dashboard\models_data\knn.pkl
2026-07-13 06:47:33,878 - werkzeug - INFO -  * Restarting with stat
2026-07-13 06:47:36,576 - app.models.detector - WARNING - Joblib failed, trying pickle: No module named 'numpy._core'
2026-07-13 06:47:36,591 - __main__ - INFO - Starting EDR Dashboard on 0.0.0.0:5000
2026-07-13 06:47:36,591 - __main__ - INFO - Wazuh API: localhost:55000
2026-07-13 06:47:36,591 - __main__ - INFO - Model: D:\EDR-Project\dashboard\models_data\knn.pkl
2026-07-13 06:47:36,595 - werkzeug - WARNING -  * Debugger is active!
2026-07-13 06:47:36,599 - werkzeug - INFO -  * Debugger PIN: 243-289-687
2026-07-13 06:48:02,334 - app.services.wazuh_api - INFO - Fetched 9 alerts from Indexer
2026-07-13 06:48:02,545 - app.services.wazuh_api - INFO - Connected to Wazuh API
2026-07-13 06:48:02,631 - app.services.wazuh_api - INFO - Found 2 agents
2026-07-13 06:48:02,636 - app.main - INFO - Client connected
2026-07-13 06:48:02,695 - app.services.wazuh_api - INFO - Fetched 9 alerts from Indexer
2026-07-13 06:48:19,660 - app.services.wazuh_api - INFO - Fetched 9 alerts from Indexer
2026-07-13 06:48:19,723 - app.services.wazuh_api - INFO - Found 2 agents
2026-07-13 06:48:19,727 - app.main - INFO - Client connected
2026-07-13 06:48:19,792 - app.services.wazuh_api - INFO - Fetched 9 alerts from Indexer
2026-07-13 06:48:50,105 - app.services.wazuh_api - INFO - Fetched 9 alerts from Indexer
2026-07-13 06:48:50,151 - app.services.wazuh_api - INFO - Fetched 9 alerts from Indexer
2026-07-13 06:48:50,210 - app.services.wazuh_api - INFO - Found 2 agents
2026-07-13 06:49:20,102 - app.services.wazuh_api - INFO - Fetched 9 alerts from Indexer
2026-07-13 06:49:20,149 - app.services.wazuh_api - INFO - Fetched 9 alerts from Indexer
2026-07-13 06:49:20,208 - app.services.wazuh_api - INFO - Found 2 agents
2026-07-13 06:49:49,704 - app.services.wazuh_api - INFO - Fetched 9 alerts from Indexer
2026-07-13 06:49:49,753 - app.services.wazuh_api - INFO - Fetched 9 alerts from Indexer
2026-07-13 06:49:49,811 - app.services.wazuh_api - INFO - Found 2 agents
2026-07-13 06:49:51,548 - app.services.wazuh_api - INFO - Fetched 9 alerts from Indexer
2026-07-13 06:49:51,591 - app.services.wazuh_api - INFO - Found 2 agents
2026-07-13 06:49:51,595 - app.main - INFO - Client connected
2026-07-13 06:49:51,641 - app.services.wazuh_api - INFO - Fetched 9 alerts from Indexer
2026-07-13 06:50:22,099 - app.services.wazuh_api - INFO - Fetched 9 alerts from Indexer
2026-07-13 06:50:22,146 - app.services.wazuh_api - INFO - Fetched 9 alerts from Indexer
2026-07-13 06:50:22,198 - app.services.wazuh_api - INFO - Found 2 agents
2026-07-13 06:50:52,108 - app.services.wazuh_api - INFO - Fetched 9 alerts from Indexer
2026-07-13 06:50:52,153 - app.services.wazuh_api - INFO - Fetched 9 alerts from Indexer
2026-07-13 06:50:52,190 - app.services.wazuh_api - INFO - Found 2 agents
2026-07-13 06:51:12,592 - app.services.wazuh_api - INFO - Fetched 9 alerts from Indexer
2026-07-13 06:51:12,650 - app.services.wazuh_api - INFO - Found 2 agents
2026-07-13 06:51:12,654 - app.main - INFO - Client connected
2026-07-13 06:51:12,707 - app.services.wazuh_api - INFO - Fetched 9 alerts from Indexer
2026-07-13 06:51:43,113 - app.services.wazuh_api - INFO - Fetched 9 alerts from Indexer
2026-07-13 06:51:43,146 - app.services.wazuh_api - INFO - Fetched 9 alerts from Indexer
2026-07-13 06:51:43,205 - app.services.wazuh_api - INFO - Found 2 agents
2026-07-13 06:52:13,095 - app.services.wazuh_api - ERROR - Failed: 404
2026-07-13 06:52:13,144 - app.services.wazuh_api - ERROR - Failed: 404
2026-07-13 06:52:13,189 - app.services.wazuh_api - INFO - Found 2 agents
2026-07-13 06:52:24,381 - app.services.wazuh_api - ERROR - Failed: 404
2026-07-13 06:52:24,436 - app.services.wazuh_api - INFO - Found 2 agents
2026-07-13 06:52:24,440 - app.main - INFO - Client connected
2026-07-13 06:52:24,473 - app.services.wazuh_api - ERROR - Failed: 404
2026-07-13 06:52:55,103 - app.services.wazuh_api - ERROR - Failed: 404
2026-07-13 06:52:55,147 - app.services.wazuh_api - ERROR - Failed: 404
2026-07-13 06:52:55,215 - app.services.wazuh_api - INFO - Found 2 agents
2026-07-13 06:53:25,111 - app.services.wazuh_api - ERROR - Failed: 404
2026-07-13 06:53:25,155 - app.services.wazuh_api - ERROR - Failed: 404
2026-07-13 06:53:25,213 - app.services.wazuh_api - INFO - Found 2 agents
2026-07-13 06:53:30,933 - app.services.wazuh_api - ERROR - Failed: 404
2026-07-13 06:53:30,991 - app.services.wazuh_api - INFO - Found 2 agents
2026-07-13 06:53:30,997 - app.main - INFO - Client connected
2026-07-13 06:53:31,048 - app.services.wazuh_api - ERROR - Failed: 404
2026-07-13 06:53:32,137 - app.services.wazuh_api - ERROR - Failed: 404
2026-07-13 06:53:34,664 - app.services.wazuh_api - INFO - Found 2 agents
2026-07-13 06:53:34,669 - app.main - INFO - Client connected
2026-07-13 06:53:34,673 - engineio.server - ERROR - 'Session is disconnected' 044X_0ma7JG5c-NYAAAM (further occurrences of this error will be logged with level INFO)
2026-07-13 06:53:34,746 - app.services.wazuh_api - ERROR - Failed: 404
2026-07-13 06:53:34,866 - app.services.wazuh_api - INFO - Found 2 agents
2026-07-13 06:53:34,871 - app.main - INFO - Client connected
2026-07-13 06:53:34,913 - app.services.wazuh_api - ERROR - Failed: 404
2026-07-13 06:54:05,100 - app.services.wazuh_api - ERROR - Failed: 404
2026-07-13 06:54:05,126 - app.services.wazuh_api - ERROR - Failed: 404
2026-07-13 06:54:05,166 - app.services.wazuh_api - INFO - Found 2 agents
2026-07-13 06:54:35,099 - app.services.wazuh_api - ERROR - Failed: 404
2026-07-13 06:54:35,142 - app.services.wazuh_api - ERROR - Failed: 404
2026-07-13 06:54:35,202 - app.services.wazuh_api - INFO - Found 2 agents
2026-07-13 06:55:05,108 - app.services.wazuh_api - ERROR - Failed: 404
2026-07-13 06:55:05,152 - app.services.wazuh_api - ERROR - Failed: 404
2026-07-13 06:55:05,191 - app.services.wazuh_api - INFO - Found 2 agents
2026-07-13 06:55:28,899 - app.services.wazuh_api - ERROR - Failed: 404
2026-07-13 06:55:28,942 - app.services.wazuh_api - INFO - Found 2 agents
2026-07-13 06:55:28,945 - app.main - INFO - Client connected
2026-07-13 06:55:28,989 - app.services.wazuh_api - ERROR - Failed: 404
2026-07-13 06:55:59,100 - app.services.wazuh_api - ERROR - Failed: 404
2026-07-13 06:55:59,146 - app.services.wazuh_api - ERROR - Failed: 404
2026-07-13 06:55:59,212 - app.services.wazuh_api - INFO - Found 2 agents
2026-07-13 06:56:29,100 - app.services.wazuh_api - ERROR - Failed: 404
2026-07-13 06:56:29,147 - app.services.wazuh_api - ERROR - Failed: 404
2026-07-13 06:56:29,188 - app.services.wazuh_api - INFO - Found 2 agents
2026-07-13 06:56:59,091 - app.services.wazuh_api - ERROR - Failed: 404
2026-07-13 06:56:59,125 - app.services.wazuh_api - ERROR - Failed: 404
2026-07-13 06:56:59,171 - app.services.wazuh_api - INFO - Found 2 agents
2026-07-13 06:57:29,108 - app.services.wazuh_api - ERROR - Failed: 404
2026-07-13 06:57:29,140 - app.services.wazuh_api - ERROR - Failed: 404
2026-07-13 06:57:29,200 - app.services.wazuh_api - INFO - Found 2 agents
2026-07-13 06:57:59,089 - app.services.wazuh_api - ERROR - Failed: 404
2026-07-13 06:57:59,131 - app.services.wazuh_api - ERROR - Failed: 404
2026-07-13 06:57:59,180 - app.services.wazuh_api - INFO - Found 2 agents
2026-07-13 06:58:29,101 - app.services.wazuh_api - ERROR - Failed: 404
2026-07-13 06:58:29,146 - app.services.wazuh_api - ERROR - Failed: 404
2026-07-13 06:58:29,189 - app.services.wazuh_api - INFO - Found 2 agents
2026-07-13 06:58:49,911 - app.services.wazuh_api - ERROR - Failed: 404
2026-07-13 06:58:49,962 - app.services.wazuh_api - INFO - Found 2 agents
2026-07-13 06:58:49,965 - app.main - INFO - Client connected
2026-07-13 06:58:50,011 - app.services.wazuh_api - ERROR - Failed: 404
2026-07-13 06:58:50,792 - app.services.wazuh_api - ERROR - Failed: 404
2026-07-13 06:58:50,833 - app.services.wazuh_api - INFO - Found 2 agents
2026-07-13 06:58:50,838 - app.main - INFO - Client connected
2026-07-13 06:58:50,869 - app.services.wazuh_api - ERROR - Failed: 404
2026-07-13 06:59:21,100 - app.services.wazuh_api - ERROR - Failed: 404
2026-07-13 06:59:21,142 - app.services.wazuh_api - ERROR - Failed: 404
2026-07-13 06:59:21,205 - app.services.wazuh_api - INFO - Found 2 agents
2026-07-13 06:59:51,087 - app.services.wazuh_api - ERROR - Failed: 404
2026-07-13 06:59:51,122 - app.services.wazuh_api - ERROR - Failed: 404
2026-07-13 06:59:51,176 - app.services.wazuh_api - INFO - Found 2 agents
2026-07-13 07:00:20,007 - app.services.wazuh_api - ERROR - Failed: 400
2026-07-13 07:00:20,048 - app.services.wazuh_api - INFO - Found 2 agents
2026-07-13 07:00:20,052 - app.main - INFO - Client connected
2026-07-13 07:00:20,097 - app.services.wazuh_api - ERROR - Failed: 400
2026-07-13 07:00:50,108 - app.services.wazuh_api - ERROR - Failed: 400
2026-07-13 07:00:50,144 - app.services.wazuh_api - ERROR - Failed: 400
2026-07-13 07:00:50,200 - app.services.wazuh_api - INFO - Found 2 agents
2026-07-13 07:01:20,104 - app.services.wazuh_api - ERROR - Failed: 400
2026-07-13 07:01:20,142 - app.services.wazuh_api - ERROR - Failed: 400
2026-07-13 07:01:20,202 - app.services.wazuh_api - INFO - Found 2 agents
2026-07-13 07:01:50,086 - app.services.wazuh_api - ERROR - Failed: 400
2026-07-13 07:01:50,126 - app.services.wazuh_api - ERROR - Failed: 400
2026-07-13 07:01:50,189 - app.services.wazuh_api - INFO - Found 2 agents
2026-07-13 07:02:20,118 - app.services.wazuh_api - ERROR - Failed: 400
2026-07-13 07:02:20,156 - app.services.wazuh_api - ERROR - Failed: 400
2026-07-13 07:02:20,217 - app.services.wazuh_api - INFO - Found 2 agents
2026-07-13 07:02:50,111 - app.services.wazuh_api - ERROR - Failed: 400
2026-07-13 07:02:50,158 - app.services.wazuh_api - ERROR - Failed: 400
2026-07-13 07:02:50,226 - app.services.wazuh_api - INFO - Found 2 agents
2026-07-13 07:03:20,104 - app.services.wazuh_api - ERROR - Failed: 400
2026-07-13 07:03:20,413 - app.services.wazuh_api - ERROR - Failed: 400
2026-07-13 07:03:20,438 - app.services.wazuh_api - ERROR - Failed: 401
2026-07-13 07:03:50,100 - app.services.wazuh_api - ERROR - Failed: 400
2026-07-13 07:03:50,143 - app.services.wazuh_api - ERROR - Failed: 400
2026-07-13 07:03:50,192 - app.services.wazuh_api - ERROR - Failed: 401
2026-07-13 07:04:45,099 - app.services.wazuh_api - ERROR - Failed: 400
2026-07-13 07:04:45,145 - app.services.wazuh_api - ERROR - Failed: 400
2026-07-13 07:04:45,187 - app.services.wazuh_api - ERROR - Failed: 401
2026-07-13 07:05:38,277 - app.services.wazuh_api - ERROR - Failed: 400
2026-07-13 07:05:38,315 - app.services.wazuh_api - ERROR - Failed: 401
2026-07-13 07:05:38,361 - app.services.wazuh_api - ERROR - Failed: 400
2026-07-13 07:05:41,730 - app.services.wazuh_api - ERROR - Failed: 400
2026-07-13 07:05:41,769 - app.services.wazuh_api - ERROR - Failed: 401
2026-07-13 07:05:41,774 - app.main - INFO - Client connected
2026-07-13 07:05:41,808 - app.services.wazuh_api - ERROR - Failed: 400
2026-07-13 07:06:57,478 - app.models.detector - WARNING - Joblib failed, trying pickle: No module named 'numpy._core'
2026-07-13 07:06:57,490 - __main__ - INFO - Starting EDR Dashboard on 0.0.0.0:5000
2026-07-13 07:06:57,491 - __main__ - INFO - Wazuh API: localhost:55000
2026-07-13 07:06:57,491 - __main__ - INFO - Model: D:\EDR-Project\dashboard\models_data\knn.pkl
2026-07-13 07:06:57,494 - werkzeug - INFO -  * Restarting with stat
2026-07-13 07:07:00,335 - app.models.detector - WARNING - Joblib failed, trying pickle: No module named 'numpy._core'
2026-07-13 07:07:00,349 - __main__ - INFO - Starting EDR Dashboard on 0.0.0.0:5000
2026-07-13 07:07:00,349 - __main__ - INFO - Wazuh API: localhost:55000
2026-07-13 07:07:00,349 - __main__ - INFO - Model: D:\EDR-Project\dashboard\models_data\knn.pkl
2026-07-13 07:07:00,352 - werkzeug - WARNING -  * Debugger is active!
2026-07-13 07:07:00,357 - werkzeug - INFO -  * Debugger PIN: 243-289-687
2026-07-13 07:07:02,453 - app.services.wazuh_api - INFO - Fetched 64 alerts from Indexer
2026-07-13 07:07:02,696 - app.services.wazuh_api - INFO - Connected to Wazuh API
2026-07-13 07:07:02,763 - app.services.wazuh_api - INFO - Found 2 agents
2026-07-13 07:07:02,768 - app.main - INFO - Client connected
2026-07-13 07:07:02,816 - app.services.wazuh_api - INFO - Fetched 20 alerts from Indexer
2026-07-13 07:07:33,097 - app.services.wazuh_api - INFO - Fetched 20 alerts from Indexer
2026-07-13 07:07:33,152 - app.services.wazuh_api - INFO - Fetched 64 alerts from Indexer
2026-07-13 07:07:33,201 - app.services.wazuh_api - INFO - Found 2 agents
2026-07-13 07:08:03,102 - app.services.wazuh_api - INFO - Fetched 20 alerts from Indexer
2026-07-13 07:08:03,149 - app.services.wazuh_api - INFO - Fetched 64 alerts from Indexer
2026-07-13 07:08:03,201 - app.services.wazuh_api - INFO - Found 2 agents
2026-07-13 07:08:12,481 - werkzeug - INFO -  * Detected change in 'D:\\EDR-Project\\dashboard\\app\\main.py', reloading
2026-07-13 07:08:12,737 - werkzeug - INFO -  * Restarting with stat
2026-07-13 07:08:15,669 - app.models.detector - WARNING - Joblib failed, trying pickle: No module named 'numpy._core'
2026-07-13 07:08:15,681 - __main__ - INFO - Starting EDR Dashboard on 0.0.0.0:5000
2026-07-13 07:08:15,682 - __main__ - INFO - Wazuh API: localhost:55000
2026-07-13 07:08:15,682 - __main__ - INFO - Model: D:\EDR-Project\dashboard\models_data\knn.pkl
2026-07-13 07:08:15,685 - werkzeug - WARNING -  * Debugger is active!
2026-07-13 07:08:15,689 - werkzeug - INFO -  * Debugger PIN: 243-289-687
2026-07-13 07:08:15,912 - app.main - INFO - Client connected
2026-07-13 07:08:15,956 - app.services.wazuh_api - INFO - Fetched 20 alerts from Indexer
2026-07-13 07:08:18,014 - app.services.wazuh_api - INFO - Fetched 65 alerts from Indexer
2026-07-13 07:08:18,262 - app.services.wazuh_api - INFO - Connected to Wazuh API
2026-07-13 07:08:18,329 - app.services.wazuh_api - INFO - Found 2 agents
2026-07-13 07:08:18,333 - app.main - INFO - Client connected
2026-07-13 07:08:18,383 - app.services.wazuh_api - INFO - Fetched 20 alerts from Indexer
2026-07-13 07:08:40,802 - app.services.wazuh_api - INFO - Fetched 66 alerts from Indexer
2026-07-13 07:08:40,852 - app.services.wazuh_api - INFO - Found 2 agents
2026-07-13 07:08:40,857 - app.main - INFO - Client connected
2026-07-13 07:08:40,905 - app.services.wazuh_api - INFO - Fetched 20 alerts from Indexer
2026-07-13 07:09:11,111 - app.services.wazuh_api - INFO - Fetched 20 alerts from Indexer
2026-07-13 07:09:11,159 - app.services.wazuh_api - INFO - Fetched 66 alerts from Indexer
2026-07-13 07:09:11,210 - app.services.wazuh_api - INFO - Found 2 agents
2026-07-13 07:09:22,696 - app.models.detector - WARNING - Joblib failed, trying pickle: No module named 'numpy._core'
2026-07-13 07:09:22,708 - __main__ - INFO - Starting EDR Dashboard on 0.0.0.0:5000
2026-07-13 07:09:22,709 - __main__ - INFO - Wazuh API: localhost:55000
2026-07-13 07:09:22,709 - __main__ - INFO - Model: D:\EDR-Project\dashboard\models_data\knn.pkl
2026-07-13 07:09:22,712 - werkzeug - INFO -  * Restarting with stat
2026-07-13 07:09:25,651 - app.models.detector - WARNING - Joblib failed, trying pickle: No module named 'numpy._core'
2026-07-13 07:09:25,663 - __main__ - INFO - Starting EDR Dashboard on 0.0.0.0:5000
2026-07-13 07:09:25,664 - __main__ - INFO - Wazuh API: localhost:55000
2026-07-13 07:09:25,664 - __main__ - INFO - Model: D:\EDR-Project\dashboard\models_data\knn.pkl
2026-07-13 07:09:25,674 - werkzeug - WARNING -  * Debugger is active!
2026-07-13 07:09:25,679 - werkzeug - INFO -  * Debugger PIN: 243-289-687
2026-07-13 07:09:25,906 - app.services.wazuh_api - INFO - Fetched 68 alerts from Indexer
2026-07-13 07:09:26,141 - app.services.wazuh_api - INFO - Connected to Wazuh API
2026-07-13 07:09:26,219 - app.services.wazuh_api - INFO - Found 2 agents
2026-07-13 07:09:26,226 - app.main - INFO - Client connected
2026-07-13 07:09:26,276 - app.services.wazuh_api - INFO - Fetched 20 alerts from Indexer
2026-07-13 07:09:52,430 - werkzeug - INFO -  * Detected change in 'D:\\EDR-Project\\dashboard\\app\\main.py', reloading
2026-07-13 07:09:52,678 - werkzeug - INFO -  * Restarting with stat
2026-07-13 07:09:55,546 - app.models.detector - WARNING - Joblib failed, trying pickle: No module named 'numpy._core'
2026-07-13 07:09:55,558 - __main__ - INFO - Starting EDR Dashboard on 0.0.0.0:5000
2026-07-13 07:09:55,558 - __main__ - INFO - Wazuh API: localhost:55000
2026-07-13 07:09:55,558 - __main__ - INFO - Model: D:\EDR-Project\dashboard\models_data\knn.pkl
2026-07-13 07:09:55,561 - werkzeug - WARNING -  * Debugger is active!
2026-07-13 07:09:55,565 - werkzeug - INFO -  * Debugger PIN: 243-289-687
2026-07-13 07:09:55,886 - app.main - INFO - Client connected
2026-07-13 07:09:55,923 - app.services.wazuh_api - INFO - Fetched 20 alerts from Indexer
2026-07-13 07:09:56,198 - app.services.wazuh_api - INFO - Fetched 20 alerts from Indexer
2026-07-13 07:09:56,252 - app.services.wazuh_api - INFO - Fetched 69 alerts from Indexer
2026-07-13 07:09:56,479 - app.services.wazuh_api - INFO - Connected to Wazuh API
2026-07-13 07:09:56,552 - app.services.wazuh_api - INFO - Found 2 agents
2026-07-13 07:10:02,403 - werkzeug - INFO -  * Detected change in 'D:\\EDR-Project\\dashboard\\app\\main.py', reloading
2026-07-13 07:10:02,642 - werkzeug - INFO -  * Restarting with stat
2026-07-13 07:10:05,441 - app.models.detector - WARNING - Joblib failed, trying pickle: No module named 'numpy._core'
2026-07-13 07:10:05,453 - __main__ - INFO - Starting EDR Dashboard on 0.0.0.0:5000
2026-07-13 07:10:05,453 - __main__ - INFO - Wazuh API: localhost:55000
2026-07-13 07:10:05,454 - __main__ - INFO - Model: D:\EDR-Project\dashboard\models_data\knn.pkl
2026-07-13 07:10:05,457 - werkzeug - WARNING -  * Debugger is active!
2026-07-13 07:10:05,460 - werkzeug - INFO -  * Debugger PIN: 243-289-687
2026-07-13 07:10:05,667 - app.main - INFO - Client connected
2026-07-13 07:10:05,709 - app.services.wazuh_api - INFO - Fetched 20 alerts from Indexer
2026-07-13 07:10:10,114 - werkzeug - INFO -  * Detected change in 'D:\\EDR-Project\\dashboard\\app\\main.py', reloading
2026-07-13 07:10:10,364 - werkzeug - INFO -  * Restarting with stat
2026-07-13 07:10:13,241 - app.models.detector - WARNING - Joblib failed, trying pickle: No module named 'numpy._core'
2026-07-13 07:10:13,254 - __main__ - INFO - Starting EDR Dashboard on 0.0.0.0:5000
2026-07-13 07:10:13,254 - __main__ - INFO - Wazuh API: localhost:55000
2026-07-13 07:10:13,254 - __main__ - INFO - Model: D:\EDR-Project\dashboard\models_data\knn.pkl
2026-07-13 07:10:13,258 - werkzeug - WARNING -  * Debugger is active!
2026-07-13 07:10:13,262 - werkzeug - INFO -  * Debugger PIN: 243-289-687
2026-07-13 07:10:13,400 - app.main - INFO - Client connected
2026-07-13 07:10:13,442 - app.services.wazuh_api - INFO - Fetched 20 alerts from Indexer
2026-07-13 07:10:21,589 - app.services.wazuh_api - INFO - Fetched 71 alerts from Indexer
2026-07-13 07:10:21,830 - app.services.wazuh_api - INFO - Connected to Wazuh API
2026-07-13 07:10:21,908 - app.services.wazuh_api - INFO - Found 2 agents
2026-07-13 07:10:21,913 - app.main - INFO - Client connected
2026-07-13 07:10:21,961 - app.services.wazuh_api - INFO - Fetched 20 alerts from Indexer
2026-07-13 07:10:48,886 - app.services.wazuh_api - INFO - Fetched 72 alerts from Indexer
2026-07-13 07:10:48,943 - app.services.wazuh_api - INFO - Found 2 agents
2026-07-13 07:10:48,948 - app.main - INFO - Client connected
2026-07-13 07:10:48,994 - app.services.wazuh_api - INFO - Fetched 20 alerts from Indexer
2026-07-13 07:11:19,106 - app.services.wazuh_api - INFO - Fetched 20 alerts from Indexer
2026-07-13 07:11:19,148 - app.services.wazuh_api - INFO - Fetched 72 alerts from Indexer
2026-07-13 07:11:19,212 - app.services.wazuh_api - INFO - Found 2 agents
2026-07-13 07:11:22,547 - werkzeug - INFO -  * Detected change in 'D:\\EDR-Project\\dashboard\\app\\main.py', reloading
2026-07-13 07:11:22,801 - werkzeug - INFO -  * Restarting with stat
2026-07-13 07:11:25,819 - app.models.detector - WARNING - Joblib failed, trying pickle: No module named 'numpy._core'
2026-07-13 07:11:25,831 - __main__ - INFO - Starting EDR Dashboard on 0.0.0.0:5000
2026-07-13 07:11:25,832 - __main__ - INFO - Wazuh API: localhost:55000
2026-07-13 07:11:25,832 - __main__ - INFO - Model: D:\EDR-Project\dashboard\models_data\knn.pkl
2026-07-13 07:11:25,834 - werkzeug - WARNING -  * Debugger is active!
2026-07-13 07:11:25,839 - werkzeug - INFO -  * Debugger PIN: 243-289-687
2026-07-13 07:11:26,185 - app.main - INFO - Client connected
2026-07-13 07:11:26,226 - app.services.wazuh_api - INFO - Fetched 20 alerts from Indexer
2026-07-13 07:11:49,110 - app.services.wazuh_api - INFO - Fetched 20 alerts from Indexer
2026-07-13 07:11:49,149 - app.services.wazuh_api - INFO - Fetched 73 alerts from Indexer
2026-07-13 07:11:49,406 - app.services.wazuh_api - INFO - Connected to Wazuh API
2026-07-13 07:11:49,483 - app.services.wazuh_api - INFO - Found 2 agents
2026-07-13 07:11:57,297 - app.models.detector - WARNING - Joblib failed, trying pickle: No module named 'numpy._core'
2026-07-13 07:11:57,309 - __main__ - INFO - Starting EDR Dashboard on 0.0.0.0:5000
2026-07-13 07:11:57,309 - __main__ - INFO - Wazuh API: localhost:55000
2026-07-13 07:11:57,310 - __main__ - INFO - Model: D:\EDR-Project\dashboard\models_data\knn.pkl
2026-07-13 07:11:57,313 - werkzeug - INFO -  * Restarting with stat
2026-07-13 07:11:59,931 - app.models.detector - WARNING - Joblib failed, trying pickle: No module named 'numpy._core'
2026-07-13 07:11:59,942 - __main__ - INFO - Starting EDR Dashboard on 0.0.0.0:5000
2026-07-13 07:11:59,942 - __main__ - INFO - Wazuh API: localhost:55000
2026-07-13 07:11:59,943 - __main__ - INFO - Model: D:\EDR-Project\dashboard\models_data\knn.pkl
2026-07-13 07:11:59,946 - werkzeug - WARNING -  * Debugger is active!
2026-07-13 07:11:59,949 - werkzeug - INFO -  * Debugger PIN: 243-289-687
2026-07-13 07:12:00,385 - app.main - INFO - Client connected
2026-07-13 07:12:00,420 - app.services.wazuh_api - INFO - Fetched 20 alerts from Indexer
2026-07-13 07:12:03,114 - app.services.wazuh_api - INFO - Fetched 75 alerts from Indexer
2026-07-13 07:12:03,335 - app.services.wazuh_api - INFO - Connected to Wazuh API
2026-07-13 07:12:03,409 - app.services.wazuh_api - INFO - Found 2 agents
2026-07-13 07:12:03,415 - app.main - INFO - Client connected
2026-07-13 07:12:03,473 - app.services.wazuh_api - INFO - Fetched 20 alerts from Indexer
2026-07-13 07:12:34,097 - app.services.wazuh_api - ERROR - Failed: 404
2026-07-13 07:12:34,148 - app.services.wazuh_api - ERROR - Failed: 404
2026-07-13 07:12:34,193 - app.services.wazuh_api - INFO - Found 2 agents
2026-07-13 07:13:04,101 - app.services.wazuh_api - INFO - Fetched 20 alerts from Indexer
2026-07-13 07:13:04,139 - app.services.wazuh_api - INFO - Fetched 77 alerts from Indexer
2026-07-13 07:13:04,188 - app.services.wazuh_api - INFO - Found 2 agents
2026-07-13 07:13:34,098 - app.services.wazuh_api - INFO - Fetched 20 alerts from Indexer
2026-07-13 07:13:34,155 - app.services.wazuh_api - INFO - Fetched 154 alerts from Indexer
2026-07-13 07:13:34,199 - app.services.wazuh_api - INFO - Found 2 agents
2026-07-13 07:13:37,474 - app.services.wazuh_api - INFO - Fetched 154 alerts from Indexer
2026-07-13 07:13:37,532 - app.services.wazuh_api - INFO - Found 2 agents
2026-07-13 07:13:37,537 - app.main - INFO - Client connected
2026-07-13 07:13:37,596 - app.services.wazuh_api - INFO - Fetched 20 alerts from Indexer
2026-07-13 07:13:39,255 - app.services.wazuh_api - INFO - Fetched 154 alerts from Indexer
2026-07-13 07:13:39,311 - app.services.wazuh_api - INFO - Found 2 agents
2026-07-13 07:13:39,315 - app.main - INFO - Client connected
2026-07-13 07:13:39,349 - app.services.wazuh_api - INFO - Fetched 20 alerts from Indexer
2026-07-13 07:14:09,236 - app.services.wazuh_api - ERROR - Failed: 404
2026-07-13 07:14:09,263 - app.services.wazuh_api - ERROR - Failed: 404
2026-07-13 07:14:09,303 - app.services.wazuh_api - INFO - Found 2 agents
2026-07-13 07:14:30,028 - app.services.wazuh_api - ERROR - Failed: 400
2026-07-13 07:14:30,090 - app.services.wazuh_api - INFO - Found 2 agents
2026-07-13 07:14:30,093 - app.main - INFO - Client connected
2026-07-13 07:14:30,134 - app.services.wazuh_api - ERROR - Failed: 400
2026-07-13 07:15:00,110 - app.services.wazuh_api - INFO - Fetched 20 alerts from Indexer
2026-07-13 07:15:00,156 - app.services.wazuh_api - INFO - Fetched 89 alerts from Indexer
2026-07-13 07:15:00,240 - app.services.wazuh_api - INFO - Found 2 agents
2026-07-13 07:15:30,109 - app.services.wazuh_api - INFO - Fetched 20 alerts from Indexer
2026-07-13 07:15:30,162 - app.services.wazuh_api - INFO - Fetched 123 alerts from Indexer
2026-07-13 07:15:30,219 - app.services.wazuh_api - INFO - Found 2 agents
2026-07-13 07:16:00,107 - app.services.wazuh_api - INFO - Fetched 20 alerts from Indexer
2026-07-13 07:16:00,165 - app.services.wazuh_api - INFO - Fetched 123 alerts from Indexer
2026-07-13 07:16:00,214 - app.services.wazuh_api - INFO - Found 2 agents
2026-07-13 07:16:04,532 - app.services.wazuh_api - INFO - Fetched 123 alerts from Indexer
2026-07-13 07:16:04,587 - app.services.wazuh_api - INFO - Found 2 agents
2026-07-13 07:16:04,591 - app.main - INFO - Client connected
2026-07-13 07:16:04,636 - app.services.wazuh_api - INFO - Fetched 20 alerts from Indexer
2026-07-13 07:16:35,116 - app.services.wazuh_api - INFO - Fetched 20 alerts from Indexer
2026-07-13 07:16:35,165 - app.services.wazuh_api - INFO - Fetched 123 alerts from Indexer
2026-07-13 07:16:35,221 - app.services.wazuh_api - INFO - Found 2 agents
2026-07-13 07:17:05,105 - app.services.wazuh_api - INFO - Fetched 20 alerts from Indexer
2026-07-13 07:17:05,155 - app.services.wazuh_api - INFO - Fetched 123 alerts from Indexer
2026-07-13 07:17:05,207 - app.services.wazuh_api - INFO - Found 2 agents
2026-07-13 07:17:35,108 - app.services.wazuh_api - INFO - Fetched 20 alerts from Indexer
2026-07-13 07:17:35,159 - app.services.wazuh_api - INFO - Fetched 123 alerts from Indexer
2026-07-13 07:17:35,214 - app.services.wazuh_api - INFO - Found 2 agents
2026-07-13 07:18:05,098 - app.services.wazuh_api - INFO - Fetched 20 alerts from Indexer
2026-07-13 07:18:05,146 - app.services.wazuh_api - INFO - Fetched 123 alerts from Indexer
2026-07-13 07:18:05,187 - app.services.wazuh_api - INFO - Found 2 agents
2026-07-13 07:18:35,107 - app.services.wazuh_api - INFO - Fetched 20 alerts from Indexer
2026-07-13 07:18:35,159 - app.services.wazuh_api - INFO - Fetched 123 alerts from Indexer
2026-07-13 07:18:35,200 - app.services.wazuh_api - INFO - Found 2 agents
2026-07-13 07:18:41,059 - app.services.wazuh_api - INFO - Fetched 123 alerts from Indexer
2026-07-13 07:18:41,101 - app.services.wazuh_api - INFO - Found 2 agents
2026-07-13 07:18:41,105 - app.main - INFO - Client connected
2026-07-13 07:18:41,160 - app.services.wazuh_api - INFO - Fetched 20 alerts from Indexer
2026-07-13 07:19:11,102 - app.services.wazuh_api - INFO - Fetched 20 alerts from Indexer
2026-07-13 07:19:11,153 - app.services.wazuh_api - INFO - Fetched 123 alerts from Indexer
2026-07-13 07:19:11,213 - app.services.wazuh_api - INFO - Found 2 agents
2026-07-13 07:19:31,248 - app.services.wazuh_api - INFO - Fetched 56 alerts from Indexer
2026-07-13 07:19:31,294 - app.services.wazuh_api - INFO - Found 2 agents
2026-07-13 07:19:31,299 - app.main - INFO - Client connected
2026-07-13 07:19:31,335 - app.services.wazuh_api - INFO - Fetched 20 alerts from Indexer
2026-07-13 07:19:32,348 - app.services.wazuh_api - INFO - Fetched 78 alerts from Indexer
2026-07-13 07:19:32,400 - app.services.wazuh_api - INFO - Found 2 agents
2026-07-13 07:19:32,403 - app.main - INFO - Client connected
2026-07-13 07:19:32,436 - app.services.wazuh_api - INFO - Fetched 20 alerts from Indexer
2026-07-13 07:19:34,708 - app.services.wazuh_api - INFO - Fetched 78 alerts from Indexer
2026-07-13 07:19:34,751 - app.services.wazuh_api - INFO - Found 2 agents
2026-07-13 07:19:34,754 - app.main - INFO - Client connected
2026-07-13 07:19:34,789 - app.services.wazuh_api - INFO - Fetched 20 alerts from Indexer
2026-07-13 07:19:35,180 - app.services.wazuh_api - INFO - Fetched 78 alerts from Indexer
2026-07-13 07:19:35,235 - app.services.wazuh_api - INFO - Found 2 agents
2026-07-13 07:19:35,239 - app.main - INFO - Client connected
2026-07-13 07:19:35,285 - app.services.wazuh_api - INFO - Fetched 20 alerts from Indexer
2026-07-13 07:19:35,369 - app.services.wazuh_api - INFO - Fetched 78 alerts from Indexer
2026-07-13 07:19:35,411 - app.services.wazuh_api - INFO - Found 2 agents
2026-07-13 07:19:35,414 - app.main - INFO - Client connected
2026-07-13 07:19:35,448 - app.services.wazuh_api - INFO - Fetched 20 alerts from Indexer
2026-07-13 07:19:35,601 - app.services.wazuh_api - INFO - Fetched 78 alerts from Indexer
2026-07-13 07:19:35,658 - app.services.wazuh_api - INFO - Found 2 agents
2026-07-13 07:19:35,662 - app.main - INFO - Client connected
2026-07-13 07:19:35,698 - app.services.wazuh_api - INFO - Fetched 20 alerts from Indexer
2026-07-13 07:19:46,293 - app.services.wazuh_api - INFO - Fetched 98 alerts from Indexer
2026-07-13 07:19:46,350 - app.services.wazuh_api - INFO - Found 2 agents
2026-07-13 07:19:46,354 - app.main - INFO - Client connected
2026-07-13 07:19:46,388 - app.services.wazuh_api - INFO - Fetched 20 alerts from Indexer
2026-07-13 07:19:47,230 - app.services.wazuh_api - INFO - Fetched 120 alerts from Indexer
2026-07-13 07:19:47,288 - app.services.wazuh_api - INFO - Found 2 agents
2026-07-13 07:19:47,292 - app.main - INFO - Client connected
2026-07-13 07:19:47,327 - app.services.wazuh_api - INFO - Fetched 20 alerts from Indexer
2026-07-13 07:19:48,240 - app.services.wazuh_api - INFO - Fetched 141 alerts from Indexer
2026-07-13 07:19:48,297 - app.services.wazuh_api - INFO - Found 2 agents
2026-07-13 07:19:48,301 - app.main - INFO - Client connected
2026-07-13 07:19:48,338 - app.services.wazuh_api - INFO - Fetched 20 alerts from Indexer
2026-07-13 07:19:48,425 - app.services.wazuh_api - INFO - Fetched 141 alerts from Indexer
2026-07-13 07:19:48,483 - app.services.wazuh_api - INFO - Found 2 agents
2026-07-13 07:19:48,487 - app.main - INFO - Client connected
2026-07-13 07:19:48,546 - app.services.wazuh_api - INFO - Fetched 20 alerts from Indexer
2026-07-13 07:19:48,615 - app.services.wazuh_api - INFO - Fetched 141 alerts from Indexer
2026-07-13 07:19:48,666 - app.services.wazuh_api - INFO - Found 2 agents
2026-07-13 07:19:48,671 - app.main - INFO - Client connected
2026-07-13 07:19:48,719 - app.services.wazuh_api - INFO - Fetched 20 alerts from Indexer
2026-07-13 07:19:48,792 - app.services.wazuh_api - INFO - Fetched 156 alerts from Indexer
2026-07-13 07:19:48,864 - app.services.wazuh_api - INFO - Found 2 agents
2026-07-13 07:19:48,868 - app.main - INFO - Client connected
2026-07-13 07:19:48,911 - app.services.wazuh_api - INFO - Fetched 20 alerts from Indexer
2026-07-13 07:19:48,980 - app.services.wazuh_api - INFO - Fetched 156 alerts from Indexer
2026-07-13 07:19:49,019 - app.services.wazuh_api - INFO - Found 2 agents
2026-07-13 07:19:49,023 - app.main - INFO - Client connected
2026-07-13 07:19:49,078 - app.services.wazuh_api - INFO - Fetched 20 alerts from Indexer
2026-07-13 07:19:49,137 - app.services.wazuh_api - INFO - Fetched 156 alerts from Indexer
2026-07-13 07:19:49,173 - app.services.wazuh_api - INFO - Found 2 agents
2026-07-13 07:19:49,177 - app.main - INFO - Client connected
2026-07-13 07:19:49,220 - app.services.wazuh_api - INFO - Fetched 20 alerts from Indexer
2026-07-13 07:19:50,784 - app.services.wazuh_api - INFO - Fetched 156 alerts from Indexer
2026-07-13 07:19:50,832 - app.services.wazuh_api - INFO - Found 2 agents
2026-07-13 07:19:50,837 - app.main - INFO - Client connected
2026-07-13 07:19:50,883 - app.services.wazuh_api - INFO - Fetched 20 alerts from Indexer
2026-07-13 07:19:51,581 - app.services.wazuh_api - INFO - Fetched 156 alerts from Indexer
2026-07-13 07:19:51,628 - app.services.wazuh_api - INFO - Found 2 agents
2026-07-13 07:19:51,632 - app.main - INFO - Client connected
2026-07-13 07:19:51,680 - app.services.wazuh_api - INFO - Fetched 20 alerts from Indexer
2026-07-13 07:20:22,097 - app.services.wazuh_api - INFO - Fetched 20 alerts from Indexer
2026-07-13 07:20:22,140 - app.services.wazuh_api - INFO - Fetched 156 alerts from Indexer
2026-07-13 07:20:22,182 - app.services.wazuh_api - INFO - Found 2 agents
2026-07-13 07:20:47,403 - app.services.wazuh_api - ERROR - Failed: 400
2026-07-13 07:20:47,466 - app.services.wazuh_api - INFO - Found 2 agents
2026-07-13 07:20:47,469 - app.main - INFO - Client connected
2026-07-13 07:20:47,512 - app.services.wazuh_api - ERROR - Failed: 400
2026-07-13 07:21:08,019 - app.services.wazuh_api - ERROR - Failed: 400
2026-07-13 07:21:08,068 - app.services.wazuh_api - INFO - Found 2 agents
2026-07-13 07:21:08,072 - app.main - INFO - Client connected
2026-07-13 07:21:08,117 - app.services.wazuh_api - ERROR - Failed: 400
2026-07-13 07:21:08,735 - app.services.wazuh_api - ERROR - Failed: 400
2026-07-13 07:21:08,789 - app.services.wazuh_api - INFO - Found 2 agents
2026-07-13 07:21:08,793 - app.main - INFO - Client connected
2026-07-13 07:21:08,825 - app.services.wazuh_api - ERROR - Failed: 400
2026-07-13 07:21:08,960 - app.services.wazuh_api - ERROR - Failed: 400
2026-07-13 07:21:09,024 - app.services.wazuh_api - INFO - Found 2 agents
2026-07-13 07:21:09,028 - app.main - INFO - Client connected
2026-07-13 07:21:09,059 - app.services.wazuh_api - ERROR - Failed: 400
2026-07-13 07:21:09,139 - app.services.wazuh_api - ERROR - Failed: 400
2026-07-13 07:21:09,183 - app.services.wazuh_api - INFO - Found 2 agents
2026-07-13 07:21:09,187 - app.main - INFO - Client connected
2026-07-13 07:21:09,218 - app.services.wazuh_api - ERROR - Failed: 400
2026-07-13 07:21:40,094 - app.services.wazuh_api - ERROR - Failed: 400
2026-07-13 07:21:40,140 - app.services.wazuh_api - ERROR - Failed: 400
2026-07-13 07:21:40,202 - app.services.wazuh_api - INFO - Found 2 agents
2026-07-13 07:21:49,525 - app.services.wazuh_api - ERROR - Failed: 400
2026-07-13 07:21:49,596 - app.services.wazuh_api - INFO - Found 2 agents
2026-07-13 07:21:49,601 - app.main - INFO - Client connected
2026-07-13 07:21:49,631 - app.services.wazuh_api - ERROR - Failed: 400
2026-07-13 07:22:20,105 - app.services.wazuh_api - ERROR - Failed: 400
2026-07-13 07:22:20,199 - app.services.wazuh_api - ERROR - Failed: 400
2026-07-13 07:22:20,258 - app.services.wazuh_api - INFO - Found 2 agents
2026-07-13 07:22:50,107 - app.services.wazuh_api - ERROR - Failed: 400
2026-07-13 07:22:50,152 - app.services.wazuh_api - ERROR - Failed: 400
2026-07-13 07:22:50,216 - app.services.wazuh_api - INFO - Found 2 agents
2026-07-13 07:22:56,431 - app.services.wazuh_api - ERROR - Failed: 400
2026-07-13 07:22:56,492 - app.services.wazuh_api - INFO - Found 2 agents
2026-07-13 07:22:56,496 - app.main - INFO - Client connected
2026-07-13 07:22:56,542 - app.services.wazuh_api - ERROR - Failed: 400
2026-07-13 07:22:57,087 - app.services.wazuh_api - ERROR - Failed: 400
2026-07-13 07:22:57,145 - app.services.wazuh_api - INFO - Found 2 agents
2026-07-13 07:22:57,149 - app.main - INFO - Client connected
2026-07-13 07:22:57,194 - app.services.wazuh_api - ERROR - Failed: 400
2026-07-13 07:22:57,262 - app.services.wazuh_api - ERROR - Failed: 400
2026-07-13 07:22:57,308 - app.services.wazuh_api - INFO - Found 2 agents
2026-07-13 07:22:57,312 - app.main - INFO - Client connected
2026-07-13 07:22:57,363 - app.services.wazuh_api - ERROR - Failed: 400
2026-07-13 07:23:07,857 - app.services.wazuh_api - INFO - Fetched 3 alerts from Indexer
2026-07-13 07:23:07,908 - app.services.wazuh_api - INFO - Found 2 agents
2026-07-13 07:23:07,912 - app.main - INFO - Client connected
2026-07-13 07:23:07,944 - app.services.wazuh_api - INFO - Fetched 3 alerts from Indexer
2026-07-13 07:23:08,085 - app.services.wazuh_api - INFO - Fetched 3 alerts from Indexer
2026-07-13 07:23:08,126 - app.services.wazuh_api - INFO - Found 2 agents
2026-07-13 07:23:08,129 - app.main - INFO - Client connected
2026-07-13 07:23:08,178 - app.services.wazuh_api - INFO - Fetched 3 alerts from Indexer
2026-07-13 07:23:08,275 - app.services.wazuh_api - INFO - Fetched 3 alerts from Indexer
2026-07-13 07:23:08,339 - app.services.wazuh_api - INFO - Found 2 agents
2026-07-13 07:23:08,343 - app.main - INFO - Client connected
2026-07-13 07:23:08,396 - app.services.wazuh_api - INFO - Fetched 3 alerts from Indexer
2026-07-13 07:23:38,284 - app.services.wazuh_api - INFO - Fetched 3 alerts from Indexer
2026-07-13 07:23:38,331 - app.services.wazuh_api - INFO - Fetched 3 alerts from Indexer
2026-07-13 07:23:38,375 - app.services.wazuh_api - INFO - Found 2 agents
2026-07-13 07:24:09,110 - app.services.wazuh_api - INFO - Fetched 3 alerts from Indexer
2026-07-13 07:24:09,155 - app.services.wazuh_api - INFO - Fetched 3 alerts from Indexer
2026-07-13 07:24:09,218 - app.services.wazuh_api - INFO - Found 2 agents
2026-07-13 07:24:39,097 - app.services.wazuh_api - INFO - Fetched 3 alerts from Indexer
2026-07-13 07:24:39,142 - app.services.wazuh_api - INFO - Fetched 3 alerts from Indexer
2026-07-13 07:24:39,207 - app.services.wazuh_api - INFO - Found 2 agents
2026-07-13 07:26:15,696 - app.models.detector - WARNING - Joblib failed, trying pickle: No module named 'numpy._core'
2026-07-13 07:26:15,707 - __main__ - INFO - Starting EDR Dashboard on 0.0.0.0:5000
2026-07-13 07:26:15,708 - __main__ - INFO - Wazuh API: localhost:55000
2026-07-13 07:26:15,708 - __main__ - INFO - Model: D:\EDR-Project\dashboard\models_data\knn.pkl
2026-07-13 07:26:15,711 - werkzeug - INFO -  * Restarting with stat
2026-07-13 07:26:18,422 - app.models.detector - WARNING - Joblib failed, trying pickle: No module named 'numpy._core'
2026-07-13 07:26:18,434 - __main__ - INFO - Starting EDR Dashboard on 0.0.0.0:5000
2026-07-13 07:26:18,434 - __main__ - INFO - Wazuh API: localhost:55000
2026-07-13 07:26:18,434 - __main__ - INFO - Model: D:\EDR-Project\dashboard\models_data\knn.pkl
2026-07-13 07:26:18,438 - werkzeug - WARNING -  * Debugger is active!
2026-07-13 07:26:18,442 - werkzeug - INFO -  * Debugger PIN: 243-289-687
2026-07-13 07:26:19,287 - app.services.wazuh_api - INFO - Fetched 5 alerts from Indexer
2026-07-13 07:26:19,537 - app.services.wazuh_api - INFO - Connected to Wazuh API
2026-07-13 07:26:19,621 - app.services.wazuh_api - INFO - Found 2 agents
2026-07-13 07:26:19,626 - app.main - INFO - Client connected
2026-07-13 07:26:19,668 - app.services.wazuh_api - INFO - Fetched 5 alerts from Indexer
2026-07-13 07:26:49,099 - app.services.wazuh_api - INFO - Fetched 5 alerts from Indexer
2026-07-13 07:26:49,144 - app.services.wazuh_api - INFO - Fetched 5 alerts from Indexer
2026-07-13 07:26:49,201 - app.services.wazuh_api - INFO - Found 2 agents
2026-07-13 07:27:19,098 - app.services.wazuh_api - INFO - Fetched 5 alerts from Indexer
2026-07-13 07:27:19,143 - app.services.wazuh_api - INFO - Fetched 5 alerts from Indexer
2026-07-13 07:27:19,203 - app.services.wazuh_api - INFO - Found 2 agents
2026-07-13 07:27:49,104 - app.services.wazuh_api - INFO - Fetched 5 alerts from Indexer
2026-07-13 07:27:49,154 - app.services.wazuh_api - INFO - Fetched 5 alerts from Indexer
2026-07-13 07:27:49,214 - app.services.wazuh_api - INFO - Found 2 agents
2026-07-13 07:28:10,325 - werkzeug - INFO -  * Detected change in 'D:\\EDR-Project\\dashboard\\app\\main.py', reloading
2026-07-13 07:28:10,574 - werkzeug - INFO -  * Restarting with stat
2026-07-13 07:28:13,583 - app.models.detector - WARNING - Joblib failed, trying pickle: No module named 'numpy._core'
2026-07-13 07:28:13,595 - __main__ - INFO - Starting EDR Dashboard on 0.0.0.0:5000
2026-07-13 07:28:13,595 - __main__ - INFO - Wazuh API: localhost:55000
2026-07-13 07:28:13,595 - __main__ - INFO - Model: D:\EDR-Project\dashboard\models_data\knn.pkl
2026-07-13 07:28:13,599 - werkzeug - WARNING -  * Debugger is active!
2026-07-13 07:28:13,603 - werkzeug - INFO -  * Debugger PIN: 243-289-687
2026-07-13 07:28:13,899 - app.main - INFO - Client connected
2026-07-13 07:28:13,936 - app.services.wazuh_api - INFO - Fetched 6 alerts from Indexer
2026-07-13 07:28:19,108 - app.services.wazuh_api - INFO - Fetched 6 alerts from Indexer
2026-07-13 07:28:19,154 - app.services.wazuh_api - INFO - Fetched 6 alerts from Indexer
2026-07-13 07:28:19,421 - app.services.wazuh_api - INFO - Connected to Wazuh API
2026-07-13 07:28:19,482 - app.services.wazuh_api - INFO - Found 2 agents
2026-07-13 07:28:49,104 - app.services.wazuh_api - INFO - Fetched 6 alerts from Indexer
2026-07-13 07:28:49,140 - app.services.wazuh_api - INFO - Fetched 6 alerts from Indexer
2026-07-13 07:28:49,201 - app.services.wazuh_api - INFO - Found 2 agents
2026-07-13 07:28:57,046 - werkzeug - INFO -  * Detected change in 'D:\\EDR-Project\\dashboard\\app\\main.py', reloading
2026-07-13 07:28:57,297 - werkzeug - INFO -  * Restarting with stat
2026-07-13 07:29:00,221 - app.models.detector - WARNING - Joblib failed, trying pickle: No module named 'numpy._core'
2026-07-13 07:29:00,235 - __main__ - INFO - Starting EDR Dashboard on 0.0.0.0:5000
2026-07-13 07:29:00,235 - __main__ - INFO - Wazuh API: localhost:55000
2026-07-13 07:29:00,235 - __main__ - INFO - Model: D:\EDR-Project\dashboard\models_data\knn.pkl
2026-07-13 07:29:00,239 - werkzeug - WARNING -  * Debugger is active!
2026-07-13 07:29:00,243 - werkzeug - INFO -  * Debugger PIN: 243-289-687
2026-07-13 07:29:00,393 - app.main - INFO - Client connected
2026-07-13 07:29:00,435 - app.services.wazuh_api - INFO - Fetched 6 alerts from Indexer
2026-07-13 07:29:10,583 - app.services.wazuh_api - INFO - Fetched 7 alerts from Indexer
2026-07-13 07:29:10,811 - app.services.wazuh_api - INFO - Connected to Wazuh API
2026-07-13 07:29:10,879 - app.services.wazuh_api - INFO - Found 2 agents
2026-07-13 07:29:10,884 - app.main - INFO - Client connected
2026-07-13 07:29:10,928 - app.services.wazuh_api - INFO - Fetched 7 alerts from Indexer
2026-07-13 07:29:34,859 - werkzeug - INFO -  * Detected change in 'D:\\EDR-Project\\dashboard\\app\\main.py', reloading
2026-07-13 07:29:35,133 - werkzeug - INFO -  * Restarting with stat
2026-07-13 07:29:37,928 - app.models.detector - WARNING - Joblib failed, trying pickle: No module named 'numpy._core'
2026-07-13 07:29:37,975 - __main__ - INFO - Starting EDR Dashboard on 0.0.0.0:5000
2026-07-13 07:29:37,975 - __main__ - INFO - Wazuh API: localhost:55000
2026-07-13 07:29:37,976 - __main__ - INFO - Model: D:\EDR-Project\dashboard\models_data\knn.pkl
2026-07-13 07:29:37,983 - werkzeug - WARNING -  * Debugger is active!
2026-07-13 07:29:37,988 - werkzeug - INFO -  * Debugger PIN: 243-289-687
2026-07-13 07:29:38,137 - app.main - INFO - Client connected
2026-07-13 07:29:38,175 - app.services.wazuh_api - INFO - Fetched 8 alerts from Indexer
2026-07-13 07:29:40,441 - werkzeug - INFO -  * Detected change in 'D:\\EDR-Project\\dashboard\\app\\main.py', reloading
2026-07-13 07:29:40,689 - werkzeug - INFO -  * Restarting with stat
2026-07-13 07:29:43,509 - app.models.detector - WARNING - Joblib failed, trying pickle: No module named 'numpy._core'
2026-07-13 07:29:43,522 - __main__ - INFO - Starting EDR Dashboard on 0.0.0.0:5000
2026-07-13 07:29:43,522 - __main__ - INFO - Wazuh API: localhost:55000
2026-07-13 07:29:43,522 - __main__ - INFO - Model: D:\EDR-Project\dashboard\models_data\knn.pkl
2026-07-13 07:29:43,526 - werkzeug - WARNING -  * Debugger is active!
2026-07-13 07:29:43,530 - werkzeug - INFO -  * Debugger PIN: 243-289-687
2026-07-13 07:29:43,669 - app.main - INFO - Client connected
2026-07-13 07:29:43,710 - app.services.wazuh_api - INFO - Fetched 9 alerts from Indexer
2026-07-13 07:29:43,748 - app.services.wazuh_api - INFO - Fetched 9 alerts from Indexer
2026-07-13 07:30:11,091 - app.services.wazuh_api - INFO - Fetched 9 alerts from Indexer
2026-07-13 07:30:11,120 - app.services.wazuh_api - INFO - Fetched 9 alerts from Indexer
2026-07-13 07:30:11,365 - app.services.wazuh_api - INFO - Connected to Wazuh API
2026-07-13 07:30:11,428 - app.services.wazuh_api - INFO - Found 2 agents
2026-07-13 07:30:22,579 - app.services.wazuh_api - ERROR - Failed: 400
2026-07-13 07:30:22,642 - app.services.wazuh_api - INFO - Found 2 agents
2026-07-13 07:30:22,646 - app.main - INFO - Client connected
2026-07-13 07:30:22,673 - app.services.wazuh_api - ERROR - Failed: 400
2026-07-13 07:30:39,493 - app.services.wazuh_api - INFO - Fetched 3 alerts from Indexer
2026-07-13 07:30:39,555 - app.services.wazuh_api - INFO - Found 2 agents
2026-07-13 07:30:39,559 - app.main - INFO - Client connected
2026-07-13 07:30:39,601 - app.services.wazuh_api - INFO - Fetched 3 alerts from Indexer
2026-07-13 07:31:10,084 - app.services.wazuh_api - INFO - Fetched 3 alerts from Indexer
2026-07-13 07:31:10,125 - app.services.wazuh_api - INFO - Fetched 3 alerts from Indexer
2026-07-13 07:31:10,187 - app.services.wazuh_api - INFO - Found 2 agents
2026-07-13 07:31:40,100 - app.services.wazuh_api - INFO - Fetched 3 alerts from Indexer
2026-07-13 07:31:40,144 - app.services.wazuh_api - INFO - Fetched 3 alerts from Indexer
2026-07-13 07:31:40,187 - app.services.wazuh_api - INFO - Found 2 agents
2026-07-13 07:32:10,107 - app.services.wazuh_api - INFO - Fetched 3 alerts from Indexer
2026-07-13 07:32:10,138 - app.services.wazuh_api - INFO - Fetched 3 alerts from Indexer
2026-07-13 07:32:10,177 - app.services.wazuh_api - INFO - Found 2 agents
2026-07-13 07:32:40,102 - app.services.wazuh_api - INFO - Fetched 3 alerts from Indexer
2026-07-13 07:32:40,147 - app.services.wazuh_api - INFO - Fetched 3 alerts from Indexer
2026-07-13 07:32:40,214 - app.services.wazuh_api - INFO - Found 2 agents
2026-07-13 07:32:49,003 - app.services.wazuh_api - INFO - Fetched 3 alerts from Indexer
2026-07-13 07:32:49,045 - app.services.wazuh_api - INFO - Found 2 agents
2026-07-13 07:32:49,048 - app.main - INFO - Client connected
2026-07-13 07:32:49,091 - app.services.wazuh_api - INFO - Fetched 3 alerts from Indexer
2026-07-13 07:33:19,100 - app.services.wazuh_api - INFO - Fetched 3 alerts from Indexer
2026-07-13 07:33:19,415 - app.services.wazuh_api - INFO - Fetched 3 alerts from Indexer
2026-07-13 07:33:19,470 - app.services.wazuh_api - INFO - Found 2 agents
2026-07-13 07:33:49,104 - app.services.wazuh_api - INFO - Fetched 3 alerts from Indexer
2026-07-13 07:33:49,151 - app.services.wazuh_api - INFO - Fetched 3 alerts from Indexer
2026-07-13 07:33:49,198 - app.services.wazuh_api - INFO - Found 2 agents
2026-07-13 07:34:19,098 - app.services.wazuh_api - INFO - Fetched 3 alerts from Indexer
2026-07-13 07:34:19,142 - app.services.wazuh_api - INFO - Fetched 3 alerts from Indexer
2026-07-13 07:34:19,182 - app.services.wazuh_api - INFO - Found 2 agents
2026-07-13 07:34:41,177 - app.services.wazuh_api - INFO - Fetched 3 alerts from Indexer
2026-07-13 07:34:41,260 - app.services.wazuh_api - INFO - Found 2 agents
2026-07-13 07:34:41,265 - app.main - INFO - Client connected
2026-07-13 07:34:41,302 - app.services.wazuh_api - INFO - Fetched 3 alerts from Indexer
2026-07-13 07:35:12,095 - app.services.wazuh_api - INFO - Fetched 3 alerts from Indexer
2026-07-13 07:35:12,152 - app.services.wazuh_api - INFO - Fetched 3 alerts from Indexer
2026-07-13 07:35:12,203 - app.services.wazuh_api - INFO - Found 2 agents
2026-07-13 07:35:33,265 - app.services.wazuh_api - INFO - Fetched 3 alerts from Indexer
2026-07-13 07:35:33,313 - app.services.wazuh_api - INFO - Found 2 agents
2026-07-13 07:35:33,316 - app.main - INFO - Client connected
2026-07-13 07:35:33,361 - app.services.wazuh_api - INFO - Fetched 3 alerts from Indexer
2026-07-13 07:36:04,109 - app.services.wazuh_api - INFO - Fetched 3 alerts from Indexer
2026-07-13 07:36:04,136 - app.services.wazuh_api - INFO - Fetched 3 alerts from Indexer
2026-07-13 07:36:04,176 - app.services.wazuh_api - INFO - Found 2 agents
2026-07-13 07:36:34,093 - app.services.wazuh_api - INFO - Fetched 3 alerts from Indexer
2026-07-13 07:36:34,185 - app.services.wazuh_api - INFO - Fetched 3 alerts from Indexer
2026-07-13 07:36:34,229 - app.services.wazuh_api - INFO - Found 2 agents
2026-07-13 07:36:37,585 - werkzeug - INFO -  * Detected change in 'D:\\EDR-Project\\dashboard\\app\\main.py', reloading
2026-07-13 07:36:37,829 - werkzeug - INFO -  * Restarting with stat
2026-07-13 07:36:40,810 - app.models.detector - WARNING - Joblib failed, trying pickle: No module named 'numpy._core'
2026-07-13 07:36:40,822 - __main__ - INFO - Starting EDR Dashboard on 0.0.0.0:5000
2026-07-13 07:36:40,822 - __main__ - INFO - Wazuh API: localhost:55000
2026-07-13 07:36:40,822 - __main__ - INFO - Model: D:\EDR-Project\dashboard\models_data\knn.pkl
2026-07-13 07:36:40,826 - werkzeug - WARNING -  * Debugger is active!
2026-07-13 07:36:40,831 - werkzeug - INFO -  * Debugger PIN: 243-289-687
2026-07-13 07:36:41,046 - werkzeug - INFO -  * Detected change in 'D:\\EDR-Project\\dashboard\\app\\main.py', reloading
2026-07-13 07:36:41,332 - werkzeug - INFO -  * Restarting with stat
2026-07-13 07:36:44,271 - app.models.detector - WARNING - Joblib failed, trying pickle: No module named 'numpy._core'
2026-07-13 07:36:44,283 - __main__ - INFO - Starting EDR Dashboard on 0.0.0.0:5000
2026-07-13 07:36:44,284 - __main__ - INFO - Wazuh API: localhost:55000
2026-07-13 07:36:44,284 - __main__ - INFO - Model: D:\EDR-Project\dashboard\models_data\knn.pkl
2026-07-13 07:36:44,286 - werkzeug - WARNING -  * Debugger is active!
2026-07-13 07:36:44,290 - werkzeug - INFO -  * Debugger PIN: 243-289-687
2026-07-13 07:36:44,655 - app.main - INFO - Client connected
2026-07-13 07:36:44,692 - app.services.wazuh_api - INFO - Fetched 5 alerts from Indexer
2026-07-13 07:36:46,336 - app.services.wazuh_api - INFO - Fetched 5 alerts from Indexer
2026-07-13 07:36:46,566 - app.services.wazuh_api - INFO - Connected to Wazuh API
2026-07-13 07:36:46,655 - app.services.wazuh_api - INFO - Found 2 agents
2026-07-13 07:36:46,660 - app.main - INFO - Client connected
2026-07-13 07:36:46,693 - app.services.wazuh_api - INFO - Fetched 5 alerts from Indexer
2026-07-13 07:36:47,580 - app.services.wazuh_api - INFO - Fetched 5 alerts from Indexer
2026-07-13 07:36:47,637 - app.services.wazuh_api - INFO - Found 2 agents
2026-07-13 07:36:47,640 - app.main - INFO - Client connected
2026-07-13 07:36:47,684 - app.services.wazuh_api - INFO - Fetched 5 alerts from Indexer
2026-07-13 07:37:18,101 - app.services.wazuh_api - INFO - Fetched 5 alerts from Indexer
2026-07-13 07:37:18,145 - app.services.wazuh_api - INFO - Fetched 5 alerts from Indexer
2026-07-13 07:37:18,214 - app.services.wazuh_api - INFO - Found 2 agents
2026-07-13 07:37:26,475 - app.services.wazuh_api - INFO - Fetched 5 alerts from Indexer
2026-07-13 07:37:26,533 - app.services.wazuh_api - INFO - Found 2 agents
2026-07-13 07:37:26,538 - app.main - INFO - Client connected
2026-07-13 07:37:26,584 - app.services.wazuh_api - INFO - Fetched 5 alerts from Indexer
2026-07-13 07:37:57,109 - app.services.wazuh_api - INFO - Fetched 5 alerts from Indexer
2026-07-13 07:37:57,153 - app.services.wazuh_api - INFO - Fetched 5 alerts from Indexer
2026-07-13 07:37:57,217 - app.services.wazuh_api - INFO - Found 2 agents
2026-07-13 07:38:06,574 - app.services.wazuh_api - INFO - Fetched 2 alerts from Indexer
2026-07-13 07:38:06,634 - app.services.wazuh_api - INFO - Found 2 agents
2026-07-13 07:38:06,638 - app.main - INFO - Client connected
2026-07-13 07:38:06,682 - app.services.wazuh_api - INFO - Fetched 2 alerts from Indexer
2026-07-13 07:38:37,108 - app.services.wazuh_api - INFO - Fetched 2 alerts from Indexer
2026-07-13 07:38:37,150 - app.services.wazuh_api - INFO - Fetched 2 alerts from Indexer
2026-07-13 07:38:37,218 - app.services.wazuh_api - INFO - Found 2 agents
2026-07-13 07:39:07,101 - app.services.wazuh_api - INFO - Fetched 2 alerts from Indexer
2026-07-13 07:39:07,146 - app.services.wazuh_api - INFO - Fetched 2 alerts from Indexer
2026-07-13 07:39:07,206 - app.services.wazuh_api - INFO - Found 2 agents
2026-07-13 07:39:12,900 - werkzeug - INFO -  * Detected change in 'D:\\EDR-Project\\dashboard\\app\\main.py', reloading
2026-07-13 07:39:13,156 - werkzeug - INFO -  * Restarting with stat
2026-07-13 07:39:16,056 - app.models.detector - WARNING - Joblib failed, trying pickle: No module named 'numpy._core'
2026-07-13 07:39:16,068 - __main__ - INFO - Starting EDR Dashboard on 0.0.0.0:5000
2026-07-13 07:39:16,068 - __main__ - INFO - Wazuh API: localhost:55000
2026-07-13 07:39:16,069 - __main__ - INFO - Model: D:\EDR-Project\dashboard\models_data\knn.pkl
2026-07-13 07:39:16,072 - werkzeug - WARNING -  * Debugger is active!
2026-07-13 07:39:16,076 - werkzeug - INFO -  * Debugger PIN: 243-289-687
2026-07-13 07:39:16,442 - app.main - INFO - Client connected
2026-07-13 07:39:16,478 - app.services.wazuh_api - INFO - Fetched 3 alerts from Indexer
2026-07-13 07:39:16,771 - app.services.wazuh_api - INFO - Fetched 3 alerts from Indexer
2026-07-13 07:39:17,030 - app.services.wazuh_api - INFO - Connected to Wazuh API
2026-07-13 07:39:17,090 - app.services.wazuh_api - INFO - Found 2 agents
2026-07-13 07:39:17,094 - app.main - INFO - Client connected
2026-07-13 07:39:17,136 - app.services.wazuh_api - INFO - Fetched 3 alerts from Indexer
2026-07-13 07:39:47,104 - app.services.wazuh_api - INFO - Fetched 3 alerts from Indexer
2026-07-13 07:39:47,150 - app.services.wazuh_api - INFO - Fetched 3 alerts from Indexer
2026-07-13 07:39:47,190 - app.services.wazuh_api - INFO - Found 2 agents
2026-07-13 07:40:17,101 - app.services.wazuh_api - INFO - Fetched 3 alerts from Indexer
2026-07-13 07:40:17,207 - app.services.wazuh_api - INFO - Fetched 3 alerts from Indexer
2026-07-13 07:40:17,280 - app.services.wazuh_api - INFO - Found 2 agents
2026-07-13 07:40:35,889 - werkzeug - INFO -  * Detected change in 'D:\\EDR-Project\\dashboard\\app\\main.py', reloading
2026-07-13 07:40:36,143 - werkzeug - INFO -  * Restarting with stat
2026-07-13 07:40:39,111 - app.models.detector - WARNING - Joblib failed, trying pickle: No module named 'numpy._core'
2026-07-13 07:40:39,124 - __main__ - INFO - Starting EDR Dashboard on 0.0.0.0:5000
2026-07-13 07:40:39,124 - __main__ - INFO - Wazuh API: localhost:55000
2026-07-13 07:40:39,125 - __main__ - INFO - Model: D:\EDR-Project\dashboard\models_data\knn.pkl
2026-07-13 07:40:39,127 - werkzeug - WARNING -  * Debugger is active!
2026-07-13 07:40:39,132 - werkzeug - INFO -  * Debugger PIN: 243-289-687
2026-07-13 07:40:39,391 - app.main - INFO - Client connected
2026-07-13 07:40:39,426 - app.services.wazuh_api - INFO - Fetched 4 alerts from Indexer
2026-07-13 07:40:41,267 - app.services.wazuh_api - INFO - Fetched 4 alerts from Indexer
2026-07-13 07:40:41,497 - app.services.wazuh_api - INFO - Connected to Wazuh API
2026-07-13 07:40:41,589 - app.services.wazuh_api - INFO - Found 2 agents
2026-07-13 07:40:41,593 - app.main - INFO - Client connected
2026-07-13 07:40:41,638 - app.services.wazuh_api - INFO - Fetched 4 alerts from Indexer
2026-07-13 07:41:11,469 - werkzeug - INFO -  * Detected change in 'D:\\EDR-Project\\dashboard\\app\\main.py', reloading
2026-07-13 07:41:11,712 - werkzeug - INFO -  * Restarting with stat
2026-07-13 07:41:14,668 - app.models.detector - WARNING - Joblib failed, trying pickle: No module named 'numpy._core'
2026-07-13 07:41:14,680 - __main__ - INFO - Starting EDR Dashboard on 0.0.0.0:5000
2026-07-13 07:41:14,681 - __main__ - INFO - Wazuh API: localhost:55000
2026-07-13 07:41:14,681 - __main__ - INFO - Model: D:\EDR-Project\dashboard\models_data\knn.pkl
2026-07-13 07:41:14,684 - werkzeug - WARNING -  * Debugger is active!
2026-07-13 07:41:14,688 - werkzeug - INFO -  * Debugger PIN: 243-289-687
2026-07-13 07:41:16,070 - app.main - INFO - Client connected
2026-07-13 07:41:16,110 - app.services.wazuh_api - INFO - Fetched 5 alerts from Indexer
2026-07-13 07:41:16,167 - app.services.wazuh_api - INFO - Fetched 5 alerts from Indexer
2026-07-13 07:41:17,120 - werkzeug - INFO -  * Detected change in 'D:\\EDR-Project\\dashboard\\app\\main.py', reloading
2026-07-13 07:41:17,387 - werkzeug - INFO -  * Restarting with stat
2026-07-13 07:41:20,221 - app.models.detector - WARNING - Joblib failed, trying pickle: No module named 'numpy._core'
2026-07-13 07:41:20,233 - __main__ - INFO - Starting EDR Dashboard on 0.0.0.0:5000
2026-07-13 07:41:20,234 - __main__ - INFO - Wazuh API: localhost:55000
2026-07-13 07:41:20,234 - __main__ - INFO - Model: D:\EDR-Project\dashboard\models_data\knn.pkl
2026-07-13 07:41:20,238 - werkzeug - WARNING -  * Debugger is active!
2026-07-13 07:41:20,242 - werkzeug - INFO -  * Debugger PIN: 243-289-687
2026-07-13 07:41:20,381 - app.main - INFO - Client connected
2026-07-13 07:41:20,382 - engineio.server - ERROR - message handler error
Traceback (most recent call last):
  File "C:\Users\Admin\AppData\Local\Programs\Python\Python310\lib\site-packages\flask_socketio\__init__.py", line 824, in _handle_event
    ret = handler(auth)
TypeError: handle_connect() takes 0 positional arguments but 1 was given

During handling of the above exception, another exception occurred:

Traceback (most recent call last):
  File "C:\Users\Admin\AppData\Local\Programs\Python\Python310\lib\site-packages\engineio\server.py", line 452, in run_handler
    return self.handlers[event](*args)
  File "C:\Users\Admin\AppData\Local\Programs\Python\Python310\lib\site-packages\socketio\server.py", line 782, in _handle_eio_message
    self._handle_connect(eio_sid, pkt.namespace, pkt.data)
  File "C:\Users\Admin\AppData\Local\Programs\Python\Python310\lib\site-packages\socketio\server.py", line 672, in _handle_connect
    success = self._trigger_event(
  File "C:\Users\Admin\AppData\Local\Programs\Python\Python310\lib\site-packages\socketio\server.py", line 749, in _trigger_event
    return self.handlers[namespace][event](*args)
  File "C:\Users\Admin\AppData\Local\Programs\Python\Python310\lib\site-packages\flask_socketio\__init__.py", line 282, in _handler
    return self._handle_event(handler, message, namespace, sid,
  File "C:\Users\Admin\AppData\Local\Programs\Python\Python310\lib\site-packages\flask_socketio\__init__.py", line 826, in _handle_event
    ret = handler()
  File "D:\EDR-Project\dashboard\app\main.py", line 110, in handle_connect
    emit('connected', {'status': 'ok'})
NameError: name 'emit' is not defined
2026-07-13 07:41:42,121 - app.services.wazuh_api - INFO - Fetched 6 alerts from Indexer
2026-07-13 07:41:42,353 - app.services.wazuh_api - INFO - Connected to Wazuh API
2026-07-13 07:41:42,427 - app.services.wazuh_api - INFO - Found 2 agents
2026-07-13 07:41:58,033 - werkzeug - INFO -  * Detected change in 'D:\\EDR-Project\\dashboard\\app\\main.py', reloading
2026-07-13 07:41:58,278 - werkzeug - INFO -  * Restarting with stat
2026-07-13 07:42:01,245 - app.models.detector - WARNING - Joblib failed, trying pickle: No module named 'numpy._core'
2026-07-13 07:42:01,258 - __main__ - INFO - Starting EDR Dashboard on 0.0.0.0:5000
2026-07-13 07:42:01,258 - __main__ - INFO - Wazuh API: localhost:55000
2026-07-13 07:42:01,259 - __main__ - INFO - Model: D:\EDR-Project\dashboard\models_data\knn.pkl
2026-07-13 07:42:01,262 - werkzeug - WARNING -  * Debugger is active!
2026-07-13 07:42:01,266 - werkzeug - INFO -  * Debugger PIN: 243-289-687
2026-07-13 07:42:01,403 - app.main - INFO - Client connected
2026-07-13 07:42:01,403 - engineio.server - ERROR - message handler error
Traceback (most recent call last):
  File "C:\Users\Admin\AppData\Local\Programs\Python\Python310\lib\site-packages\flask_socketio\__init__.py", line 824, in _handle_event
    ret = handler(auth)
TypeError: handle_connect() takes 0 positional arguments but 1 was given

During handling of the above exception, another exception occurred:

Traceback (most recent call last):
  File "C:\Users\Admin\AppData\Local\Programs\Python\Python310\lib\site-packages\engineio\server.py", line 452, in run_handler
    return self.handlers[event](*args)
  File "C:\Users\Admin\AppData\Local\Programs\Python\Python310\lib\site-packages\socketio\server.py", line 782, in _handle_eio_message
    self._handle_connect(eio_sid, pkt.namespace, pkt.data)
  File "C:\Users\Admin\AppData\Local\Programs\Python\Python310\lib\site-packages\socketio\server.py", line 672, in _handle_connect
    success = self._trigger_event(
  File "C:\Users\Admin\AppData\Local\Programs\Python\Python310\lib\site-packages\socketio\server.py", line 749, in _trigger_event
    return self.handlers[namespace][event](*args)
  File "C:\Users\Admin\AppData\Local\Programs\Python\Python310\lib\site-packages\flask_socketio\__init__.py", line 282, in _handler
    return self._handle_event(handler, message, namespace, sid,
  File "C:\Users\Admin\AppData\Local\Programs\Python\Python310\lib\site-packages\flask_socketio\__init__.py", line 826, in _handle_event
    ret = handler()
  File "D:\EDR-Project\dashboard\app\main.py", line 110, in handle_connect
    emit('connected', {'status': 'ok'})
NameError: name 'emit' is not defined
2026-07-13 07:42:03,700 - werkzeug - INFO -  * Detected change in 'D:\\EDR-Project\\dashboard\\app\\main.py', reloading
2026-07-13 07:42:03,985 - werkzeug - INFO -  * Restarting with stat
2026-07-13 07:42:06,768 - app.models.detector - WARNING - Joblib failed, trying pickle: No module named 'numpy._core'
2026-07-13 07:42:06,780 - __main__ - INFO - Starting EDR Dashboard on 0.0.0.0:5000
2026-07-13 07:42:06,780 - __main__ - INFO - Wazuh API: localhost:55000
2026-07-13 07:42:06,781 - __main__ - INFO - Model: D:\EDR-Project\dashboard\models_data\knn.pkl
2026-07-13 07:42:06,784 - werkzeug - WARNING -  * Debugger is active!
2026-07-13 07:42:06,788 - werkzeug - INFO -  * Debugger PIN: 243-289-687
2026-07-13 07:42:07,141 - app.main - INFO - Client connected
2026-07-13 07:42:07,178 - app.services.wazuh_api - INFO - Fetched 8 alerts from Indexer
2026-07-13 07:42:07,222 - app.services.wazuh_api - INFO - Fetched 8 alerts from Indexer
2026-07-13 07:42:10,296 - app.services.wazuh_api - INFO - Fetched 8 alerts from Indexer
2026-07-13 07:42:10,511 - app.services.wazuh_api - INFO - Connected to Wazuh API
2026-07-13 07:42:10,591 - app.services.wazuh_api - INFO - Found 2 agents
2026-07-13 07:42:10,595 - app.main - INFO - Client connected
2026-07-13 07:42:10,642 - app.services.wazuh_api - INFO - Fetched 8 alerts from Indexer
2026-07-13 07:42:33,102 - app.services.wazuh_api - INFO - Fetched 8 alerts from Indexer
2026-07-13 07:42:41,108 - app.services.wazuh_api - INFO - Fetched 8 alerts from Indexer
2026-07-13 07:42:41,139 - app.services.wazuh_api - INFO - Fetched 8 alerts from Indexer
2026-07-13 07:42:41,206 - app.services.wazuh_api - INFO - Found 2 agents
2026-07-13 07:43:11,101 - app.services.wazuh_api - INFO - Fetched 8 alerts from Indexer
2026-07-13 07:43:11,146 - app.services.wazuh_api - INFO - Fetched 8 alerts from Indexer
2026-07-13 07:43:11,189 - app.services.wazuh_api - INFO - Found 2 agents
2026-07-13 07:43:41,095 - app.services.wazuh_api - INFO - Fetched 8 alerts from Indexer
2026-07-13 07:43:41,141 - app.services.wazuh_api - INFO - Fetched 8 alerts from Indexer
2026-07-13 07:43:41,199 - app.services.wazuh_api - INFO - Found 2 agents
2026-07-13 07:44:11,099 - app.services.wazuh_api - INFO - Fetched 8 alerts from Indexer
2026-07-13 07:44:11,148 - app.services.wazuh_api - INFO - Fetched 8 alerts from Indexer
2026-07-13 07:44:11,212 - app.services.wazuh_api - INFO - Found 2 agents
2026-07-13 07:44:41,110 - app.services.wazuh_api - INFO - Fetched 8 alerts from Indexer
2026-07-13 07:44:41,155 - app.services.wazuh_api - INFO - Fetched 8 alerts from Indexer
2026-07-13 07:44:41,230 - app.services.wazuh_api - INFO - Found 2 agents
2026-07-13 07:44:45,551 - app.services.wazuh_api - INFO - Fetched 8 alerts from Indexer
2026-07-13 07:44:45,613 - app.services.wazuh_api - INFO - Found 2 agents
2026-07-13 07:44:45,618 - app.main - INFO - Client connected
2026-07-13 07:44:45,658 - app.services.wazuh_api - INFO - Fetched 8 alerts from Indexer
2026-07-13 07:45:16,098 - app.services.wazuh_api - INFO - Fetched 8 alerts from Indexer
2026-07-13 07:45:16,145 - app.services.wazuh_api - INFO - Fetched 8 alerts from Indexer
2026-07-13 07:45:16,208 - app.services.wazuh_api - INFO - Found 2 agents
2026-07-13 07:45:46,098 - app.services.wazuh_api - INFO - Fetched 8 alerts from Indexer
2026-07-13 07:45:46,138 - app.services.wazuh_api - INFO - Fetched 8 alerts from Indexer
2026-07-13 07:45:46,204 - app.services.wazuh_api - INFO - Found 2 agents
2026-07-13 07:46:02,873 - app.services.wazuh_api - INFO - Fetched 10 alerts from Indexer
2026-07-13 07:46:02,924 - app.services.wazuh_api - INFO - Found 2 agents
2026-07-13 07:46:02,927 - app.main - INFO - Client connected
2026-07-13 07:46:02,974 - app.services.wazuh_api - INFO - Fetched 10 alerts from Indexer
2026-07-13 07:46:18,632 - app.services.wazuh_api - INFO - Fetched 12 alerts from Indexer
2026-07-13 07:46:18,669 - app.services.wazuh_api - INFO - Found 2 agents
2026-07-13 07:46:18,672 - app.main - INFO - Client connected
2026-07-13 07:46:18,712 - app.services.wazuh_api - INFO - Fetched 12 alerts from Indexer
2026-07-13 07:46:49,101 - app.services.wazuh_api - INFO - Fetched 12 alerts from Indexer
2026-07-13 07:46:49,193 - app.services.wazuh_api - INFO - Fetched 12 alerts from Indexer
2026-07-13 07:46:49,239 - app.services.wazuh_api - INFO - Found 2 agents
2026-07-13 07:47:19,104 - app.services.wazuh_api - INFO - Fetched 12 alerts from Indexer
2026-07-13 07:47:19,150 - app.services.wazuh_api - INFO - Fetched 12 alerts from Indexer
2026-07-13 07:47:19,206 - app.services.wazuh_api - INFO - Found 2 agents
2026-07-13 07:47:49,090 - app.services.wazuh_api - INFO - Fetched 12 alerts from Indexer
2026-07-13 07:47:49,179 - app.services.wazuh_api - INFO - Fetched 12 alerts from Indexer
2026-07-13 07:47:49,242 - app.services.wazuh_api - INFO - Found 2 agents
2026-07-13 07:48:19,102 - app.services.wazuh_api - INFO - Fetched 12 alerts from Indexer
2026-07-13 07:48:19,143 - app.services.wazuh_api - INFO - Fetched 12 alerts from Indexer
2026-07-13 07:48:19,188 - app.services.wazuh_api - INFO - Found 2 agents
2026-07-13 07:48:48,624 - app.services.wazuh_api - INFO - Fetched 12 alerts from Indexer
2026-07-13 07:48:48,672 - app.services.wazuh_api - INFO - Fetched 12 alerts from Indexer
2026-07-13 07:48:48,732 - app.services.wazuh_api - INFO - Found 2 agents
2026-07-13 07:48:49,016 - app.services.wazuh_api - INFO - Fetched 12 alerts from Indexer
2026-07-13 07:48:49,075 - app.services.wazuh_api - INFO - Found 2 agents
2026-07-13 07:48:49,078 - app.main - INFO - Client connected
2026-07-13 07:48:49,111 - app.services.wazuh_api - INFO - Fetched 12 alerts from Indexer
2026-07-13 07:49:14,936 - app.services.wazuh_api - INFO - Fetched 14 alerts from Indexer
2026-07-13 07:49:14,973 - app.services.wazuh_api - INFO - Found 2 agents
2026-07-13 07:49:14,976 - app.main - INFO - Client connected
2026-07-13 07:49:15,027 - app.services.wazuh_api - INFO - Fetched 14 alerts from Indexer
2026-07-13 07:49:45,100 - app.services.wazuh_api - INFO - Fetched 14 alerts from Indexer
2026-07-13 07:49:45,145 - app.services.wazuh_api - INFO - Fetched 14 alerts from Indexer
2026-07-13 07:49:45,222 - app.services.wazuh_api - INFO - Found 2 agents
2026-07-13 07:50:15,104 - app.services.wazuh_api - INFO - Fetched 14 alerts from Indexer
2026-07-13 07:50:15,151 - app.services.wazuh_api - INFO - Fetched 14 alerts from Indexer
2026-07-13 07:50:15,207 - app.services.wazuh_api - INFO - Found 2 agents
2026-07-13 07:50:45,105 - app.services.wazuh_api - INFO - Fetched 14 alerts from Indexer
2026-07-13 07:50:45,151 - app.services.wazuh_api - INFO - Fetched 14 alerts from Indexer
2026-07-13 07:50:45,218 - app.services.wazuh_api - INFO - Found 2 agents
2026-07-13 07:51:15,103 - app.services.wazuh_api - INFO - Fetched 14 alerts from Indexer
2026-07-13 07:51:15,150 - app.services.wazuh_api - INFO - Fetched 14 alerts from Indexer
2026-07-13 07:51:15,206 - app.services.wazuh_api - INFO - Found 2 agents
2026-07-13 07:51:44,950 - app.services.wazuh_api - INFO - Fetched 17 alerts from Indexer
2026-07-13 07:51:44,995 - app.services.wazuh_api - INFO - Fetched 17 alerts from Indexer
2026-07-13 07:51:45,051 - app.services.wazuh_api - INFO - Found 2 agents
2026-07-13 07:52:14,950 - app.services.wazuh_api - INFO - Fetched 18 alerts from Indexer
2026-07-13 07:52:14,994 - app.services.wazuh_api - INFO - Fetched 18 alerts from Indexer
2026-07-13 07:52:15,055 - app.services.wazuh_api - INFO - Found 2 agents
2026-07-13 07:52:41,194 - app.services.wazuh_api - INFO - Fetched 21 alerts from Indexer
2026-07-13 07:52:41,258 - app.services.wazuh_api - INFO - Found 2 agents
2026-07-13 07:52:41,263 - app.main - INFO - Client connected
2026-07-13 07:52:41,299 - app.services.wazuh_api - INFO - Fetched 20 alerts from Indexer
2026-07-13 07:52:42,196 - app.services.wazuh_api - INFO - Fetched 20 alerts from Indexer
2026-07-13 07:52:42,238 - app.services.wazuh_api - INFO - Fetched 21 alerts from Indexer
2026-07-13 07:52:42,301 - app.services.wazuh_api - INFO - Found 2 agents
2026-07-13 07:52:43,205 - app.services.wazuh_api - INFO - Fetched 20 alerts from Indexer
2026-07-13 07:52:43,253 - app.services.wazuh_api - INFO - Fetched 21 alerts from Indexer
2026-07-13 07:52:43,292 - app.services.wazuh_api - INFO - Found 2 agents
2026-07-13 07:52:44,205 - app.services.wazuh_api - INFO - Fetched 20 alerts from Indexer
2026-07-13 07:52:44,250 - app.services.wazuh_api - INFO - Fetched 21 alerts from Indexer
2026-07-13 07:52:44,292 - app.services.wazuh_api - INFO - Found 2 agents
2026-07-13 07:52:46,108 - app.services.wazuh_api - INFO - Fetched 20 alerts from Indexer
2026-07-13 07:52:46,138 - app.services.wazuh_api - INFO - Fetched 21 alerts from Indexer
2026-07-13 07:52:46,201 - app.services.wazuh_api - INFO - Found 2 agents
2026-07-13 07:52:47,103 - app.services.wazuh_api - INFO - Fetched 20 alerts from Indexer
2026-07-13 07:52:47,153 - app.services.wazuh_api - INFO - Fetched 21 alerts from Indexer
2026-07-13 07:52:47,221 - app.services.wazuh_api - INFO - Found 2 agents
2026-07-13 07:52:47,258 - app.services.wazuh_api - INFO - Fetched 21 alerts from Indexer
2026-07-13 07:52:47,325 - app.services.wazuh_api - INFO - Found 2 agents
2026-07-13 07:52:47,402 - app.services.wazuh_api - INFO - Fetched 20 alerts from Indexer
2026-07-13 07:52:48,199 - app.services.wazuh_api - INFO - Fetched 20 alerts from Indexer
2026-07-13 07:52:48,249 - app.services.wazuh_api - INFO - Fetched 22 alerts from Indexer
2026-07-13 07:52:48,308 - app.services.wazuh_api - INFO - Found 2 agents
2026-07-13 07:52:49,207 - app.services.wazuh_api - INFO - Fetched 20 alerts from Indexer
2026-07-13 07:52:49,256 - app.services.wazuh_api - INFO - Fetched 22 alerts from Indexer
2026-07-13 07:52:49,314 - app.services.wazuh_api - INFO - Found 2 agents
2026-07-13 07:52:50,203 - app.services.wazuh_api - INFO - Fetched 20 alerts from Indexer
2026-07-13 07:52:50,250 - app.services.wazuh_api - INFO - Fetched 22 alerts from Indexer
2026-07-13 07:52:50,309 - app.services.wazuh_api - INFO - Found 2 agents
2026-07-13 07:52:51,211 - app.services.wazuh_api - INFO - Fetched 20 alerts from Indexer
2026-07-13 07:52:51,261 - app.services.wazuh_api - INFO - Fetched 22 alerts from Indexer
2026-07-13 07:52:51,318 - app.services.wazuh_api - INFO - Found 2 agents
2026-07-13 07:52:53,095 - app.services.wazuh_api - INFO - Fetched 20 alerts from Indexer
2026-07-13 07:52:53,143 - app.services.wazuh_api - INFO - Fetched 22 alerts from Indexer
2026-07-13 07:52:53,198 - app.services.wazuh_api - INFO - Found 2 agents
2026-07-13 07:52:53,920 - app.services.wazuh_api - INFO - Fetched 20 alerts from Indexer
2026-07-13 07:52:53,950 - app.services.wazuh_api - INFO - Fetched 22 alerts from Indexer
2026-07-13 07:52:53,994 - app.services.wazuh_api - INFO - Found 2 agents
2026-07-13 07:52:54,191 - app.services.wazuh_api - INFO - Fetched 20 alerts from Indexer
2026-07-13 07:52:54,235 - app.services.wazuh_api - INFO - Fetched 22 alerts from Indexer
2026-07-13 07:52:54,296 - app.services.wazuh_api - INFO - Found 2 agents
2026-07-13 07:52:55,193 - app.services.wazuh_api - INFO - Fetched 20 alerts from Indexer
2026-07-13 07:52:55,245 - app.services.wazuh_api - INFO - Fetched 23 alerts from Indexer
2026-07-13 07:52:55,304 - app.services.wazuh_api - INFO - Found 2 agents
2026-07-13 07:52:56,208 - app.services.wazuh_api - INFO - Fetched 20 alerts from Indexer
2026-07-13 07:52:56,240 - app.services.wazuh_api - INFO - Fetched 23 alerts from Indexer
2026-07-13 07:52:56,285 - app.services.wazuh_api - INFO - Found 2 agents
2026-07-13 07:52:57,256 - app.services.wazuh_api - INFO - Fetched 20 alerts from Indexer
2026-07-13 07:52:57,297 - app.services.wazuh_api - INFO - Fetched 23 alerts from Indexer
2026-07-13 07:52:57,354 - app.services.wazuh_api - INFO - Found 2 agents
2026-07-13 07:52:58,206 - app.services.wazuh_api - INFO - Fetched 20 alerts from Indexer
2026-07-13 07:52:58,303 - app.services.wazuh_api - INFO - Fetched 23 alerts from Indexer
2026-07-13 07:52:58,338 - app.services.wazuh_api - INFO - Found 2 agents
2026-07-13 07:53:00,110 - app.services.wazuh_api - INFO - Fetched 20 alerts from Indexer
2026-07-13 07:53:00,156 - app.services.wazuh_api - INFO - Fetched 23 alerts from Indexer
2026-07-13 07:53:00,215 - app.services.wazuh_api - INFO - Found 2 agents
2026-07-13 07:53:01,106 - app.services.wazuh_api - INFO - Fetched 20 alerts from Indexer
2026-07-13 07:53:01,153 - app.services.wazuh_api - INFO - Fetched 23 alerts from Indexer
2026-07-13 07:53:01,213 - app.services.wazuh_api - INFO - Found 2 agents
2026-07-13 07:53:02,101 - app.services.wazuh_api - INFO - Fetched 20 alerts from Indexer
2026-07-13 07:53:02,148 - app.services.wazuh_api - INFO - Fetched 23 alerts from Indexer
2026-07-13 07:53:02,210 - app.services.wazuh_api - INFO - Found 2 agents
2026-07-13 07:53:03,109 - app.services.wazuh_api - INFO - Fetched 20 alerts from Indexer
2026-07-13 07:53:03,156 - app.services.wazuh_api - INFO - Fetched 23 alerts from Indexer
2026-07-13 07:53:03,216 - app.services.wazuh_api - INFO - Found 2 agents
2026-07-13 07:53:04,111 - app.services.wazuh_api - INFO - Fetched 20 alerts from Indexer
2026-07-13 07:53:04,154 - app.services.wazuh_api - INFO - Fetched 23 alerts from Indexer
2026-07-13 07:53:04,214 - app.services.wazuh_api - INFO - Found 2 agents
2026-07-13 07:53:05,103 - app.services.wazuh_api - INFO - Fetched 20 alerts from Indexer
2026-07-13 07:53:05,151 - app.services.wazuh_api - INFO - Fetched 23 alerts from Indexer
2026-07-13 07:53:05,213 - app.services.wazuh_api - INFO - Found 2 agents
2026-07-13 07:53:06,096 - app.services.wazuh_api - INFO - Fetched 20 alerts from Indexer
2026-07-13 07:53:06,143 - app.services.wazuh_api - INFO - Fetched 23 alerts from Indexer
2026-07-13 07:53:06,204 - app.services.wazuh_api - INFO - Found 2 agents
2026-07-13 07:53:07,157 - app.services.wazuh_api - INFO - Fetched 20 alerts from Indexer
2026-07-13 07:53:07,206 - app.services.wazuh_api - INFO - Fetched 23 alerts from Indexer
2026-07-13 07:53:07,267 - app.services.wazuh_api - INFO - Found 2 agents
2026-07-13 07:53:08,106 - app.services.wazuh_api - INFO - Fetched 20 alerts from Indexer
2026-07-13 07:53:08,152 - app.services.wazuh_api - INFO - Fetched 23 alerts from Indexer
2026-07-13 07:53:08,211 - app.services.wazuh_api - INFO - Found 2 agents
2026-07-13 07:53:09,089 - app.services.wazuh_api - INFO - Fetched 20 alerts from Indexer
2026-07-13 07:53:09,130 - app.services.wazuh_api - INFO - Fetched 23 alerts from Indexer
2026-07-13 07:53:09,190 - app.services.wazuh_api - INFO - Found 2 agents
2026-07-13 07:53:10,097 - app.services.wazuh_api - INFO - Fetched 20 alerts from Indexer
2026-07-13 07:53:10,145 - app.services.wazuh_api - INFO - Fetched 23 alerts from Indexer
2026-07-13 07:53:10,202 - app.services.wazuh_api - INFO - Found 2 agents
2026-07-13 07:53:11,095 - app.services.wazuh_api - INFO - Fetched 20 alerts from Indexer
2026-07-13 07:53:11,143 - app.services.wazuh_api - INFO - Fetched 23 alerts from Indexer
2026-07-13 07:53:11,202 - app.services.wazuh_api - INFO - Found 2 agents
2026-07-13 07:53:12,106 - app.services.wazuh_api - INFO - Fetched 20 alerts from Indexer
2026-07-13 07:53:12,153 - app.services.wazuh_api - INFO - Fetched 23 alerts from Indexer
2026-07-13 07:53:12,212 - app.services.wazuh_api - INFO - Found 2 agents
2026-07-13 07:53:13,104 - app.services.wazuh_api - INFO - Fetched 20 alerts from Indexer
2026-07-13 07:53:13,149 - app.services.wazuh_api - INFO - Fetched 23 alerts from Indexer
2026-07-13 07:53:13,207 - app.services.wazuh_api - INFO - Found 2 agents
2026-07-13 07:53:14,091 - app.services.wazuh_api - INFO - Fetched 20 alerts from Indexer
2026-07-13 07:53:14,136 - app.services.wazuh_api - INFO - Fetched 23 alerts from Indexer
2026-07-13 07:53:14,176 - app.services.wazuh_api - INFO - Found 2 agents
2026-07-13 07:53:15,096 - app.services.wazuh_api - INFO - Fetched 20 alerts from Indexer
2026-07-13 07:53:15,125 - app.services.wazuh_api - INFO - Fetched 23 alerts from Indexer
2026-07-13 07:53:15,187 - app.services.wazuh_api - INFO - Found 2 agents
2026-07-13 07:53:16,105 - app.services.wazuh_api - INFO - Fetched 20 alerts from Indexer
2026-07-13 07:53:16,153 - app.services.wazuh_api - INFO - Fetched 23 alerts from Indexer
2026-07-13 07:53:16,192 - app.services.wazuh_api - INFO - Found 2 agents
2026-07-13 07:53:17,109 - app.services.wazuh_api - INFO - Fetched 20 alerts from Indexer
2026-07-13 07:53:17,155 - app.services.wazuh_api - INFO - Fetched 23 alerts from Indexer
2026-07-13 07:53:17,216 - app.services.wazuh_api - INFO - Found 2 agents
2026-07-13 07:53:18,098 - app.services.wazuh_api - INFO - Fetched 20 alerts from Indexer
2026-07-13 07:53:18,143 - app.services.wazuh_api - INFO - Fetched 23 alerts from Indexer
2026-07-13 07:53:18,183 - app.services.wazuh_api - INFO - Found 2 agents
2026-07-13 07:53:19,106 - app.services.wazuh_api - INFO - Fetched 20 alerts from Indexer
2026-07-13 07:53:19,149 - app.services.wazuh_api - INFO - Fetched 23 alerts from Indexer
2026-07-13 07:53:19,205 - app.services.wazuh_api - INFO - Found 2 agents
2026-07-13 07:53:20,103 - app.services.wazuh_api - INFO - Fetched 20 alerts from Indexer
2026-07-13 07:53:20,192 - app.services.wazuh_api - INFO - Fetched 23 alerts from Indexer
2026-07-13 07:53:20,258 - app.services.wazuh_api - INFO - Found 2 agents
2026-07-13 07:53:21,103 - app.services.wazuh_api - INFO - Fetched 20 alerts from Indexer
2026-07-13 07:53:21,149 - app.services.wazuh_api - INFO - Fetched 23 alerts from Indexer
2026-07-13 07:53:21,209 - app.services.wazuh_api - INFO - Found 2 agents
2026-07-13 07:53:22,148 - app.services.wazuh_api - INFO - Fetched 20 alerts from Indexer
2026-07-13 07:53:22,198 - app.services.wazuh_api - INFO - Fetched 23 alerts from Indexer
2026-07-13 07:53:22,261 - app.services.wazuh_api - INFO - Found 2 agents
2026-07-13 07:53:23,099 - app.services.wazuh_api - INFO - Fetched 20 alerts from Indexer
2026-07-13 07:53:23,145 - app.services.wazuh_api - INFO - Fetched 23 alerts from Indexer
2026-07-13 07:53:23,203 - app.services.wazuh_api - INFO - Found 2 agents
2026-07-13 07:53:24,106 - app.services.wazuh_api - INFO - Fetched 20 alerts from Indexer
2026-07-13 07:53:24,152 - app.services.wazuh_api - INFO - Fetched 23 alerts from Indexer
2026-07-13 07:53:24,209 - app.services.wazuh_api - INFO - Found 2 agents
2026-07-13 07:53:25,098 - app.services.wazuh_api - INFO - Fetched 20 alerts from Indexer
2026-07-13 07:53:25,142 - app.services.wazuh_api - INFO - Fetched 23 alerts from Indexer
2026-07-13 07:53:25,203 - app.services.wazuh_api - INFO - Found 2 agents
2026-07-13 07:53:26,109 - app.services.wazuh_api - INFO - Fetched 20 alerts from Indexer
2026-07-13 07:53:26,152 - app.services.wazuh_api - INFO - Fetched 23 alerts from Indexer
2026-07-13 07:53:26,212 - app.services.wazuh_api - INFO - Found 2 agents
2026-07-13 07:53:27,103 - app.services.wazuh_api - ERROR - Failed: 404
2026-07-13 07:53:27,148 - app.services.wazuh_api - ERROR - Failed: 404
2026-07-13 07:53:27,212 - app.services.wazuh_api - INFO - Found 2 agents
2026-07-13 07:53:28,096 - app.services.wazuh_api - ERROR - Failed: 404
2026-07-13 07:53:28,140 - app.services.wazuh_api - ERROR - Failed: 404
2026-07-13 07:53:28,202 - app.services.wazuh_api - INFO - Found 2 agents
2026-07-13 07:53:29,109 - app.services.wazuh_api - ERROR - Failed: 400
2026-07-13 07:53:29,136 - app.services.wazuh_api - ERROR - Failed: 400
2026-07-13 07:53:29,184 - app.services.wazuh_api - INFO - Found 2 agents
2026-07-13 07:53:30,100 - app.services.wazuh_api - ERROR - Failed: 400
2026-07-13 07:53:30,149 - app.services.wazuh_api - ERROR - Failed: 400
2026-07-13 07:53:30,208 - app.services.wazuh_api - INFO - Found 2 agents
2026-07-13 07:53:30,519 - app.services.wazuh_api - ERROR - Failed: 400
2026-07-13 07:53:30,564 - app.services.wazuh_api - ERROR - Failed: 400
2026-07-13 07:53:30,630 - app.services.wazuh_api - INFO - Found 2 agents
2026-07-13 07:53:31,501 - app.services.wazuh_api - ERROR - Failed: 400
2026-07-13 07:53:31,549 - app.services.wazuh_api - ERROR - Failed: 400
2026-07-13 07:53:31,589 - app.services.wazuh_api - INFO - Found 2 agents
2026-07-13 07:53:32,201 - app.services.wazuh_api - ERROR - Failed: 400
2026-07-13 07:53:32,249 - app.services.wazuh_api - ERROR - Failed: 400
2026-07-13 07:53:32,292 - app.services.wazuh_api - INFO - Found 2 agents
2026-07-13 07:53:33,211 - app.services.wazuh_api - ERROR - Failed: 400
2026-07-13 07:53:33,258 - app.services.wazuh_api - ERROR - Failed: 400
2026-07-13 07:53:33,299 - app.services.wazuh_api - INFO - Found 2 agents
2026-07-13 07:53:35,110 - app.services.wazuh_api - ERROR - Failed: 400
2026-07-13 07:53:35,137 - app.services.wazuh_api - ERROR - Failed: 400
2026-07-13 07:53:35,196 - app.services.wazuh_api - INFO - Found 2 agents
2026-07-13 07:53:35,590 - app.services.wazuh_api - INFO - Fetched 0 alerts from Indexer
2026-07-13 07:53:35,627 - app.services.wazuh_api - INFO - Fetched 0 alerts from Indexer
2026-07-13 07:53:35,690 - app.services.wazuh_api - INFO - Found 2 agents
2026-07-13 07:53:36,204 - app.services.wazuh_api - INFO - Fetched 1 alerts from Indexer
2026-07-13 07:53:36,298 - app.services.wazuh_api - INFO - Fetched 1 alerts from Indexer
2026-07-13 07:53:36,341 - app.services.wazuh_api - INFO - Found 2 agents
2026-07-13 07:53:37,202 - app.services.wazuh_api - INFO - Fetched 1 alerts from Indexer
2026-07-13 07:53:37,259 - app.services.wazuh_api - INFO - Fetched 1 alerts from Indexer
2026-07-13 07:53:37,311 - app.services.wazuh_api - INFO - Found 2 agents
2026-07-13 07:53:38,200 - app.services.wazuh_api - INFO - Fetched 1 alerts from Indexer
2026-07-13 07:53:38,293 - app.services.wazuh_api - INFO - Fetched 1 alerts from Indexer
2026-07-13 07:53:38,352 - app.services.wazuh_api - INFO - Found 2 agents
2026-07-13 07:53:39,201 - app.services.wazuh_api - INFO - Fetched 1 alerts from Indexer
2026-07-13 07:53:39,245 - app.services.wazuh_api - INFO - Fetched 1 alerts from Indexer
2026-07-13 07:53:39,306 - app.services.wazuh_api - INFO - Found 2 agents
2026-07-13 07:53:40,207 - app.services.wazuh_api - INFO - Fetched 1 alerts from Indexer
2026-07-13 07:53:40,254 - app.services.wazuh_api - INFO - Fetched 1 alerts from Indexer
2026-07-13 07:53:40,301 - app.services.wazuh_api - INFO - Found 2 agents
2026-07-13 07:53:41,198 - app.services.wazuh_api - INFO - Fetched 1 alerts from Indexer
2026-07-13 07:53:41,227 - app.services.wazuh_api - INFO - Fetched 1 alerts from Indexer
2026-07-13 07:53:41,300 - app.services.wazuh_api - INFO - Found 2 agents
2026-07-13 07:53:42,204 - app.services.wazuh_api - INFO - Fetched 1 alerts from Indexer
2026-07-13 07:53:42,253 - app.services.wazuh_api - INFO - Fetched 1 alerts from Indexer
2026-07-13 07:53:42,313 - app.services.wazuh_api - INFO - Found 2 agents
2026-07-13 07:53:43,191 - app.services.wazuh_api - INFO - Fetched 1 alerts from Indexer
2026-07-13 07:53:43,221 - app.services.wazuh_api - INFO - Fetched 1 alerts from Indexer
2026-07-13 07:53:43,294 - app.services.wazuh_api - INFO - Found 2 agents
2026-07-13 07:53:44,208 - app.services.wazuh_api - INFO - Fetched 1 alerts from Indexer
2026-07-13 07:53:44,257 - app.services.wazuh_api - INFO - Fetched 1 alerts from Indexer
2026-07-13 07:53:44,301 - app.services.wazuh_api - INFO - Found 2 agents
2026-07-13 07:53:45,201 - app.services.wazuh_api - INFO - Fetched 1 alerts from Indexer
2026-07-13 07:53:45,231 - app.services.wazuh_api - INFO - Fetched 1 alerts from Indexer
2026-07-13 07:53:45,285 - app.services.wazuh_api - INFO - Found 2 agents
2026-07-13 07:53:46,209 - app.services.wazuh_api - INFO - Fetched 1 alerts from Indexer
2026-07-13 07:53:46,260 - app.services.wazuh_api - INFO - Fetched 1 alerts from Indexer
2026-07-13 07:53:46,321 - app.services.wazuh_api - INFO - Found 2 agents
2026-07-13 07:53:47,199 - app.services.wazuh_api - INFO - Fetched 1 alerts from Indexer
2026-07-13 07:53:47,293 - app.services.wazuh_api - INFO - Fetched 1 alerts from Indexer
2026-07-13 07:53:47,355 - app.services.wazuh_api - INFO - Found 2 agents
2026-07-13 07:53:48,209 - app.services.wazuh_api - INFO - Fetched 1 alerts from Indexer
2026-07-13 07:53:48,258 - app.services.wazuh_api - INFO - Fetched 1 alerts from Indexer
2026-07-13 07:53:48,297 - app.services.wazuh_api - INFO - Found 2 agents
2026-07-13 07:53:50,108 - app.services.wazuh_api - INFO - Fetched 1 alerts from Indexer
2026-07-13 07:53:50,152 - app.services.wazuh_api - INFO - Fetched 1 alerts from Indexer
2026-07-13 07:53:50,199 - app.services.wazuh_api - INFO - Found 2 agents
2026-07-13 07:53:51,089 - app.services.wazuh_api - INFO - Fetched 1 alerts from Indexer
2026-07-13 07:53:51,134 - app.services.wazuh_api - INFO - Fetched 1 alerts from Indexer
2026-07-13 07:53:51,172 - app.services.wazuh_api - INFO - Found 2 agents
2026-07-13 07:53:52,099 - app.services.wazuh_api - INFO - Fetched 1 alerts from Indexer
2026-07-13 07:53:52,148 - app.services.wazuh_api - INFO - Fetched 1 alerts from Indexer
2026-07-13 07:53:52,207 - app.services.wazuh_api - INFO - Found 2 agents
2026-07-13 07:53:53,154 - app.services.wazuh_api - INFO - Fetched 1 alerts from Indexer
2026-07-13 07:53:53,202 - app.services.wazuh_api - INFO - Fetched 1 alerts from Indexer
2026-07-13 07:53:53,266 - app.services.wazuh_api - INFO - Found 2 agents
2026-07-13 07:53:54,107 - app.services.wazuh_api - INFO - Fetched 1 alerts from Indexer
2026-07-13 07:53:54,156 - app.services.wazuh_api - INFO - Fetched 1 alerts from Indexer
2026-07-13 07:53:54,214 - app.services.wazuh_api - INFO - Found 2 agents
2026-07-13 07:53:55,101 - app.services.wazuh_api - INFO - Fetched 1 alerts from Indexer
2026-07-13 07:53:55,147 - app.services.wazuh_api - INFO - Fetched 1 alerts from Indexer
2026-07-13 07:53:55,212 - app.services.wazuh_api - INFO - Found 2 agents
2026-07-13 07:53:56,099 - app.services.wazuh_api - INFO - Fetched 1 alerts from Indexer
2026-07-13 07:53:56,145 - app.services.wazuh_api - INFO - Fetched 1 alerts from Indexer
2026-07-13 07:53:56,203 - app.services.wazuh_api - INFO - Found 2 agents
2026-07-13 07:53:57,099 - app.services.wazuh_api - INFO - Fetched 1 alerts from Indexer
2026-07-13 07:53:57,145 - app.services.wazuh_api - INFO - Fetched 1 alerts from Indexer
2026-07-13 07:53:57,206 - app.services.wazuh_api - INFO - Found 2 agents
2026-07-13 07:53:58,109 - app.services.wazuh_api - INFO - Fetched 1 alerts from Indexer
2026-07-13 07:53:58,155 - app.services.wazuh_api - INFO - Fetched 1 alerts from Indexer
2026-07-13 07:53:58,216 - app.services.wazuh_api - INFO - Found 2 agents
2026-07-13 07:53:59,107 - app.services.wazuh_api - INFO - Fetched 1 alerts from Indexer
2026-07-13 07:53:59,156 - app.services.wazuh_api - INFO - Fetched 1 alerts from Indexer
2026-07-13 07:53:59,197 - app.services.wazuh_api - INFO - Found 2 agents
2026-07-13 07:54:00,107 - app.services.wazuh_api - INFO - Fetched 1 alerts from Indexer
2026-07-13 07:54:00,133 - app.services.wazuh_api - INFO - Fetched 1 alerts from Indexer
2026-07-13 07:54:00,180 - app.services.wazuh_api - INFO - Found 2 agents
2026-07-13 07:54:01,101 - app.services.wazuh_api - INFO - Fetched 1 alerts from Indexer
2026-07-13 07:54:01,147 - app.services.wazuh_api - INFO - Fetched 1 alerts from Indexer
2026-07-13 07:54:01,208 - app.services.wazuh_api - INFO - Found 2 agents
2026-07-13 07:54:02,098 - app.services.wazuh_api - INFO - Fetched 1 alerts from Indexer
2026-07-13 07:54:02,142 - app.services.wazuh_api - INFO - Fetched 1 alerts from Indexer
2026-07-13 07:54:02,204 - app.services.wazuh_api - INFO - Found 2 agents
2026-07-13 07:54:03,099 - app.services.wazuh_api - INFO - Fetched 1 alerts from Indexer
2026-07-13 07:54:03,142 - app.services.wazuh_api - INFO - Fetched 1 alerts from Indexer
2026-07-13 07:54:03,200 - app.services.wazuh_api - INFO - Found 2 agents
2026-07-13 07:54:04,109 - app.services.wazuh_api - INFO - Fetched 1 alerts from Indexer
2026-07-13 07:54:04,155 - app.services.wazuh_api - INFO - Fetched 1 alerts from Indexer
2026-07-13 07:54:04,221 - app.services.wazuh_api - INFO - Found 2 agents
2026-07-13 07:54:05,105 - app.services.wazuh_api - INFO - Fetched 1 alerts from Indexer
2026-07-13 07:54:05,148 - app.services.wazuh_api - INFO - Fetched 1 alerts from Indexer
2026-07-13 07:54:05,212 - app.services.wazuh_api - INFO - Found 2 agents
2026-07-13 07:54:06,151 - app.services.wazuh_api - INFO - Fetched 1 alerts from Indexer
2026-07-13 07:54:06,239 - app.services.wazuh_api - INFO - Fetched 1 alerts from Indexer
2026-07-13 07:54:06,301 - app.services.wazuh_api - INFO - Found 2 agents
2026-07-13 07:54:07,100 - app.services.wazuh_api - INFO - Fetched 1 alerts from Indexer
2026-07-13 07:54:07,146 - app.services.wazuh_api - INFO - Fetched 1 alerts from Indexer
2026-07-13 07:54:07,205 - app.services.wazuh_api - INFO - Found 2 agents
2026-07-13 07:54:08,105 - app.services.wazuh_api - INFO - Fetched 1 alerts from Indexer
2026-07-13 07:54:08,151 - app.services.wazuh_api - INFO - Fetched 1 alerts from Indexer
2026-07-13 07:54:08,215 - app.services.wazuh_api - INFO - Found 2 agents
2026-07-13 07:54:09,104 - app.services.wazuh_api - INFO - Fetched 1 alerts from Indexer
2026-07-13 07:54:09,145 - app.services.wazuh_api - INFO - Fetched 1 alerts from Indexer
2026-07-13 07:54:09,205 - app.services.wazuh_api - INFO - Found 2 agents
2026-07-13 07:54:10,105 - app.services.wazuh_api - INFO - Fetched 1 alerts from Indexer
2026-07-13 07:54:10,131 - app.services.wazuh_api - INFO - Fetched 1 alerts from Indexer
2026-07-13 07:54:10,195 - app.services.wazuh_api - INFO - Found 2 agents
2026-07-13 07:54:11,099 - app.services.wazuh_api - INFO - Fetched 1 alerts from Indexer
2026-07-13 07:54:11,145 - app.services.wazuh_api - INFO - Fetched 1 alerts from Indexer
2026-07-13 07:54:11,203 - app.services.wazuh_api - INFO - Found 2 agents
2026-07-13 07:54:12,108 - app.services.wazuh_api - INFO - Fetched 1 alerts from Indexer
2026-07-13 07:54:12,155 - app.services.wazuh_api - INFO - Fetched 1 alerts from Indexer
2026-07-13 07:54:12,196 - app.services.wazuh_api - INFO - Found 2 agents
2026-07-13 07:54:13,103 - app.services.wazuh_api - INFO - Fetched 1 alerts from Indexer
2026-07-13 07:54:13,151 - app.services.wazuh_api - INFO - Fetched 1 alerts from Indexer
2026-07-13 07:54:13,213 - app.services.wazuh_api - INFO - Found 2 agents
2026-07-13 07:54:14,108 - app.services.wazuh_api - INFO - Fetched 1 alerts from Indexer
2026-07-13 07:54:14,152 - app.services.wazuh_api - INFO - Fetched 1 alerts from Indexer
2026-07-13 07:54:14,217 - app.services.wazuh_api - INFO - Found 2 agents
2026-07-13 07:54:15,099 - app.services.wazuh_api - INFO - Fetched 1 alerts from Indexer
2026-07-13 07:54:15,140 - app.services.wazuh_api - INFO - Fetched 1 alerts from Indexer
2026-07-13 07:54:15,198 - app.services.wazuh_api - INFO - Found 2 agents
2026-07-13 07:54:16,102 - app.services.wazuh_api - INFO - Fetched 1 alerts from Indexer
2026-07-13 07:54:16,147 - app.services.wazuh_api - INFO - Fetched 1 alerts from Indexer
2026-07-13 07:54:16,208 - app.services.wazuh_api - INFO - Found 2 agents
2026-07-13 07:54:17,101 - app.services.wazuh_api - INFO - Fetched 1 alerts from Indexer
2026-07-13 07:54:17,199 - app.services.wazuh_api - INFO - Fetched 1 alerts from Indexer
2026-07-13 07:54:17,261 - app.services.wazuh_api - INFO - Found 2 agents
2026-07-13 07:54:18,095 - app.services.wazuh_api - INFO - Fetched 1 alerts from Indexer
2026-07-13 07:54:18,123 - app.services.wazuh_api - INFO - Fetched 1 alerts from Indexer
2026-07-13 07:54:18,184 - app.services.wazuh_api - INFO - Found 2 agents
2026-07-13 07:54:19,097 - app.services.wazuh_api - INFO - Fetched 1 alerts from Indexer
2026-07-13 07:54:19,145 - app.services.wazuh_api - INFO - Fetched 1 alerts from Indexer
2026-07-13 07:54:19,207 - app.services.wazuh_api - INFO - Found 2 agents
2026-07-13 07:54:20,109 - app.services.wazuh_api - INFO - Fetched 1 alerts from Indexer
2026-07-13 07:54:20,155 - app.services.wazuh_api - INFO - Fetched 1 alerts from Indexer
2026-07-13 07:54:20,219 - app.services.wazuh_api - INFO - Found 2 agents
2026-07-13 07:54:21,105 - app.services.wazuh_api - INFO - Fetched 1 alerts from Indexer
2026-07-13 07:54:21,151 - app.services.wazuh_api - INFO - Fetched 1 alerts from Indexer
2026-07-13 07:54:21,212 - app.services.wazuh_api - INFO - Found 2 agents
2026-07-13 07:54:22,104 - app.services.wazuh_api - INFO - Fetched 1 alerts from Indexer
2026-07-13 07:54:22,149 - app.services.wazuh_api - INFO - Fetched 1 alerts from Indexer
2026-07-13 07:54:22,208 - app.services.wazuh_api - INFO - Found 2 agents
2026-07-13 07:54:23,087 - app.services.wazuh_api - INFO - Fetched 1 alerts from Indexer
2026-07-13 07:54:23,178 - app.services.wazuh_api - INFO - Fetched 1 alerts from Indexer
2026-07-13 07:54:23,236 - app.services.wazuh_api - INFO - Found 2 agents
2026-07-13 07:54:24,142 - app.services.wazuh_api - INFO - Fetched 1 alerts from Indexer
2026-07-13 07:54:24,192 - app.services.wazuh_api - INFO - Fetched 1 alerts from Indexer
2026-07-13 07:54:24,234 - app.services.wazuh_api - INFO - Found 2 agents
2026-07-13 07:54:25,108 - app.services.wazuh_api - INFO - Fetched 1 alerts from Indexer
2026-07-13 07:54:25,152 - app.services.wazuh_api - INFO - Fetched 1 alerts from Indexer
2026-07-13 07:54:25,210 - app.services.wazuh_api - INFO - Found 2 agents
2026-07-13 07:54:26,099 - app.services.wazuh_api - INFO - Fetched 1 alerts from Indexer
2026-07-13 07:54:26,191 - app.services.wazuh_api - INFO - Fetched 1 alerts from Indexer
2026-07-13 07:54:26,253 - app.services.wazuh_api - INFO - Found 2 agents
2026-07-13 07:54:27,105 - app.services.wazuh_api - INFO - Fetched 1 alerts from Indexer
2026-07-13 07:54:27,151 - app.services.wazuh_api - INFO - Fetched 1 alerts from Indexer
2026-07-13 07:54:27,192 - app.services.wazuh_api - INFO - Found 2 agents
2026-07-13 07:54:28,104 - app.services.wazuh_api - INFO - Fetched 1 alerts from Indexer
2026-07-13 07:54:28,146 - app.services.wazuh_api - INFO - Fetched 1 alerts from Indexer
2026-07-13 07:54:28,206 - app.services.wazuh_api - INFO - Found 2 agents
2026-07-13 07:54:29,102 - app.services.wazuh_api - INFO - Fetched 1 alerts from Indexer
2026-07-13 07:54:29,129 - app.services.wazuh_api - INFO - Fetched 1 alerts from Indexer
2026-07-13 07:54:29,176 - app.services.wazuh_api - INFO - Found 2 agents
2026-07-13 07:54:30,101 - app.services.wazuh_api - INFO - Fetched 1 alerts from Indexer
2026-07-13 07:54:30,147 - app.services.wazuh_api - INFO - Fetched 1 alerts from Indexer
2026-07-13 07:54:30,208 - app.services.wazuh_api - INFO - Found 2 agents
2026-07-13 07:54:31,099 - app.services.wazuh_api - INFO - Fetched 1 alerts from Indexer
2026-07-13 07:54:31,144 - app.services.wazuh_api - INFO - Fetched 1 alerts from Indexer
2026-07-13 07:54:31,184 - app.services.wazuh_api - INFO - Found 2 agents
2026-07-13 07:54:32,098 - app.services.wazuh_api - INFO - Fetched 1 alerts from Indexer
2026-07-13 07:54:32,147 - app.services.wazuh_api - INFO - Fetched 1 alerts from Indexer
2026-07-13 07:54:32,189 - app.services.wazuh_api - INFO - Found 2 agents
2026-07-13 07:54:33,097 - app.services.wazuh_api - INFO - Fetched 1 alerts from Indexer
2026-07-13 07:54:33,141 - app.services.wazuh_api - INFO - Fetched 1 alerts from Indexer
2026-07-13 07:54:33,203 - app.services.wazuh_api - INFO - Found 2 agents
2026-07-13 07:54:34,106 - app.services.wazuh_api - INFO - Fetched 1 alerts from Indexer
2026-07-13 07:54:34,150 - app.services.wazuh_api - INFO - Fetched 1 alerts from Indexer
2026-07-13 07:54:34,220 - app.services.wazuh_api - INFO - Found 2 agents
2026-07-13 07:54:35,099 - app.services.wazuh_api - INFO - Fetched 1 alerts from Indexer
2026-07-13 07:54:35,144 - app.services.wazuh_api - INFO - Fetched 1 alerts from Indexer
2026-07-13 07:54:35,205 - app.services.wazuh_api - INFO - Found 2 agents
2026-07-13 07:54:36,094 - app.services.wazuh_api - INFO - Fetched 1 alerts from Indexer
2026-07-13 07:54:36,139 - app.services.wazuh_api - INFO - Fetched 1 alerts from Indexer
2026-07-13 07:54:36,200 - app.services.wazuh_api - INFO - Found 2 agents
2026-07-13 07:54:37,097 - app.services.wazuh_api - INFO - Fetched 1 alerts from Indexer
2026-07-13 07:54:37,140 - app.services.wazuh_api - INFO - Fetched 1 alerts from Indexer
2026-07-13 07:54:37,201 - app.services.wazuh_api - INFO - Found 2 agents
2026-07-13 07:54:38,102 - app.services.wazuh_api - INFO - Fetched 1 alerts from Indexer
2026-07-13 07:54:38,148 - app.services.wazuh_api - INFO - Fetched 1 alerts from Indexer
2026-07-13 07:54:38,211 - app.services.wazuh_api - INFO - Found 2 agents
2026-07-13 07:54:39,101 - app.services.wazuh_api - INFO - Fetched 1 alerts from Indexer
2026-07-13 07:54:39,149 - app.services.wazuh_api - INFO - Fetched 1 alerts from Indexer
2026-07-13 07:54:39,189 - app.services.wazuh_api - INFO - Found 2 agents
2026-07-13 07:54:40,103 - app.services.wazuh_api - INFO - Fetched 1 alerts from Indexer
2026-07-13 07:54:40,150 - app.services.wazuh_api - INFO - Fetched 1 alerts from Indexer
2026-07-13 07:54:40,209 - app.services.wazuh_api - INFO - Found 2 agents
2026-07-13 07:54:40,352 - app.services.wazuh_api - INFO - Fetched 1 alerts from Indexer
2026-07-13 07:54:40,399 - app.services.wazuh_api - INFO - Fetched 1 alerts from Indexer
2026-07-13 07:54:40,461 - app.services.wazuh_api - INFO - Found 2 agents
2026-07-13 07:54:41,209 - app.services.wazuh_api - INFO - Fetched 1 alerts from Indexer
2026-07-13 07:54:41,255 - app.services.wazuh_api - INFO - Fetched 1 alerts from Indexer
2026-07-13 07:54:41,293 - app.services.wazuh_api - INFO - Found 2 agents
2026-07-13 07:54:41,536 - app.services.wazuh_api - INFO - Fetched 1 alerts from Indexer
2026-07-13 07:54:41,578 - app.services.wazuh_api - INFO - Found 2 agents
2026-07-13 07:54:41,582 - app.main - INFO - Client connected
2026-07-13 07:54:41,626 - app.services.wazuh_api - INFO - Fetched 1 alerts from Indexer
2026-07-13 07:54:41,671 - app.services.wazuh_api - INFO - Fetched 1 alerts from Indexer
2026-07-13 07:54:41,730 - app.services.wazuh_api - INFO - Found 2 agents
2026-07-13 07:54:41,779 - app.services.wazuh_api - INFO - Fetched 1 alerts from Indexer
2026-07-13 07:54:41,826 - app.services.wazuh_api - INFO - Fetched 1 alerts from Indexer
2026-07-13 07:54:41,886 - app.services.wazuh_api - INFO - Found 2 agents
2026-07-13 07:54:41,934 - app.services.wazuh_api - INFO - Fetched 1 alerts from Indexer
2026-07-13 07:54:41,980 - app.services.wazuh_api - INFO - Fetched 1 alerts from Indexer
2026-07-13 07:54:42,047 - app.services.wazuh_api - INFO - Found 2 agents
2026-07-13 07:54:42,125 - app.services.wazuh_api - INFO - Fetched 1 alerts from Indexer
2026-07-13 07:54:42,169 - app.services.wazuh_api - INFO - Fetched 1 alerts from Indexer
2026-07-13 07:54:42,228 - app.services.wazuh_api - INFO - Found 2 agents
2026-07-13 07:54:42,260 - app.services.wazuh_api - INFO - Fetched 1 alerts from Indexer
2026-07-13 07:54:42,355 - app.services.wazuh_api - INFO - Fetched 1 alerts from Indexer
2026-07-13 07:54:42,402 - app.services.wazuh_api - INFO - Fetched 1 alerts from Indexer
2026-07-13 07:54:42,460 - app.services.wazuh_api - INFO - Found 2 agents
2026-07-13 07:54:42,509 - app.services.wazuh_api - INFO - Fetched 1 alerts from Indexer
2026-07-13 07:54:42,558 - app.services.wazuh_api - INFO - Fetched 1 alerts from Indexer
2026-07-13 07:54:42,602 - app.services.wazuh_api - INFO - Fetched 1 alerts from Indexer
2026-07-13 07:54:42,662 - app.services.wazuh_api - INFO - Found 2 agents
2026-07-13 07:54:42,697 - app.services.wazuh_api - INFO - Fetched 1 alerts from Indexer
2026-07-13 07:54:42,742 - app.services.wazuh_api - INFO - Fetched 1 alerts from Indexer
2026-07-13 07:54:42,791 - app.services.wazuh_api - INFO - Fetched 1 alerts from Indexer
2026-07-13 07:54:42,866 - app.services.wazuh_api - INFO - Fetched 1 alerts from Indexer
2026-07-13 07:54:42,916 - app.services.wazuh_api - INFO - Found 2 agents
2026-07-13 07:54:42,963 - app.services.wazuh_api - INFO - Fetched 1 alerts from Indexer
2026-07-13 07:54:43,009 - app.services.wazuh_api - INFO - Fetched 1 alerts from Indexer
2026-07-13 07:54:43,052 - app.services.wazuh_api - INFO - Fetched 1 alerts from Indexer
2026-07-13 07:54:43,114 - app.services.wazuh_api - INFO - Found 2 agents
2026-07-13 07:54:43,142 - app.services.wazuh_api - INFO - Fetched 1 alerts from Indexer
2026-07-13 07:54:43,179 - app.services.wazuh_api - INFO - Fetched 1 alerts from Indexer
2026-07-13 07:54:43,271 - app.services.wazuh_api - INFO - Fetched 1 alerts from Indexer
2026-07-13 07:54:43,368 - app.services.wazuh_api - INFO - Fetched 1 alerts from Indexer
2026-07-13 07:54:43,407 - app.services.wazuh_api - INFO - Found 2 agents
2026-07-13 07:54:43,443 - app.services.wazuh_api - INFO - Fetched 1 alerts from Indexer
2026-07-13 07:54:43,490 - app.services.wazuh_api - INFO - Fetched 1 alerts from Indexer
2026-07-13 07:54:43,535 - app.services.wazuh_api - INFO - Fetched 1 alerts from Indexer
2026-07-13 07:54:43,598 - app.services.wazuh_api - INFO - Found 2 agents
2026-07-13 07:54:43,647 - app.services.wazuh_api - INFO - Fetched 1 alerts from Indexer
2026-07-13 07:54:43,691 - app.services.wazuh_api - INFO - Fetched 1 alerts from Indexer
2026-07-13 07:54:43,738 - app.services.wazuh_api - INFO - Fetched 1 alerts from Indexer
2026-07-13 07:54:43,800 - app.services.wazuh_api - INFO - Found 2 agents
2026-07-13 07:54:43,846 - app.services.wazuh_api - INFO - Fetched 1 alerts from Indexer
2026-07-13 07:54:43,901 - app.services.wazuh_api - INFO - Fetched 1 alerts from Indexer
2026-07-13 07:54:43,955 - app.services.wazuh_api - INFO - Fetched 1 alerts from Indexer
2026-07-13 07:54:43,991 - app.services.wazuh_api - INFO - Found 2 agents
2026-07-13 07:54:44,034 - app.services.wazuh_api - INFO - Fetched 1 alerts from Indexer
2026-07-13 07:54:44,128 - app.services.wazuh_api - INFO - Fetched 1 alerts from Indexer
2026-07-13 07:54:44,175 - app.services.wazuh_api - INFO - Fetched 1 alerts from Indexer
2026-07-13 07:54:44,235 - app.services.wazuh_api - INFO - Found 2 agents
2026-07-13 07:54:44,282 - app.services.wazuh_api - INFO - Fetched 1 alerts from Indexer
2026-07-13 07:54:44,326 - app.services.wazuh_api - INFO - Fetched 1 alerts from Indexer
2026-07-13 07:54:44,392 - app.services.wazuh_api - INFO - Found 2 agents
2026-07-13 07:54:44,436 - app.services.wazuh_api - INFO - Fetched 1 alerts from Indexer
2026-07-13 07:54:44,495 - app.services.wazuh_api - INFO - Found 2 agents
2026-07-13 07:54:44,544 - app.services.wazuh_api - INFO - Fetched 1 alerts from Indexer
2026-07-13 07:54:44,603 - app.services.wazuh_api - INFO - Found 2 agents
2026-07-13 07:54:44,629 - app.services.wazuh_api - INFO - Fetched 1 alerts from Indexer
2026-07-13 07:54:44,685 - app.services.wazuh_api - INFO - Found 2 agents
2026-07-13 07:54:44,732 - app.services.wazuh_api - INFO - Fetched 1 alerts from Indexer
2026-07-13 07:54:44,790 - app.services.wazuh_api - INFO - Found 2 agents
2026-07-13 07:54:44,840 - app.services.wazuh_api - INFO - Fetched 1 alerts from Indexer
2026-07-13 07:54:44,901 - app.services.wazuh_api - INFO - Found 2 agents
2026-07-13 07:54:44,995 - app.services.wazuh_api - INFO - Fetched 1 alerts from Indexer
2026-07-13 07:54:45,046 - app.services.wazuh_api - INFO - Found 2 agents
2026-07-13 07:54:45,090 - app.services.wazuh_api - INFO - Fetched 1 alerts from Indexer
2026-07-13 07:54:45,129 - app.services.wazuh_api - INFO - Found 2 agents
2026-07-13 07:54:45,168 - app.services.wazuh_api - INFO - Fetched 1 alerts from Indexer
2026-07-13 07:54:45,262 - app.services.wazuh_api - INFO - Fetched 1 alerts from Indexer
2026-07-13 07:54:45,321 - app.services.wazuh_api - INFO - Found 2 agents
2026-07-13 07:54:45,368 - app.services.wazuh_api - INFO - Fetched 1 alerts from Indexer
2026-07-13 07:54:45,434 - app.services.wazuh_api - INFO - Found 2 agents
2026-07-13 07:54:45,479 - app.services.wazuh_api - INFO - Fetched 1 alerts from Indexer
2026-07-13 07:54:45,542 - app.services.wazuh_api - INFO - Found 2 agents
2026-07-13 07:54:45,570 - app.services.wazuh_api - INFO - Fetched 1 alerts from Indexer
2026-07-13 07:54:45,610 - app.services.wazuh_api - INFO - Found 2 agents
2026-07-13 07:54:46,100 - app.services.wazuh_api - INFO - Fetched 1 alerts from Indexer
2026-07-13 07:54:46,146 - app.services.wazuh_api - INFO - Fetched 1 alerts from Indexer
2026-07-13 07:54:46,206 - app.services.wazuh_api - INFO - Found 2 agents
2026-07-13 07:54:47,099 - app.services.wazuh_api - INFO - Fetched 1 alerts from Indexer
2026-07-13 07:54:47,144 - app.services.wazuh_api - INFO - Fetched 1 alerts from Indexer
2026-07-13 07:54:47,180 - app.services.wazuh_api - INFO - Found 2 agents
2026-07-13 07:54:48,095 - app.services.wazuh_api - INFO - Fetched 1 alerts from Indexer
2026-07-13 07:54:48,141 - app.services.wazuh_api - INFO - Fetched 1 alerts from Indexer
2026-07-13 07:54:48,200 - app.services.wazuh_api - INFO - Found 2 agents
2026-07-13 07:54:49,103 - app.services.wazuh_api - INFO - Fetched 1 alerts from Indexer
2026-07-13 07:54:49,129 - app.services.wazuh_api - INFO - Fetched 1 alerts from Indexer
2026-07-13 07:54:49,179 - app.services.wazuh_api - INFO - Found 2 agents
2026-07-13 07:54:50,101 - app.services.wazuh_api - ERROR - Failed: 404
2026-07-13 07:54:50,134 - app.services.wazuh_api - ERROR - Failed: 404
2026-07-13 07:54:50,192 - app.services.wazuh_api - INFO - Found 2 agents
2026-07-13 07:54:51,103 - app.services.wazuh_api - ERROR - Failed: 400
2026-07-13 07:54:51,150 - app.services.wazuh_api - ERROR - Failed: 400
2026-07-13 07:54:51,208 - app.services.wazuh_api - INFO - Found 2 agents
2026-07-13 07:54:52,097 - app.services.wazuh_api - ERROR - Failed: 400
2026-07-13 07:54:52,144 - app.services.wazuh_api - ERROR - Failed: 400
2026-07-13 07:54:52,217 - app.services.wazuh_api - INFO - Found 2 agents
2026-07-13 07:54:53,098 - app.services.wazuh_api - ERROR - Failed: 400
2026-07-13 07:54:53,143 - app.services.wazuh_api - ERROR - Failed: 400
2026-07-13 07:54:53,211 - app.services.wazuh_api - INFO - Found 2 agents
2026-07-13 07:54:54,094 - app.services.wazuh_api - ERROR - Failed: 400
2026-07-13 07:54:54,142 - app.services.wazuh_api - ERROR - Failed: 400
2026-07-13 07:54:54,200 - app.services.wazuh_api - INFO - Found 2 agents
2026-07-13 07:54:54,388 - app.services.wazuh_api - ERROR - Failed: 400
2026-07-13 07:54:54,439 - app.services.wazuh_api - ERROR - Failed: 400
2026-07-13 07:54:54,503 - app.services.wazuh_api - INFO - Found 2 agents
2026-07-13 07:54:54,532 - app.services.wazuh_api - ERROR - Failed: 400
2026-07-13 07:54:54,559 - app.services.wazuh_api - ERROR - Failed: 400
2026-07-13 07:54:54,606 - app.services.wazuh_api - INFO - Found 2 agents
2026-07-13 07:54:54,637 - app.services.wazuh_api - ERROR - Failed: 400
2026-07-13 07:54:54,683 - app.services.wazuh_api - ERROR - Failed: 400
2026-07-13 07:54:54,726 - app.services.wazuh_api - INFO - Found 2 agents
2026-07-13 07:54:54,777 - app.services.wazuh_api - ERROR - Failed: 400
2026-07-13 07:54:54,826 - app.services.wazuh_api - ERROR - Failed: 400
2026-07-13 07:54:54,876 - app.services.wazuh_api - ERROR - Failed: 400
2026-07-13 07:54:54,937 - app.services.wazuh_api - INFO - Found 2 agents
2026-07-13 07:54:54,982 - app.services.wazuh_api - ERROR - Failed: 400
2026-07-13 07:54:55,027 - app.services.wazuh_api - ERROR - Failed: 400
2026-07-13 07:54:55,075 - app.services.wazuh_api - ERROR - Failed: 400
2026-07-13 07:54:55,136 - app.services.wazuh_api - INFO - Found 2 agents
2026-07-13 07:54:55,183 - app.services.wazuh_api - ERROR - Failed: 400
2026-07-13 07:54:55,230 - app.services.wazuh_api - ERROR - Failed: 400
2026-07-13 07:54:55,278 - app.services.wazuh_api - ERROR - Failed: 400
2026-07-13 07:54:55,337 - app.services.wazuh_api - INFO - Found 2 agents
2026-07-13 07:54:55,387 - app.services.wazuh_api - ERROR - Failed: 400
2026-07-13 07:54:55,432 - app.services.wazuh_api - ERROR - Failed: 400
2026-07-13 07:54:55,480 - app.services.wazuh_api - ERROR - Failed: 400
2026-07-13 07:54:55,542 - app.services.wazuh_api - INFO - Found 2 agents
2026-07-13 07:54:55,590 - app.services.wazuh_api - ERROR - Failed: 400
2026-07-13 07:54:55,648 - app.services.wazuh_api - ERROR - Failed: 400
2026-07-13 07:54:55,745 - app.services.wazuh_api - ERROR - Failed: 400
2026-07-13 07:54:55,798 - app.services.wazuh_api - INFO - Found 2 agents
2026-07-13 07:54:55,830 - app.services.wazuh_api - ERROR - Failed: 400
2026-07-13 07:54:55,905 - app.services.wazuh_api - ERROR - Failed: 400
2026-07-13 07:54:55,985 - app.services.wazuh_api - ERROR - Failed: 400
2026-07-13 07:54:56,026 - app.services.wazuh_api - INFO - Found 2 agents
2026-07-13 07:54:56,050 - app.services.wazuh_api - ERROR - Failed: 400
2026-07-13 07:54:56,089 - app.services.wazuh_api - ERROR - Failed: 400
2026-07-13 07:54:56,111 - app.services.wazuh_api - ERROR - Failed: 400
2026-07-13 07:54:56,155 - app.services.wazuh_api - ERROR - Failed: 400
2026-07-13 07:54:56,211 - app.services.wazuh_api - INFO - Found 2 agents
2026-07-13 07:54:56,246 - app.services.wazuh_api - ERROR - Failed: 400
2026-07-13 07:54:56,281 - app.services.wazuh_api - ERROR - Failed: 400
2026-07-13 07:54:56,315 - app.services.wazuh_api - ERROR - Failed: 400
2026-07-13 07:54:56,355 - app.services.wazuh_api - INFO - Found 2 agents
2026-07-13 07:54:56,380 - app.services.wazuh_api - ERROR - Failed: 400
2026-07-13 07:54:56,431 - app.services.wazuh_api - INFO - Found 2 agents
2026-07-13 07:54:56,478 - app.services.wazuh_api - ERROR - Failed: 400
2026-07-13 07:54:56,532 - app.services.wazuh_api - INFO - Found 2 agents
2026-07-13 07:54:56,574 - app.services.wazuh_api - ERROR - Failed: 400
2026-07-13 07:54:56,636 - app.services.wazuh_api - INFO - Found 2 agents
2026-07-13 07:54:56,682 - app.services.wazuh_api - ERROR - Failed: 400
2026-07-13 07:54:56,725 - app.services.wazuh_api - INFO - Found 2 agents
2026-07-13 07:54:56,776 - app.services.wazuh_api - ERROR - Failed: 400
2026-07-13 07:54:56,844 - app.services.wazuh_api - INFO - Found 2 agents
2026-07-13 07:54:56,884 - app.services.wazuh_api - ERROR - Failed: 400
2026-07-13 07:54:56,952 - app.services.wazuh_api - INFO - Found 2 agents
2026-07-13 07:54:56,997 - app.services.wazuh_api - ERROR - Failed: 400
2026-07-13 07:54:57,058 - app.services.wazuh_api - INFO - Found 2 agents
2026-07-13 07:54:57,101 - app.services.wazuh_api - ERROR - Failed: 400
2026-07-13 07:54:57,163 - app.services.wazuh_api - INFO - Found 2 agents
2026-07-13 07:54:57,212 - app.services.wazuh_api - ERROR - Failed: 400
2026-07-13 07:54:57,259 - app.services.wazuh_api - ERROR - Failed: 400
2026-07-13 07:54:57,322 - app.services.wazuh_api - INFO - Found 2 agents
2026-07-13 07:54:57,350 - app.services.wazuh_api - ERROR - Failed: 400
2026-07-13 07:54:57,413 - app.services.wazuh_api - INFO - Found 2 agents
2026-07-13 07:54:58,109 - app.services.wazuh_api - ERROR - Failed: 400
2026-07-13 07:54:58,142 - app.services.wazuh_api - ERROR - Failed: 400
2026-07-13 07:54:58,206 - app.services.wazuh_api - INFO - Found 2 agents
2026-07-13 07:54:59,070 - app.services.wazuh_api - INFO - Fetched 1 alerts from Indexer
2026-07-13 07:54:59,116 - app.services.wazuh_api - INFO - Fetched 1 alerts from Indexer
2026-07-13 07:54:59,180 - app.services.wazuh_api - INFO - Found 2 agents
2026-07-13 07:54:59,225 - app.services.wazuh_api - INFO - Fetched 1 alerts from Indexer
2026-07-13 07:54:59,274 - app.services.wazuh_api - INFO - Fetched 1 alerts from Indexer
2026-07-13 07:54:59,336 - app.services.wazuh_api - INFO - Found 2 agents
2026-07-13 07:54:59,381 - app.services.wazuh_api - INFO - Fetched 1 alerts from Indexer
2026-07-13 07:54:59,457 - app.services.wazuh_api - INFO - Fetched 1 alerts from Indexer
2026-07-13 07:54:59,503 - app.services.wazuh_api - INFO - Fetched 1 alerts from Indexer
2026-07-13 07:54:59,565 - app.services.wazuh_api - INFO - Found 2 agents
2026-07-13 07:54:59,611 - app.services.wazuh_api - INFO - Fetched 1 alerts from Indexer
2026-07-13 07:54:59,657 - app.services.wazuh_api - INFO - Fetched 1 alerts from Indexer
2026-07-13 07:54:59,705 - app.services.wazuh_api - INFO - Fetched 1 alerts from Indexer
2026-07-13 07:54:59,764 - app.services.wazuh_api - INFO - Found 2 agents
2026-07-13 07:54:59,814 - app.services.wazuh_api - INFO - Fetched 1 alerts from Indexer
2026-07-13 07:54:59,859 - app.services.wazuh_api - INFO - Fetched 1 alerts from Indexer
2026-07-13 07:54:59,907 - app.services.wazuh_api - INFO - Fetched 1 alerts from Indexer
2026-07-13 07:54:59,975 - app.services.wazuh_api - INFO - Found 2 agents
2026-07-13 07:55:00,021 - app.services.wazuh_api - INFO - Fetched 1 alerts from Indexer
2026-07-13 07:55:00,068 - app.services.wazuh_api - INFO - Fetched 1 alerts from Indexer
2026-07-13 07:55:00,114 - app.services.wazuh_api - INFO - Fetched 1 alerts from Indexer
2026-07-13 07:55:00,173 - app.services.wazuh_api - INFO - Found 2 agents
2026-07-13 07:55:00,210 - app.services.wazuh_api - INFO - Fetched 1 alerts from Indexer
2026-07-13 07:55:00,257 - app.services.wazuh_api - INFO - Fetched 1 alerts from Indexer
2026-07-13 07:55:00,285 - app.services.wazuh_api - INFO - Fetched 1 alerts from Indexer
2026-07-13 07:55:00,345 - app.services.wazuh_api - INFO - Found 2 agents
2026-07-13 07:55:00,374 - app.services.wazuh_api - INFO - Fetched 1 alerts from Indexer
2026-07-13 07:55:00,410 - app.services.wazuh_api - INFO - Fetched 1 alerts from Indexer
2026-07-13 07:55:00,455 - app.services.wazuh_api - INFO - Fetched 1 alerts from Indexer
2026-07-13 07:55:00,499 - app.services.wazuh_api - INFO - Found 2 agents
2026-07-13 07:55:00,551 - app.services.wazuh_api - INFO - Fetched 1 alerts from Indexer
2026-07-13 07:55:00,578 - app.services.wazuh_api - INFO - Fetched 1 alerts from Indexer
2026-07-13 07:55:00,641 - app.services.wazuh_api - INFO - Found 2 agents
2026-07-13 07:55:00,666 - app.services.wazuh_api - INFO - Fetched 1 alerts from Indexer
2026-07-13 07:55:00,692 - app.services.wazuh_api - INFO - Fetched 1 alerts from Indexer
2026-07-13 07:55:00,737 - app.services.wazuh_api - INFO - Fetched 1 alerts from Indexer
2026-07-13 07:55:00,796 - app.services.wazuh_api - INFO - Found 2 agents
2026-07-13 07:55:00,825 - app.services.wazuh_api - INFO - Fetched 1 alerts from Indexer
2026-07-13 07:55:00,874 - app.services.wazuh_api - INFO - Fetched 1 alerts from Indexer
2026-07-13 07:55:00,912 - app.services.wazuh_api - INFO - Found 2 agents
2026-07-13 07:55:00,942 - app.services.wazuh_api - INFO - Fetched 1 alerts from Indexer
2026-07-13 07:55:00,983 - app.services.wazuh_api - INFO - Fetched 1 alerts from Indexer
2026-07-13 07:55:01,023 - app.services.wazuh_api - INFO - Found 2 agents
2026-07-13 07:55:01,063 - app.services.wazuh_api - INFO - Fetched 1 alerts from Indexer
2026-07-13 07:55:01,105 - app.services.wazuh_api - INFO - Fetched 1 alerts from Indexer
2026-07-13 07:55:01,154 - app.services.wazuh_api - INFO - Fetched 1 alerts from Indexer
2026-07-13 07:55:01,213 - app.services.wazuh_api - INFO - Found 2 agents
2026-07-13 07:55:01,271 - app.services.wazuh_api - INFO - Fetched 1 alerts from Indexer
2026-07-13 07:55:01,309 - app.services.wazuh_api - INFO - Fetched 1 alerts from Indexer
2026-07-13 07:55:01,356 - app.services.wazuh_api - INFO - Fetched 1 alerts from Indexer
2026-07-13 07:55:01,396 - app.services.wazuh_api - INFO - Found 2 agents
2026-07-13 07:55:01,425 - app.services.wazuh_api - INFO - Fetched 1 alerts from Indexer
2026-07-13 07:55:01,465 - app.services.wazuh_api - INFO - Fetched 1 alerts from Indexer
2026-07-13 07:55:01,504 - app.services.wazuh_api - INFO - Found 2 agents
2026-07-13 07:55:01,543 - app.services.wazuh_api - INFO - Fetched 1 alerts from Indexer
2026-07-13 07:55:01,588 - app.services.wazuh_api - INFO - Fetched 1 alerts from Indexer
2026-07-13 07:55:01,645 - app.services.wazuh_api - INFO - Found 2 agents
2026-07-13 07:55:01,696 - app.services.wazuh_api - INFO - Fetched 1 alerts from Indexer
2026-07-13 07:55:01,743 - app.services.wazuh_api - INFO - Fetched 1 alerts from Indexer
2026-07-13 07:55:01,772 - app.services.wazuh_api - INFO - Fetched 1 alerts from Indexer
2026-07-13 07:55:01,835 - app.services.wazuh_api - INFO - Found 2 agents
2026-07-13 07:55:01,882 - app.services.wazuh_api - INFO - Fetched 1 alerts from Indexer
2026-07-13 07:55:01,928 - app.services.wazuh_api - INFO - Fetched 1 alerts from Indexer
2026-07-13 07:55:01,979 - app.services.wazuh_api - INFO - Fetched 1 alerts from Indexer
2026-07-13 07:55:02,039 - app.services.wazuh_api - INFO - Found 2 agents
2026-07-13 07:55:02,090 - app.services.wazuh_api - INFO - Fetched 1 alerts from Indexer
2026-07-13 07:55:02,121 - app.services.wazuh_api - INFO - Fetched 1 alerts from Indexer
2026-07-13 07:55:02,160 - app.services.wazuh_api - INFO - Fetched 1 alerts from Indexer
2026-07-13 07:55:02,229 - app.services.wazuh_api - INFO - Found 2 agents
2026-07-13 07:55:02,320 - app.services.wazuh_api - INFO - Fetched 1 alerts from Indexer
2026-07-13 07:55:02,365 - app.services.wazuh_api - INFO - Fetched 1 alerts from Indexer
2026-07-13 07:55:02,394 - app.services.wazuh_api - INFO - Fetched 1 alerts from Indexer
2026-07-13 07:55:02,459 - app.services.wazuh_api - INFO - Found 2 agents
2026-07-13 07:55:02,513 - app.services.wazuh_api - INFO - Fetched 1 alerts from Indexer
2026-07-13 07:55:02,540 - app.services.wazuh_api - INFO - Fetched 1 alerts from Indexer
2026-07-13 07:55:02,585 - app.services.wazuh_api - INFO - Fetched 1 alerts from Indexer
2026-07-13 07:55:02,627 - app.services.wazuh_api - INFO - Found 2 agents
2026-07-13 07:55:02,678 - app.services.wazuh_api - INFO - Fetched 1 alerts from Indexer
2026-07-13 07:55:02,728 - app.services.wazuh_api - INFO - Fetched 1 alerts from Indexer
2026-07-13 07:55:02,774 - app.services.wazuh_api - INFO - Fetched 1 alerts from Indexer
2026-07-13 07:55:02,844 - app.services.wazuh_api - INFO - Found 2 agents
2026-07-13 07:55:02,928 - app.services.wazuh_api - INFO - Fetched 1 alerts from Indexer
2026-07-13 07:55:02,959 - app.services.wazuh_api - INFO - Fetched 1 alerts from Indexer
2026-07-13 07:55:03,009 - app.services.wazuh_api - INFO - Fetched 1 alerts from Indexer
2026-07-13 07:55:03,055 - app.services.wazuh_api - INFO - Found 2 agents
2026-07-13 07:55:03,087 - app.services.wazuh_api - INFO - Fetched 1 alerts from Indexer
2026-07-13 07:55:03,116 - app.services.wazuh_api - INFO - Fetched 1 alerts from Indexer
2026-07-13 07:55:03,208 - app.services.wazuh_api - INFO - Fetched 1 alerts from Indexer
2026-07-13 07:55:03,278 - app.services.wazuh_api - INFO - Found 2 agents
2026-07-13 07:55:03,322 - app.services.wazuh_api - INFO - Fetched 1 alerts from Indexer
2026-07-13 07:55:03,367 - app.services.wazuh_api - INFO - Fetched 1 alerts from Indexer
2026-07-13 07:55:03,409 - app.services.wazuh_api - INFO - Fetched 1 alerts from Indexer
2026-07-13 07:55:03,469 - app.services.wazuh_api - INFO - Found 2 agents
2026-07-13 07:55:03,517 - app.services.wazuh_api - INFO - Fetched 1 alerts from Indexer
2026-07-13 07:55:03,562 - app.services.wazuh_api - INFO - Fetched 1 alerts from Indexer
2026-07-13 07:55:03,611 - app.services.wazuh_api - INFO - Fetched 1 alerts from Indexer
2026-07-13 07:55:03,671 - app.services.wazuh_api - INFO - Found 2 agents
2026-07-13 07:55:03,698 - app.services.wazuh_api - INFO - Fetched 1 alerts from Indexer
2026-07-13 07:55:03,749 - app.services.wazuh_api - INFO - Fetched 1 alerts from Indexer
2026-07-13 07:55:03,794 - app.services.wazuh_api - INFO - Fetched 1 alerts from Indexer
2026-07-13 07:55:03,855 - app.services.wazuh_api - INFO - Found 2 agents
2026-07-13 07:55:03,907 - app.services.wazuh_api - INFO - Fetched 1 alerts from Indexer
2026-07-13 07:55:03,954 - app.services.wazuh_api - INFO - Fetched 1 alerts from Indexer
2026-07-13 07:55:04,003 - app.services.wazuh_api - INFO - Fetched 1 alerts from Indexer
2026-07-13 07:55:04,066 - app.services.wazuh_api - INFO - Found 2 agents
2026-07-13 07:55:04,099 - app.services.wazuh_api - INFO - Fetched 1 alerts from Indexer
2026-07-13 07:55:04,141 - app.services.wazuh_api - INFO - Fetched 1 alerts from Indexer
2026-07-13 07:55:04,185 - app.services.wazuh_api - INFO - Fetched 1 alerts from Indexer
2026-07-13 07:55:04,226 - app.services.wazuh_api - INFO - Found 2 agents
2026-07-13 07:55:04,306 - app.services.wazuh_api - INFO - Fetched 1 alerts from Indexer
2026-07-13 07:55:04,341 - app.services.wazuh_api - INFO - Fetched 1 alerts from Indexer
2026-07-13 07:55:04,389 - app.services.wazuh_api - INFO - Fetched 1 alerts from Indexer
2026-07-13 07:55:04,452 - app.services.wazuh_api - INFO - Found 2 agents
2026-07-13 07:55:04,482 - app.services.wazuh_api - INFO - Fetched 1 alerts from Indexer
2026-07-13 07:55:04,527 - app.services.wazuh_api - INFO - Fetched 1 alerts from Indexer
2026-07-13 07:55:04,574 - app.services.wazuh_api - INFO - Fetched 1 alerts from Indexer
2026-07-13 07:55:04,640 - app.services.wazuh_api - INFO - Found 2 agents
2026-07-13 07:55:04,685 - app.services.wazuh_api - INFO - Fetched 1 alerts from Indexer
2026-07-13 07:55:04,731 - app.services.wazuh_api - INFO - Fetched 1 alerts from Indexer
2026-07-13 07:55:04,778 - app.services.wazuh_api - INFO - Fetched 1 alerts from Indexer
2026-07-13 07:55:04,843 - app.services.wazuh_api - INFO - Found 2 agents
2026-07-13 07:55:04,892 - app.services.wazuh_api - INFO - Fetched 1 alerts from Indexer
2026-07-13 07:55:04,933 - app.services.wazuh_api - INFO - Fetched 1 alerts from Indexer
2026-07-13 07:55:04,981 - app.services.wazuh_api - INFO - Fetched 1 alerts from Indexer
2026-07-13 07:55:05,027 - app.services.wazuh_api - INFO - Found 2 agents
2026-07-13 07:55:05,075 - app.services.wazuh_api - INFO - Fetched 1 alerts from Indexer
2026-07-13 07:55:05,123 - app.services.wazuh_api - INFO - Fetched 1 alerts from Indexer
2026-07-13 07:55:05,168 - app.services.wazuh_api - INFO - Fetched 1 alerts from Indexer
2026-07-13 07:55:05,228 - app.services.wazuh_api - INFO - Found 2 agents
2026-07-13 07:55:05,259 - app.services.wazuh_api - INFO - Fetched 1 alerts from Indexer
2026-07-13 07:55:05,356 - app.services.wazuh_api - INFO - Fetched 1 alerts from Indexer
2026-07-13 07:55:05,383 - app.services.wazuh_api - INFO - Fetched 1 alerts from Indexer
2026-07-13 07:55:05,453 - app.services.wazuh_api - INFO - Found 2 agents
2026-07-13 07:55:05,495 - app.services.wazuh_api - INFO - Fetched 1 alerts from Indexer
2026-07-13 07:55:05,548 - app.services.wazuh_api - INFO - Fetched 1 alerts from Indexer
2026-07-13 07:55:05,634 - app.services.wazuh_api - INFO - Fetched 1 alerts from Indexer
2026-07-13 07:55:05,693 - app.services.wazuh_api - INFO - Found 2 agents
2026-07-13 07:55:05,743 - app.services.wazuh_api - INFO - Fetched 1 alerts from Indexer
2026-07-13 07:55:05,791 - app.services.wazuh_api - INFO - Fetched 1 alerts from Indexer
2026-07-13 07:55:05,883 - app.services.wazuh_api - INFO - Fetched 1 alerts from Indexer
2026-07-13 07:55:05,945 - app.services.wazuh_api - INFO - Found 2 agents
2026-07-13 07:55:05,975 - app.services.wazuh_api - INFO - Fetched 1 alerts from Indexer
2026-07-13 07:55:06,024 - app.services.wazuh_api - INFO - Fetched 1 alerts from Indexer
2026-07-13 07:55:06,072 - app.services.wazuh_api - INFO - Fetched 1 alerts from Indexer
2026-07-13 07:55:06,117 - app.services.wazuh_api - INFO - Fetched 1 alerts from Indexer
2026-07-13 07:55:06,157 - app.services.wazuh_api - INFO - Found 2 agents
2026-07-13 07:55:06,185 - app.services.wazuh_api - INFO - Fetched 1 alerts from Indexer
2026-07-13 07:55:06,229 - app.services.wazuh_api - INFO - Fetched 1 alerts from Indexer
2026-07-13 07:55:06,275 - app.services.wazuh_api - INFO - Fetched 1 alerts from Indexer
2026-07-13 07:55:06,333 - app.services.wazuh_api - INFO - Found 2 agents
2026-07-13 07:55:06,382 - app.services.wazuh_api - INFO - Fetched 1 alerts from Indexer
2026-07-13 07:55:06,429 - app.services.wazuh_api - INFO - Fetched 1 alerts from Indexer
2026-07-13 07:55:06,474 - app.services.wazuh_api - INFO - Fetched 1 alerts from Indexer
2026-07-13 07:55:06,523 - app.services.wazuh_api - INFO - Found 2 agents
2026-07-13 07:55:06,569 - app.services.wazuh_api - INFO - Fetched 1 alerts from Indexer
2026-07-13 07:55:06,614 - app.services.wazuh_api - INFO - Fetched 1 alerts from Indexer
2026-07-13 07:55:06,661 - app.services.wazuh_api - INFO - Fetched 1 alerts from Indexer
2026-07-13 07:55:06,720 - app.services.wazuh_api - INFO - Found 2 agents
2026-07-13 07:55:06,770 - app.services.wazuh_api - INFO - Fetched 1 alerts from Indexer
2026-07-13 07:55:06,816 - app.services.wazuh_api - INFO - Fetched 1 alerts from Indexer
2026-07-13 07:55:06,862 - app.services.wazuh_api - INFO - Fetched 1 alerts from Indexer
2026-07-13 07:55:06,910 - app.services.wazuh_api - INFO - Found 2 agents
2026-07-13 07:55:06,956 - app.services.wazuh_api - INFO - Fetched 1 alerts from Indexer
2026-07-13 07:55:06,982 - app.services.wazuh_api - INFO - Fetched 1 alerts from Indexer
2026-07-13 07:55:07,021 - app.services.wazuh_api - INFO - Fetched 1 alerts from Indexer
2026-07-13 07:55:07,081 - app.services.wazuh_api - INFO - Found 2 agents
2026-07-13 07:55:07,127 - app.services.wazuh_api - INFO - Fetched 1 alerts from Indexer
2026-07-13 07:55:07,172 - app.services.wazuh_api - INFO - Fetched 1 alerts from Indexer
2026-07-13 07:55:07,232 - app.services.wazuh_api - INFO - Found 2 agents
2026-07-13 07:55:07,281 - app.services.wazuh_api - INFO - Fetched 1 alerts from Indexer
2026-07-13 07:55:07,307 - app.services.wazuh_api - INFO - Fetched 1 alerts from Indexer
2026-07-13 07:55:07,344 - app.services.wazuh_api - INFO - Fetched 1 alerts from Indexer
2026-07-13 07:55:07,401 - app.services.wazuh_api - INFO - Found 2 agents
2026-07-13 07:55:07,451 - app.services.wazuh_api - INFO - Fetched 1 alerts from Indexer
2026-07-13 07:55:07,500 - app.services.wazuh_api - INFO - Fetched 1 alerts from Indexer
2026-07-13 07:55:07,555 - app.services.wazuh_api - INFO - Found 2 agents
2026-07-13 07:55:07,605 - app.services.wazuh_api - INFO - Fetched 1 alerts from Indexer
2026-07-13 07:55:07,654 - app.services.wazuh_api - INFO - Fetched 1 alerts from Indexer
2026-07-13 07:55:07,699 - app.services.wazuh_api - INFO - Fetched 1 alerts from Indexer
2026-07-13 07:55:07,767 - app.services.wazuh_api - INFO - Found 2 agents
2026-07-13 07:55:07,810 - app.services.wazuh_api - INFO - Fetched 1 alerts from Indexer
2026-07-13 07:55:07,883 - app.services.wazuh_api - INFO - Fetched 1 alerts from Indexer
2026-07-13 07:55:07,911 - app.services.wazuh_api - INFO - Fetched 1 alerts from Indexer
2026-07-13 07:55:07,961 - app.services.wazuh_api - INFO - Found 2 agents
2026-07-13 07:55:08,008 - app.services.wazuh_api - INFO - Fetched 1 alerts from Indexer
2026-07-13 07:55:08,055 - app.services.wazuh_api - INFO - Fetched 1 alerts from Indexer
2026-07-13 07:55:08,102 - app.services.wazuh_api - INFO - Fetched 1 alerts from Indexer
2026-07-13 07:55:08,163 - app.services.wazuh_api - INFO - Found 2 agents
2026-07-13 07:55:08,212 - app.services.wazuh_api - INFO - Fetched 1 alerts from Indexer
2026-07-13 07:55:08,257 - app.services.wazuh_api - INFO - Fetched 1 alerts from Indexer
2026-07-13 07:55:08,304 - app.services.wazuh_api - INFO - Fetched 1 alerts from Indexer
2026-07-13 07:55:08,361 - app.services.wazuh_api - INFO - Found 2 agents
2026-07-13 07:55:08,409 - app.services.wazuh_api - INFO - Fetched 1 alerts from Indexer
2026-07-13 07:55:08,455 - app.services.wazuh_api - INFO - Fetched 1 alerts from Indexer
2026-07-13 07:55:08,503 - app.services.wazuh_api - INFO - Fetched 1 alerts from Indexer
2026-07-13 07:55:08,560 - app.services.wazuh_api - INFO - Found 2 agents
2026-07-13 07:55:08,611 - app.services.wazuh_api - INFO - Fetched 1 alerts from Indexer
2026-07-13 07:55:08,656 - app.services.wazuh_api - INFO - Fetched 1 alerts from Indexer
2026-07-13 07:55:08,711 - app.services.wazuh_api - INFO - Fetched 1 alerts from Indexer
2026-07-13 07:55:08,764 - app.services.wazuh_api - INFO - Found 2 agents
2026-07-13 07:55:08,822 - app.services.wazuh_api - INFO - Fetched 1 alerts from Indexer
2026-07-13 07:55:08,862 - app.services.wazuh_api - INFO - Fetched 1 alerts from Indexer
2026-07-13 07:55:08,906 - app.services.wazuh_api - INFO - Fetched 1 alerts from Indexer
2026-07-13 07:55:08,973 - app.services.wazuh_api - INFO - Found 2 agents
2026-07-13 07:55:09,015 - app.services.wazuh_api - INFO - Fetched 1 alerts from Indexer
2026-07-13 07:55:09,062 - app.services.wazuh_api - INFO - Fetched 1 alerts from Indexer
2026-07-13 07:55:09,121 - app.services.wazuh_api - INFO - Found 2 agents
2026-07-13 07:55:09,171 - app.services.wazuh_api - INFO - Fetched 1 alerts from Indexer
2026-07-13 07:55:09,216 - app.services.wazuh_api - INFO - Fetched 1 alerts from Indexer
2026-07-13 07:55:09,280 - app.services.wazuh_api - INFO - Found 2 agents
2026-07-13 07:55:09,326 - app.services.wazuh_api - INFO - Fetched 1 alerts from Indexer
2026-07-13 07:55:09,384 - app.services.wazuh_api - INFO - Found 2 agents
2026-07-13 07:55:09,434 - app.services.wazuh_api - INFO - Fetched 1 alerts from Indexer
2026-07-13 07:55:09,495 - app.services.wazuh_api - INFO - Found 2 agents
2026-07-13 07:55:09,541 - app.services.wazuh_api - INFO - Fetched 1 alerts from Indexer
2026-07-13 07:55:09,603 - app.services.wazuh_api - INFO - Found 2 agents
2026-07-13 07:55:09,652 - app.services.wazuh_api - INFO - Fetched 1 alerts from Indexer
2026-07-13 07:55:09,710 - app.services.wazuh_api - INFO - Found 2 agents
2026-07-13 07:55:09,760 - app.services.wazuh_api - INFO - Fetched 1 alerts from Indexer
2026-07-13 07:55:09,821 - app.services.wazuh_api - INFO - Found 2 agents
2026-07-13 07:55:09,872 - app.services.wazuh_api - INFO - Fetched 1 alerts from Indexer
2026-07-13 07:55:09,927 - app.services.wazuh_api - INFO - Found 2 agents
2026-07-13 07:55:09,956 - app.services.wazuh_api - INFO - Fetched 1 alerts from Indexer
2026-07-13 07:55:10,008 - app.services.wazuh_api - INFO - Found 2 agents
2026-07-13 07:55:10,054 - app.services.wazuh_api - INFO - Fetched 1 alerts from Indexer
2026-07-13 07:55:10,131 - app.services.wazuh_api - INFO - Found 2 agents
2026-07-13 07:55:10,217 - app.services.wazuh_api - INFO - Fetched 1 alerts from Indexer
2026-07-13 07:55:10,247 - app.services.wazuh_api - INFO - Fetched 1 alerts from Indexer
2026-07-13 07:55:10,291 - app.services.wazuh_api - INFO - Found 2 agents
2026-07-13 07:55:10,321 - app.services.wazuh_api - INFO - Fetched 1 alerts from Indexer
2026-07-13 07:55:10,392 - app.services.wazuh_api - INFO - Found 2 agents
2026-07-13 07:55:10,424 - app.services.wazuh_api - INFO - Fetched 1 alerts from Indexer
2026-07-13 07:55:10,470 - app.services.wazuh_api - INFO - Found 2 agents
2026-07-13 07:55:10,515 - app.services.wazuh_api - INFO - Fetched 1 alerts from Indexer
2026-07-13 07:55:10,561 - app.services.wazuh_api - INFO - Found 2 agents
2026-07-13 07:55:10,588 - app.services.wazuh_api - INFO - Fetched 1 alerts from Indexer
2026-07-13 07:55:10,653 - app.services.wazuh_api - INFO - Found 2 agents
2026-07-13 07:55:10,697 - app.services.wazuh_api - INFO - Fetched 1 alerts from Indexer
2026-07-13 07:55:10,734 - app.services.wazuh_api - INFO - Found 2 agents
2026-07-13 07:55:10,826 - app.services.wazuh_api - INFO - Fetched 1 alerts from Indexer
2026-07-13 07:55:10,883 - app.services.wazuh_api - INFO - Found 2 agents
2026-07-13 07:55:10,981 - app.services.wazuh_api - INFO - Fetched 2 alerts from Indexer
2026-07-13 07:55:11,040 - app.services.wazuh_api - INFO - Found 2 agents
2026-07-13 07:55:11,086 - app.services.wazuh_api - INFO - Fetched 2 alerts from Indexer
2026-07-13 07:55:11,145 - app.services.wazuh_api - INFO - Found 2 agents
2026-07-13 07:55:11,195 - app.services.wazuh_api - INFO - Fetched 2 alerts from Indexer
2026-07-13 07:55:11,239 - app.services.wazuh_api - INFO - Fetched 2 alerts from Indexer
2026-07-13 07:55:11,295 - app.services.wazuh_api - INFO - Found 2 agents
2026-07-13 07:55:11,390 - app.services.wazuh_api - INFO - Fetched 2 alerts from Indexer
2026-07-13 07:55:11,432 - app.services.wazuh_api - INFO - Fetched 2 alerts from Indexer
2026-07-13 07:55:11,477 - app.services.wazuh_api - INFO - Found 2 agents
2026-07-13 07:55:11,525 - app.services.wazuh_api - INFO - Fetched 2 alerts from Indexer
2026-07-13 07:55:11,554 - app.services.wazuh_api - INFO - Fetched 2 alerts from Indexer
2026-07-13 07:55:11,592 - app.services.wazuh_api - INFO - Found 2 agents
2026-07-13 07:55:11,621 - app.services.wazuh_api - INFO - Fetched 2 alerts from Indexer
2026-07-13 07:55:11,667 - app.services.wazuh_api - INFO - Fetched 2 alerts from Indexer
2026-07-13 07:55:11,705 - app.services.wazuh_api - INFO - Found 2 agents
2026-07-13 07:55:11,745 - app.services.wazuh_api - INFO - Fetched 2 alerts from Indexer
2026-07-13 07:55:11,790 - app.services.wazuh_api - INFO - Fetched 2 alerts from Indexer
2026-07-13 07:55:11,850 - app.services.wazuh_api - INFO - Found 2 agents
2026-07-13 07:55:11,902 - app.services.wazuh_api - INFO - Fetched 2 alerts from Indexer
2026-07-13 07:55:11,946 - app.services.wazuh_api - INFO - Fetched 2 alerts from Indexer
2026-07-13 07:55:11,992 - app.services.wazuh_api - INFO - Fetched 2 alerts from Indexer
2026-07-13 07:55:12,053 - app.services.wazuh_api - INFO - Found 2 agents
2026-07-13 07:55:12,103 - app.services.wazuh_api - INFO - Fetched 2 alerts from Indexer
2026-07-13 07:55:12,147 - app.services.wazuh_api - INFO - Fetched 2 alerts from Indexer
2026-07-13 07:55:12,193 - app.services.wazuh_api - INFO - Fetched 2 alerts from Indexer
2026-07-13 07:55:12,255 - app.services.wazuh_api - INFO - Found 2 agents
2026-07-13 07:55:12,284 - app.services.wazuh_api - INFO - Fetched 2 alerts from Indexer
2026-07-13 07:55:12,363 - app.services.wazuh_api - INFO - Fetched 2 alerts from Indexer
2026-07-13 07:55:12,409 - app.services.wazuh_api - INFO - Fetched 2 alerts from Indexer
2026-07-13 07:55:12,475 - app.services.wazuh_api - INFO - Found 2 agents
2026-07-13 07:55:12,550 - app.services.wazuh_api - INFO - Fetched 2 alerts from Indexer
2026-07-13 07:55:12,595 - app.services.wazuh_api - INFO - Fetched 2 alerts from Indexer
2026-07-13 07:55:12,643 - app.services.wazuh_api - INFO - Fetched 2 alerts from Indexer
2026-07-13 07:55:12,703 - app.services.wazuh_api - INFO - Found 2 agents
2026-07-13 07:55:12,753 - app.services.wazuh_api - INFO - Fetched 2 alerts from Indexer
2026-07-13 07:55:12,798 - app.services.wazuh_api - INFO - Fetched 2 alerts from Indexer
2026-07-13 07:55:12,845 - app.services.wazuh_api - INFO - Fetched 2 alerts from Indexer
2026-07-13 07:55:12,926 - app.services.wazuh_api - INFO - Found 2 agents
2026-07-13 07:55:12,972 - app.services.wazuh_api - INFO - Fetched 2 alerts from Indexer
2026-07-13 07:55:12,997 - app.services.wazuh_api - INFO - Fetched 2 alerts from Indexer
2026-07-13 07:55:13,039 - app.services.wazuh_api - INFO - Fetched 2 alerts from Indexer
2026-07-13 07:55:13,083 - app.services.wazuh_api - INFO - Fetched 2 alerts from Indexer
2026-07-13 07:55:13,125 - app.services.wazuh_api - INFO - Found 2 agents
2026-07-13 07:55:13,174 - app.services.wazuh_api - INFO - Fetched 2 alerts from Indexer
2026-07-13 07:55:13,221 - app.services.wazuh_api - INFO - Fetched 2 alerts from Indexer
2026-07-13 07:55:13,272 - app.services.wazuh_api - INFO - Fetched 2 alerts from Indexer
2026-07-13 07:55:13,331 - app.services.wazuh_api - INFO - Found 2 agents
2026-07-13 07:55:13,377 - app.services.wazuh_api - INFO - Fetched 2 alerts from Indexer
2026-07-13 07:55:13,406 - app.services.wazuh_api - INFO - Fetched 2 alerts from Indexer
2026-07-13 07:55:13,432 - app.services.wazuh_api - INFO - Fetched 2 alerts from Indexer
2026-07-13 07:55:13,485 - app.services.wazuh_api - INFO - Found 2 agents
2026-07-13 07:55:13,536 - app.services.wazuh_api - INFO - Fetched 2 alerts from Indexer
2026-07-13 07:55:13,569 - app.services.wazuh_api - INFO - Fetched 2 alerts from Indexer
2026-07-13 07:55:13,630 - app.services.wazuh_api - INFO - Found 2 agents
2026-07-13 07:55:13,670 - app.services.wazuh_api - INFO - Fetched 2 alerts from Indexer
2026-07-13 07:55:13,698 - app.services.wazuh_api - INFO - Fetched 2 alerts from Indexer
2026-07-13 07:55:13,729 - app.services.wazuh_api - INFO - Fetched 2 alerts from Indexer
2026-07-13 07:55:13,771 - app.services.wazuh_api - INFO - Found 2 agents
2026-07-13 07:55:13,807 - app.services.wazuh_api - INFO - Fetched 2 alerts from Indexer
2026-07-13 07:55:13,838 - app.services.wazuh_api - INFO - Fetched 2 alerts from Indexer
2026-07-13 07:55:13,879 - app.services.wazuh_api - INFO - Found 2 agents
2026-07-13 07:55:13,973 - app.services.wazuh_api - INFO - Fetched 2 alerts from Indexer
2026-07-13 07:55:14,017 - app.services.wazuh_api - INFO - Fetched 2 alerts from Indexer
2026-07-13 07:55:14,075 - app.services.wazuh_api - INFO - Found 2 agents
2026-07-13 07:55:14,155 - app.services.wazuh_api - INFO - Fetched 2 alerts from Indexer
2026-07-13 07:55:14,202 - app.services.wazuh_api - INFO - Fetched 2 alerts from Indexer
2026-07-13 07:55:14,249 - app.services.wazuh_api - INFO - Fetched 2 alerts from Indexer
2026-07-13 07:55:14,294 - app.services.wazuh_api - INFO - Found 2 agents
2026-07-13 07:55:14,325 - app.services.wazuh_api - INFO - Fetched 2 alerts from Indexer
2026-07-13 07:55:14,357 - app.services.wazuh_api - INFO - Fetched 2 alerts from Indexer
2026-07-13 07:55:14,461 - app.services.wazuh_api - INFO - Fetched 2 alerts from Indexer
2026-07-13 07:55:14,510 - app.services.wazuh_api - INFO - Found 2 agents
2026-07-13 07:55:14,545 - app.services.wazuh_api - INFO - Fetched 2 alerts from Indexer
2026-07-13 07:55:14,596 - app.services.wazuh_api - INFO - Fetched 2 alerts from Indexer
2026-07-13 07:55:14,626 - app.services.wazuh_api - INFO - Fetched 2 alerts from Indexer
2026-07-13 07:55:14,673 - app.services.wazuh_api - INFO - Found 2 agents
2026-07-13 07:55:14,717 - app.services.wazuh_api - INFO - Fetched 2 alerts from Indexer
2026-07-13 07:55:14,808 - app.services.wazuh_api - INFO - Fetched 2 alerts from Indexer
2026-07-13 07:55:14,855 - app.services.wazuh_api - INFO - Fetched 2 alerts from Indexer
2026-07-13 07:55:14,914 - app.services.wazuh_api - INFO - Found 2 agents
2026-07-13 07:55:14,962 - app.services.wazuh_api - INFO - Fetched 2 alerts from Indexer
2026-07-13 07:55:15,040 - app.services.wazuh_api - INFO - Fetched 2 alerts from Indexer
2026-07-13 07:55:15,090 - app.services.wazuh_api - INFO - Fetched 2 alerts from Indexer
2026-07-13 07:55:15,137 - app.services.wazuh_api - INFO - Fetched 2 alerts from Indexer
2026-07-13 07:55:15,198 - app.services.wazuh_api - INFO - Found 2 agents
2026-07-13 07:55:15,246 - app.services.wazuh_api - INFO - Fetched 2 alerts from Indexer
2026-07-13 07:55:15,277 - app.services.wazuh_api - INFO - Fetched 2 alerts from Indexer
2026-07-13 07:55:15,323 - app.services.wazuh_api - INFO - Fetched 2 alerts from Indexer
2026-07-13 07:55:15,381 - app.services.wazuh_api - INFO - Found 2 agents
2026-07-13 07:55:15,410 - app.services.wazuh_api - INFO - Fetched 2 alerts from Indexer
2026-07-13 07:55:15,450 - app.services.wazuh_api - INFO - Fetched 2 alerts from Indexer
2026-07-13 07:55:15,493 - app.services.wazuh_api - INFO - Fetched 2 alerts from Indexer
2026-07-13 07:55:15,557 - app.services.wazuh_api - INFO - Found 2 agents
2026-07-13 07:55:15,652 - app.services.wazuh_api - INFO - Fetched 2 alerts from Indexer
2026-07-13 07:55:15,697 - app.services.wazuh_api - INFO - Fetched 2 alerts from Indexer
2026-07-13 07:55:15,744 - app.services.wazuh_api - INFO - Fetched 2 alerts from Indexer
2026-07-13 07:55:15,788 - app.services.wazuh_api - INFO - Found 2 agents
2026-07-13 07:55:15,888 - app.services.wazuh_api - INFO - Fetched 2 alerts from Indexer
2026-07-13 07:55:15,933 - app.services.wazuh_api - INFO - Fetched 2 alerts from Indexer
2026-07-13 07:55:15,978 - app.services.wazuh_api - INFO - Fetched 2 alerts from Indexer
2026-07-13 07:55:16,020 - app.services.wazuh_api - INFO - Found 2 agents
2026-07-13 07:55:16,046 - app.services.wazuh_api - INFO - Fetched 2 alerts from Indexer
2026-07-13 07:55:16,076 - app.services.wazuh_api - INFO - Fetched 2 alerts from Indexer
2026-07-13 07:55:16,103 - app.services.wazuh_api - INFO - Fetched 2 alerts from Indexer
2026-07-13 07:55:16,149 - app.services.wazuh_api - INFO - Fetched 2 alerts from Indexer
2026-07-13 07:55:16,214 - app.services.wazuh_api - INFO - Found 2 agents
2026-07-13 07:55:16,268 - app.services.wazuh_api - INFO - Fetched 2 alerts from Indexer
2026-07-13 07:55:16,302 - app.services.wazuh_api - INFO - Fetched 2 alerts from Indexer
2026-07-13 07:55:16,381 - app.services.wazuh_api - INFO - Fetched 2 alerts from Indexer
2026-07-13 07:55:16,436 - app.services.wazuh_api - INFO - Found 2 agents
2026-07-13 07:55:16,481 - app.services.wazuh_api - INFO - Fetched 2 alerts from Indexer
2026-07-13 07:55:16,513 - app.services.wazuh_api - INFO - Fetched 2 alerts from Indexer
2026-07-13 07:55:16,541 - app.services.wazuh_api - INFO - Fetched 2 alerts from Indexer
2026-07-13 07:55:16,581 - app.services.wazuh_api - INFO - Found 2 agents
2026-07-13 07:55:16,609 - app.services.wazuh_api - INFO - Fetched 2 alerts from Indexer
2026-07-13 07:55:16,685 - app.services.wazuh_api - INFO - Fetched 2 alerts from Indexer
2026-07-13 07:55:16,730 - app.services.wazuh_api - INFO - Found 2 agents
2026-07-13 07:55:16,775 - app.services.wazuh_api - INFO - Fetched 2 alerts from Indexer
2026-07-13 07:55:16,821 - app.services.wazuh_api - INFO - Fetched 2 alerts from Indexer
2026-07-13 07:55:16,866 - app.services.wazuh_api - INFO - Fetched 2 alerts from Indexer
2026-07-13 07:55:16,924 - app.services.wazuh_api - INFO - Found 2 agents
2026-07-13 07:55:16,950 - app.services.wazuh_api - INFO - Fetched 2 alerts from Indexer
2026-07-13 07:55:16,991 - app.services.wazuh_api - INFO - Fetched 2 alerts from Indexer
2026-07-13 07:55:17,037 - app.services.wazuh_api - INFO - Fetched 2 alerts from Indexer
2026-07-13 07:55:17,098 - app.services.wazuh_api - INFO - Found 2 agents
2026-07-13 07:55:17,145 - app.services.wazuh_api - INFO - Fetched 2 alerts from Indexer
2026-07-13 07:55:17,194 - app.services.wazuh_api - INFO - Fetched 2 alerts from Indexer
2026-07-13 07:55:17,258 - app.services.wazuh_api - INFO - Found 2 agents
2026-07-13 07:55:17,305 - app.services.wazuh_api - INFO - Fetched 2 alerts from Indexer
2026-07-13 07:55:17,355 - app.services.wazuh_api - INFO - Fetched 2 alerts from Indexer
2026-07-13 07:55:17,397 - app.services.wazuh_api - INFO - Fetched 2 alerts from Indexer
2026-07-13 07:55:17,444 - app.services.wazuh_api - INFO - Found 2 agents
2026-07-13 07:55:17,528 - app.services.wazuh_api - INFO - Fetched 2 alerts from Indexer
2026-07-13 07:55:17,567 - app.services.wazuh_api - INFO - Fetched 2 alerts from Indexer
2026-07-13 07:55:17,616 - app.services.wazuh_api - INFO - Fetched 2 alerts from Indexer
2026-07-13 07:55:17,657 - app.services.wazuh_api - INFO - Found 2 agents
2026-07-13 07:55:17,706 - app.services.wazuh_api - INFO - Fetched 2 alerts from Indexer
2026-07-13 07:55:17,759 - app.services.wazuh_api - INFO - Fetched 2 alerts from Indexer
2026-07-13 07:55:17,802 - app.services.wazuh_api - INFO - Fetched 2 alerts from Indexer
2026-07-13 07:55:17,841 - app.services.wazuh_api - INFO - Found 2 agents
2026-07-13 07:55:17,891 - app.services.wazuh_api - INFO - Fetched 2 alerts from Indexer
2026-07-13 07:55:17,981 - app.services.wazuh_api - INFO - Fetched 2 alerts from Indexer
2026-07-13 07:55:18,011 - app.services.wazuh_api - INFO - Fetched 2 alerts from Indexer
2026-07-13 07:55:18,067 - app.services.wazuh_api - INFO - Found 2 agents
2026-07-13 07:55:18,108 - app.services.wazuh_api - INFO - Fetched 2 alerts from Indexer
2026-07-13 07:55:18,154 - app.services.wazuh_api - INFO - Fetched 2 alerts from Indexer
2026-07-13 07:55:18,200 - app.services.wazuh_api - INFO - Fetched 2 alerts from Indexer
2026-07-13 07:55:18,267 - app.services.wazuh_api - INFO - Found 2 agents
2026-07-13 07:55:18,299 - app.services.wazuh_api - INFO - Fetched 2 alerts from Indexer
2026-07-13 07:55:18,345 - app.services.wazuh_api - INFO - Fetched 2 alerts from Indexer
2026-07-13 07:55:18,388 - app.services.wazuh_api - INFO - Fetched 2 alerts from Indexer
2026-07-13 07:55:18,455 - app.services.wazuh_api - INFO - Found 2 agents
2026-07-13 07:55:18,498 - app.services.wazuh_api - INFO - Fetched 2 alerts from Indexer
2026-07-13 07:55:18,546 - app.services.wazuh_api - INFO - Fetched 2 alerts from Indexer
2026-07-13 07:55:18,574 - app.services.wazuh_api - INFO - Fetched 2 alerts from Indexer
2026-07-13 07:55:18,619 - app.services.wazuh_api - INFO - Found 2 agents
2026-07-13 07:55:18,648 - app.services.wazuh_api - INFO - Fetched 2 alerts from Indexer
2026-07-13 07:55:18,678 - app.services.wazuh_api - INFO - Fetched 2 alerts from Indexer
2026-07-13 07:55:18,755 - app.services.wazuh_api - INFO - Fetched 2 alerts from Indexer
2026-07-13 07:55:18,809 - app.services.wazuh_api - INFO - Found 2 agents
2026-07-13 07:55:18,855 - app.services.wazuh_api - INFO - Fetched 2 alerts from Indexer
2026-07-13 07:55:18,950 - app.services.wazuh_api - INFO - Fetched 2 alerts from Indexer
2026-07-13 07:55:19,006 - app.services.wazuh_api - INFO - Found 2 agents
2026-07-13 07:55:19,055 - app.services.wazuh_api - INFO - Fetched 2 alerts from Indexer
2026-07-13 07:55:19,103 - app.services.wazuh_api - INFO - Fetched 2 alerts from Indexer
2026-07-13 07:55:19,150 - app.services.wazuh_api - INFO - Fetched 2 alerts from Indexer
2026-07-13 07:55:19,210 - app.services.wazuh_api - INFO - Found 2 agents
2026-07-13 07:55:19,260 - app.services.wazuh_api - INFO - Fetched 2 alerts from Indexer
2026-07-13 07:55:19,306 - app.services.wazuh_api - INFO - Fetched 2 alerts from Indexer
2026-07-13 07:55:19,353 - app.services.wazuh_api - INFO - Fetched 2 alerts from Indexer
2026-07-13 07:55:19,398 - app.services.wazuh_api - INFO - Fetched 2 alerts from Indexer
2026-07-13 07:55:19,463 - app.services.wazuh_api - INFO - Found 2 agents
2026-07-13 07:55:19,508 - app.services.wazuh_api - INFO - Fetched 2 alerts from Indexer
2026-07-13 07:55:19,554 - app.services.wazuh_api - INFO - Fetched 2 alerts from Indexer
2026-07-13 07:55:19,602 - app.services.wazuh_api - INFO - Fetched 2 alerts from Indexer
2026-07-13 07:55:19,658 - app.services.wazuh_api - INFO - Found 2 agents
2026-07-13 07:55:19,709 - app.services.wazuh_api - INFO - Fetched 2 alerts from Indexer
2026-07-13 07:55:19,754 - app.services.wazuh_api - INFO - Fetched 2 alerts from Indexer
2026-07-13 07:55:19,804 - app.services.wazuh_api - INFO - Fetched 2 alerts from Indexer
2026-07-13 07:55:19,849 - app.services.wazuh_api - INFO - Found 2 agents
2026-07-13 07:55:19,879 - app.services.wazuh_api - INFO - Fetched 2 alerts from Indexer
2026-07-13 07:55:19,963 - app.services.wazuh_api - INFO - Fetched 2 alerts from Indexer
2026-07-13 07:55:20,007 - app.services.wazuh_api - INFO - Fetched 2 alerts from Indexer
2026-07-13 07:55:20,071 - app.services.wazuh_api - INFO - Found 2 agents
2026-07-13 07:55:20,117 - app.services.wazuh_api - INFO - Fetched 2 alerts from Indexer
2026-07-13 07:55:20,145 - app.services.wazuh_api - INFO - Fetched 2 alerts from Indexer
2026-07-13 07:55:20,196 - app.services.wazuh_api - INFO - Fetched 2 alerts from Indexer
2026-07-13 07:55:20,259 - app.services.wazuh_api - INFO - Found 2 agents
2026-07-13 07:55:20,287 - app.services.wazuh_api - INFO - Fetched 2 alerts from Indexer
2026-07-13 07:55:20,381 - app.services.wazuh_api - INFO - Fetched 2 alerts from Indexer
2026-07-13 07:55:20,426 - app.services.wazuh_api - INFO - Fetched 2 alerts from Indexer
2026-07-13 07:55:20,487 - app.services.wazuh_api - INFO - Found 2 agents
2026-07-13 07:55:20,582 - app.services.wazuh_api - INFO - Fetched 2 alerts from Indexer
2026-07-13 07:55:20,632 - app.services.wazuh_api - INFO - Fetched 2 alerts from Indexer
2026-07-13 07:55:20,678 - app.services.wazuh_api - INFO - Fetched 2 alerts from Indexer
2026-07-13 07:55:20,739 - app.services.wazuh_api - INFO - Found 2 agents
2026-07-13 07:55:20,786 - app.services.wazuh_api - INFO - Fetched 2 alerts from Indexer
2026-07-13 07:55:20,834 - app.services.wazuh_api - INFO - Fetched 2 alerts from Indexer
2026-07-13 07:55:20,860 - app.services.wazuh_api - INFO - Fetched 2 alerts from Indexer
2026-07-13 07:55:20,910 - app.services.wazuh_api - INFO - Fetched 2 alerts from Indexer
2026-07-13 07:55:20,978 - app.services.wazuh_api - INFO - Found 2 agents
2026-07-13 07:55:21,057 - app.services.wazuh_api - INFO - Fetched 2 alerts from Indexer
2026-07-13 07:55:21,104 - app.services.wazuh_api - INFO - Fetched 2 alerts from Indexer
2026-07-13 07:55:21,182 - app.services.wazuh_api - INFO - Fetched 2 alerts from Indexer
2026-07-13 07:55:21,231 - app.services.wazuh_api - INFO - Found 2 agents
2026-07-13 07:55:21,267 - app.services.wazuh_api - INFO - Fetched 2 alerts from Indexer
2026-07-13 07:55:21,342 - app.services.wazuh_api - INFO - Fetched 2 alerts from Indexer
2026-07-13 07:55:21,380 - app.services.wazuh_api - INFO - Fetched 2 alerts from Indexer
2026-07-13 07:55:21,425 - app.services.wazuh_api - INFO - Fetched 2 alerts from Indexer
2026-07-13 07:55:21,494 - app.services.wazuh_api - INFO - Found 2 agents
2026-07-13 07:55:21,524 - app.services.wazuh_api - INFO - Fetched 2 alerts from Indexer
2026-07-13 07:55:21,564 - app.services.wazuh_api - INFO - Fetched 2 alerts from Indexer
2026-07-13 07:55:21,610 - app.services.wazuh_api - INFO - Fetched 2 alerts from Indexer
2026-07-13 07:55:21,650 - app.services.wazuh_api - INFO - Found 2 agents
2026-07-13 07:55:21,688 - app.services.wazuh_api - INFO - Fetched 2 alerts from Indexer
2026-07-13 07:55:21,737 - app.services.wazuh_api - INFO - Fetched 2 alerts from Indexer
2026-07-13 07:55:21,781 - app.services.wazuh_api - INFO - Fetched 2 alerts from Indexer
2026-07-13 07:55:21,840 - app.services.wazuh_api - INFO - Found 2 agents
2026-07-13 07:55:21,889 - app.services.wazuh_api - INFO - Fetched 2 alerts from Indexer
2026-07-13 07:55:21,922 - app.services.wazuh_api - INFO - Fetched 2 alerts from Indexer
2026-07-13 07:55:22,018 - app.services.wazuh_api - INFO - Fetched 2 alerts from Indexer
2026-07-13 07:55:22,074 - app.services.wazuh_api - INFO - Found 2 agents
2026-07-13 07:55:22,123 - app.services.wazuh_api - INFO - Fetched 2 alerts from Indexer
2026-07-13 07:55:22,217 - app.services.wazuh_api - INFO - Fetched 2 alerts from Indexer
2026-07-13 07:55:22,266 - app.services.wazuh_api - INFO - Fetched 2 alerts from Indexer
2026-07-13 07:55:22,324 - app.services.wazuh_api - INFO - Found 2 agents
2026-07-13 07:55:22,358 - app.services.wazuh_api - INFO - Fetched 2 alerts from Indexer
2026-07-13 07:55:22,404 - app.services.wazuh_api - INFO - Fetched 2 alerts from Indexer
2026-07-13 07:55:22,447 - app.services.wazuh_api - INFO - Fetched 2 alerts from Indexer
2026-07-13 07:55:22,494 - app.services.wazuh_api - INFO - Fetched 2 alerts from Indexer
2026-07-13 07:55:22,553 - app.services.wazuh_api - INFO - Found 2 agents
2026-07-13 07:55:22,593 - app.services.wazuh_api - INFO - Fetched 2 alerts from Indexer
2026-07-13 07:55:22,635 - app.services.wazuh_api - INFO - Fetched 2 alerts from Indexer
2026-07-13 07:55:22,680 - app.services.wazuh_api - INFO - Fetched 2 alerts from Indexer
2026-07-13 07:55:22,730 - app.services.wazuh_api - INFO - Found 2 agents
2026-07-13 07:55:22,780 - app.services.wazuh_api - INFO - Fetched 2 alerts from Indexer
2026-07-13 07:55:22,806 - app.services.wazuh_api - INFO - Fetched 2 alerts from Indexer
2026-07-13 07:55:22,852 - app.services.wazuh_api - INFO - Fetched 2 alerts from Indexer
2026-07-13 07:55:22,910 - app.services.wazuh_api - INFO - Found 2 agents
2026-07-13 07:55:22,958 - app.services.wazuh_api - INFO - Fetched 2 alerts from Indexer
2026-07-13 07:55:23,012 - app.services.wazuh_api - INFO - Found 2 agents
2026-07-13 07:55:23,054 - app.services.wazuh_api - INFO - Fetched 2 alerts from Indexer
2026-07-13 07:55:23,115 - app.services.wazuh_api - INFO - Found 2 agents
2026-07-13 07:55:23,166 - app.services.wazuh_api - INFO - Fetched 2 alerts from Indexer
2026-07-13 07:55:23,209 - app.services.wazuh_api - INFO - Fetched 2 alerts from Indexer
2026-07-13 07:55:23,275 - app.services.wazuh_api - INFO - Found 2 agents
2026-07-13 07:55:23,319 - app.services.wazuh_api - INFO - Fetched 2 alerts from Indexer
2026-07-13 07:55:23,363 - app.services.wazuh_api - INFO - Found 2 agents
2026-07-13 07:55:23,440 - app.services.wazuh_api - INFO - Fetched 2 alerts from Indexer
2026-07-13 07:55:23,490 - app.services.wazuh_api - INFO - Found 2 agents
2026-07-13 07:55:23,538 - app.services.wazuh_api - INFO - Fetched 2 alerts from Indexer
2026-07-13 07:55:23,597 - app.services.wazuh_api - INFO - Found 2 agents
2026-07-13 07:55:23,644 - app.services.wazuh_api - INFO - Fetched 2 alerts from Indexer
2026-07-13 07:55:23,717 - app.services.wazuh_api - INFO - Found 2 agents
2026-07-13 07:55:23,758 - app.services.wazuh_api - INFO - Fetched 2 alerts from Indexer
2026-07-13 07:55:23,803 - app.services.wazuh_api - INFO - Fetched 2 alerts from Indexer
2026-07-13 07:55:23,849 - app.services.wazuh_api - INFO - Fetched 2 alerts from Indexer
2026-07-13 07:55:23,910 - app.services.wazuh_api - INFO - Found 2 agents
2026-07-13 07:55:23,941 - app.services.wazuh_api - INFO - Fetched 2 alerts from Indexer
2026-07-13 07:55:23,983 - app.services.wazuh_api - INFO - Fetched 2 alerts from Indexer
2026-07-13 07:55:24,023 - app.services.wazuh_api - INFO - Fetched 2 alerts from Indexer
2026-07-13 07:55:24,081 - app.services.wazuh_api - INFO - Found 2 agents
2026-07-13 07:55:24,131 - app.services.wazuh_api - INFO - Fetched 2 alerts from Indexer
2026-07-13 07:55:24,225 - app.services.wazuh_api - INFO - Fetched 2 alerts from Indexer
2026-07-13 07:55:24,273 - app.services.wazuh_api - INFO - Found 2 agents
2026-07-13 07:55:24,319 - app.services.wazuh_api - INFO - Fetched 2 alerts from Indexer
2026-07-13 07:55:24,364 - app.services.wazuh_api - INFO - Fetched 2 alerts from Indexer
2026-07-13 07:55:24,408 - app.services.wazuh_api - INFO - Fetched 2 alerts from Indexer
2026-07-13 07:55:24,477 - app.services.wazuh_api - INFO - Found 2 agents
2026-07-13 07:55:24,521 - app.services.wazuh_api - INFO - Fetched 2 alerts from Indexer
2026-07-13 07:55:24,567 - app.services.wazuh_api - INFO - Fetched 2 alerts from Indexer
2026-07-13 07:55:24,657 - app.services.wazuh_api - INFO - Fetched 2 alerts from Indexer
2026-07-13 07:55:24,718 - app.services.wazuh_api - INFO - Found 2 agents
2026-07-13 07:55:24,817 - app.services.wazuh_api - INFO - Fetched 2 alerts from Indexer
2026-07-13 07:55:24,861 - app.services.wazuh_api - INFO - Fetched 2 alerts from Indexer
2026-07-13 07:55:24,886 - app.services.wazuh_api - INFO - Fetched 2 alerts from Indexer
2026-07-13 07:55:24,923 - app.services.wazuh_api - INFO - Fetched 2 alerts from Indexer
2026-07-13 07:55:24,984 - app.services.wazuh_api - INFO - Found 2 agents
2026-07-13 07:55:25,033 - app.services.wazuh_api - INFO - Fetched 2 alerts from Indexer
2026-07-13 07:55:25,078 - app.services.wazuh_api - INFO - Fetched 2 alerts from Indexer
2026-07-13 07:55:25,123 - app.services.wazuh_api - INFO - Fetched 2 alerts from Indexer
2026-07-13 07:55:25,184 - app.services.wazuh_api - INFO - Found 2 agents
2026-07-13 07:55:25,236 - app.services.wazuh_api - INFO - Fetched 2 alerts from Indexer
2026-07-13 07:55:25,280 - app.services.wazuh_api - INFO - Fetched 2 alerts from Indexer
2026-07-13 07:55:25,326 - app.services.wazuh_api - INFO - Fetched 2 alerts from Indexer
2026-07-13 07:55:25,388 - app.services.wazuh_api - INFO - Found 2 agents
2026-07-13 07:55:25,435 - app.services.wazuh_api - INFO - Fetched 2 alerts from Indexer
2026-07-13 07:55:25,481 - app.services.wazuh_api - INFO - Fetched 2 alerts from Indexer
2026-07-13 07:55:25,527 - app.services.wazuh_api - INFO - Fetched 2 alerts from Indexer
2026-07-13 07:55:25,567 - app.services.wazuh_api - INFO - Found 2 agents
2026-07-13 07:55:25,653 - app.services.wazuh_api - INFO - Fetched 2 alerts from Indexer
2026-07-13 07:55:25,746 - app.services.wazuh_api - INFO - Fetched 2 alerts from Indexer
2026-07-13 07:55:25,793 - app.services.wazuh_api - INFO - Fetched 2 alerts from Indexer
2026-07-13 07:55:25,858 - app.services.wazuh_api - INFO - Found 2 agents
2026-07-13 07:55:25,906 - app.services.wazuh_api - INFO - Fetched 2 alerts from Indexer
2026-07-13 07:55:25,953 - app.services.wazuh_api - INFO - Fetched 2 alerts from Indexer
2026-07-13 07:55:26,000 - app.services.wazuh_api - INFO - Fetched 2 alerts from Indexer
2026-07-13 07:55:26,079 - app.services.wazuh_api - INFO - Fetched 2 alerts from Indexer
2026-07-13 07:55:26,123 - app.services.wazuh_api - INFO - Found 2 agents
2026-07-13 07:55:26,172 - app.services.wazuh_api - INFO - Fetched 2 alerts from Indexer
2026-07-13 07:55:26,267 - app.services.wazuh_api - INFO - Fetched 2 alerts from Indexer
2026-07-13 07:55:26,310 - app.services.wazuh_api - INFO - Fetched 2 alerts from Indexer
2026-07-13 07:55:26,341 - app.services.wazuh_api - INFO - Fetched 2 alerts from Indexer
2026-07-13 07:55:26,404 - app.services.wazuh_api - INFO - Found 2 agents
2026-07-13 07:55:26,465 - app.services.wazuh_api - INFO - Fetched 2 alerts from Indexer
2026-07-13 07:55:26,517 - app.services.wazuh_api - INFO - Fetched 2 alerts from Indexer
2026-07-13 07:55:26,562 - app.services.wazuh_api - INFO - Fetched 2 alerts from Indexer
2026-07-13 07:55:26,607 - app.services.wazuh_api - INFO - Found 2 agents
2026-07-13 07:55:26,656 - app.services.wazuh_api - INFO - Fetched 2 alerts from Indexer
2026-07-13 07:55:26,702 - app.services.wazuh_api - INFO - Fetched 2 alerts from Indexer
2026-07-13 07:55:26,763 - app.services.wazuh_api - INFO - Found 2 agents
2026-07-13 07:55:26,858 - app.services.wazuh_api - INFO - Fetched 2 alerts from Indexer
2026-07-13 07:55:26,923 - app.services.wazuh_api - INFO - Found 2 agents
2026-07-13 07:55:26,969 - app.services.wazuh_api - INFO - Fetched 2 alerts from Indexer
2026-07-13 07:55:27,030 - app.services.wazuh_api - INFO - Found 2 agents
2026-07-13 07:55:27,077 - app.services.wazuh_api - INFO - Fetched 2 alerts from Indexer
2026-07-13 07:55:27,138 - app.services.wazuh_api - INFO - Found 2 agents
2026-07-13 07:55:27,183 - app.services.wazuh_api - INFO - Fetched 2 alerts from Indexer
2026-07-13 07:55:27,229 - app.services.wazuh_api - INFO - Fetched 2 alerts from Indexer
2026-07-13 07:55:27,269 - app.services.wazuh_api - INFO - Found 2 agents
2026-07-13 07:55:27,310 - app.services.wazuh_api - INFO - Fetched 2 alerts from Indexer
2026-07-13 07:55:27,389 - app.services.wazuh_api - INFO - Found 2 agents
2026-07-13 07:55:27,433 - app.services.wazuh_api - INFO - Fetched 2 alerts from Indexer
2026-07-13 07:55:27,493 - app.services.wazuh_api - INFO - Found 2 agents
2026-07-13 07:55:27,526 - app.services.wazuh_api - INFO - Fetched 2 alerts from Indexer
2026-07-13 07:55:27,566 - app.services.wazuh_api - INFO - Found 2 agents
2026-07-13 07:55:27,607 - app.services.wazuh_api - INFO - Fetched 2 alerts from Indexer
2026-07-13 07:55:27,666 - app.services.wazuh_api - INFO - Found 2 agents
2026-07-13 07:55:27,759 - app.services.wazuh_api - INFO - Fetched 2 alerts from Indexer
2026-07-13 07:55:27,823 - app.services.wazuh_api - INFO - Found 2 agents
2026-07-13 07:55:27,874 - app.services.wazuh_api - INFO - Fetched 2 alerts from Indexer
2026-07-13 07:55:27,934 - app.services.wazuh_api - INFO - Found 2 agents
2026-07-13 07:55:27,981 - app.services.wazuh_api - INFO - Fetched 2 alerts from Indexer
2026-07-13 07:55:28,041 - app.services.wazuh_api - INFO - Found 2 agents
2026-07-13 07:55:28,085 - app.services.wazuh_api - INFO - Fetched 2 alerts from Indexer
2026-07-13 07:55:28,146 - app.services.wazuh_api - INFO - Found 2 agents
2026-07-13 07:55:28,172 - app.services.wazuh_api - INFO - Fetched 2 alerts from Indexer
2026-07-13 07:55:28,209 - app.services.wazuh_api - INFO - Fetched 2 alerts from Indexer
2026-07-13 07:55:28,275 - app.services.wazuh_api - INFO - Found 2 agents
2026-07-13 07:55:28,350 - app.services.wazuh_api - INFO - Fetched 2 alerts from Indexer
2026-07-13 07:55:28,413 - app.services.wazuh_api - INFO - Found 2 agents
2026-07-13 07:55:28,461 - app.services.wazuh_api - INFO - Fetched 2 alerts from Indexer
2026-07-13 07:55:28,506 - app.services.wazuh_api - INFO - Found 2 agents
2026-07-13 07:55:28,555 - app.services.wazuh_api - INFO - Fetched 2 alerts from Indexer
2026-07-13 07:55:28,615 - app.services.wazuh_api - INFO - Found 2 agents
2026-07-13 07:55:28,662 - app.services.wazuh_api - INFO - Fetched 2 alerts from Indexer
2026-07-13 07:55:28,723 - app.services.wazuh_api - INFO - Found 2 agents
2026-07-13 07:55:28,770 - app.services.wazuh_api - INFO - Fetched 2 alerts from Indexer
2026-07-13 07:55:28,808 - app.services.wazuh_api - INFO - Found 2 agents
2026-07-13 07:55:28,836 - app.services.wazuh_api - INFO - Fetched 2 alerts from Indexer
2026-07-13 07:55:28,895 - app.services.wazuh_api - INFO - Found 2 agents
2026-07-13 07:55:28,943 - app.services.wazuh_api - INFO - Fetched 2 alerts from Indexer
2026-07-13 07:55:29,006 - app.services.wazuh_api - INFO - Found 2 agents
2026-07-13 07:55:29,053 - app.services.wazuh_api - INFO - Fetched 2 alerts from Indexer
2026-07-13 07:55:29,112 - app.services.wazuh_api - INFO - Found 2 agents
2026-07-13 07:55:29,161 - app.services.wazuh_api - INFO - Fetched 2 alerts from Indexer
2026-07-13 07:55:29,189 - app.services.wazuh_api - INFO - Fetched 2 alerts from Indexer
2026-07-13 07:55:29,258 - app.services.wazuh_api - INFO - Found 2 agents
2026-07-13 07:55:29,290 - app.services.wazuh_api - INFO - Fetched 2 alerts from Indexer
2026-07-13 07:55:29,336 - app.services.wazuh_api - INFO - Found 2 agents
2026-07-13 07:55:29,367 - app.services.wazuh_api - INFO - Fetched 2 alerts from Indexer
2026-07-13 07:55:29,428 - app.services.wazuh_api - INFO - Found 2 agents
2026-07-13 07:55:29,461 - app.services.wazuh_api - INFO - Fetched 2 alerts from Indexer
2026-07-13 07:55:29,503 - app.services.wazuh_api - INFO - Found 2 agents
2026-07-13 07:55:29,554 - app.services.wazuh_api - INFO - Fetched 2 alerts from Indexer
2026-07-13 07:55:29,596 - app.services.wazuh_api - INFO - Found 2 agents
2026-07-13 07:55:29,644 - app.services.wazuh_api - INFO - Fetched 2 alerts from Indexer
2026-07-13 07:55:29,684 - app.services.wazuh_api - INFO - Found 2 agents
2026-07-13 07:55:29,725 - app.services.wazuh_api - INFO - Fetched 2 alerts from Indexer
2026-07-13 07:55:29,772 - app.services.wazuh_api - INFO - Found 2 agents
2026-07-13 07:55:29,824 - app.services.wazuh_api - INFO - Fetched 2 alerts from Indexer
2026-07-13 07:55:29,885 - app.services.wazuh_api - INFO - Found 2 agents
2026-07-13 07:55:29,927 - app.services.wazuh_api - INFO - Fetched 2 alerts from Indexer
2026-07-13 07:55:29,963 - app.services.wazuh_api - INFO - Found 2 agents
2026-07-13 07:55:30,006 - app.services.wazuh_api - INFO - Fetched 2 alerts from Indexer
2026-07-13 07:55:30,065 - app.services.wazuh_api - INFO - Found 2 agents
2026-07-13 07:55:30,091 - app.services.wazuh_api - INFO - Fetched 2 alerts from Indexer
2026-07-13 07:55:30,129 - app.services.wazuh_api - INFO - Fetched 2 alerts from Indexer
2026-07-13 07:55:30,169 - app.services.wazuh_api - INFO - Found 2 agents
2026-07-13 07:55:30,222 - app.services.wazuh_api - INFO - Fetched 2 alerts from Indexer
2026-07-13 07:55:30,288 - app.services.wazuh_api - INFO - Found 2 agents
2026-07-13 07:55:30,319 - app.services.wazuh_api - INFO - Fetched 2 alerts from Indexer
2026-07-13 07:55:30,377 - app.services.wazuh_api - INFO - Found 2 agents
2026-07-13 07:55:30,426 - app.services.wazuh_api - INFO - Fetched 2 alerts from Indexer
2026-07-13 07:55:30,491 - app.services.wazuh_api - INFO - Found 2 agents
2026-07-13 07:55:30,519 - app.services.wazuh_api - INFO - Fetched 2 alerts from Indexer
2026-07-13 07:55:30,581 - app.services.wazuh_api - INFO - Found 2 agents
2026-07-13 07:55:30,627 - app.services.wazuh_api - INFO - Fetched 2 alerts from Indexer
2026-07-13 07:55:30,693 - app.services.wazuh_api - INFO - Found 2 agents
2026-07-13 07:55:30,738 - app.services.wazuh_api - INFO - Fetched 2 alerts from Indexer
2026-07-13 07:55:30,803 - app.services.wazuh_api - INFO - Found 2 agents
2026-07-13 07:55:30,846 - app.services.wazuh_api - INFO - Fetched 2 alerts from Indexer
2026-07-13 07:55:30,916 - app.services.wazuh_api - INFO - Found 2 agents
2026-07-13 07:55:30,970 - app.services.wazuh_api - INFO - Fetched 2 alerts from Indexer
2026-07-13 07:55:31,018 - app.services.wazuh_api - INFO - Found 2 agents
2026-07-13 07:55:31,062 - app.services.wazuh_api - INFO - Fetched 2 alerts from Indexer
2026-07-13 07:55:31,124 - app.services.wazuh_api - INFO - Found 2 agents
2026-07-13 07:55:31,179 - app.services.wazuh_api - INFO - Fetched 2 alerts from Indexer
2026-07-13 07:55:31,217 - app.services.wazuh_api - INFO - Fetched 2 alerts from Indexer
2026-07-13 07:55:31,261 - app.services.wazuh_api - INFO - Found 2 agents
2026-07-13 07:55:31,312 - app.services.wazuh_api - INFO - Fetched 2 alerts from Indexer
2026-07-13 07:55:31,352 - app.services.wazuh_api - INFO - Found 2 agents
2026-07-13 07:55:31,378 - app.services.wazuh_api - INFO - Fetched 2 alerts from Indexer
2026-07-13 07:55:31,424 - app.services.wazuh_api - INFO - Found 2 agents
2026-07-13 07:55:31,469 - app.services.wazuh_api - INFO - Fetched 2 alerts from Indexer
2026-07-13 07:55:31,531 - app.services.wazuh_api - INFO - Found 2 agents
2026-07-13 07:55:31,626 - app.services.wazuh_api - INFO - Fetched 2 alerts from Indexer
2026-07-13 07:55:31,692 - app.services.wazuh_api - INFO - Found 2 agents
2026-07-13 07:55:31,735 - app.services.wazuh_api - INFO - Fetched 2 alerts from Indexer
2026-07-13 07:55:31,771 - app.services.wazuh_api - INFO - Found 2 agents
2026-07-13 07:55:31,815 - app.services.wazuh_api - INFO - Fetched 2 alerts from Indexer
2026-07-13 07:55:31,874 - app.services.wazuh_api - INFO - Found 2 agents
2026-07-13 07:55:31,901 - app.services.wazuh_api - INFO - Fetched 2 alerts from Indexer
2026-07-13 07:55:31,943 - app.services.wazuh_api - INFO - Found 2 agents
2026-07-13 07:55:31,973 - app.services.wazuh_api - INFO - Fetched 2 alerts from Indexer
2026-07-13 07:55:32,035 - app.services.wazuh_api - INFO - Found 2 agents
2026-07-13 07:55:32,079 - app.services.wazuh_api - INFO - Fetched 2 alerts from Indexer
2026-07-13 07:55:32,140 - app.services.wazuh_api - INFO - Found 2 agents
2026-07-13 07:55:32,235 - app.services.wazuh_api - INFO - Fetched 2 alerts from Indexer
2026-07-13 07:55:32,285 - app.services.wazuh_api - INFO - Fetched 2 alerts from Indexer
2026-07-13 07:55:32,349 - app.services.wazuh_api - INFO - Found 2 agents
2026-07-13 07:55:32,379 - app.services.wazuh_api - INFO - Fetched 2 alerts from Indexer
2026-07-13 07:55:32,436 - app.services.wazuh_api - INFO - Found 2 agents
2026-07-13 07:55:32,484 - app.services.wazuh_api - INFO - Fetched 2 alerts from Indexer
2026-07-13 07:55:32,524 - app.services.wazuh_api - INFO - Found 2 agents
2026-07-13 07:55:32,567 - app.services.wazuh_api - INFO - Fetched 2 alerts from Indexer
2026-07-13 07:55:32,608 - app.services.wazuh_api - INFO - Found 2 agents
2026-07-13 07:55:32,656 - app.services.wazuh_api - INFO - Fetched 2 alerts from Indexer
2026-07-13 07:55:32,720 - app.services.wazuh_api - INFO - Found 2 agents
2026-07-13 07:55:32,767 - app.services.wazuh_api - INFO - Fetched 2 alerts from Indexer
2026-07-13 07:55:32,828 - app.services.wazuh_api - INFO - Found 2 agents
2026-07-13 07:55:32,857 - app.services.wazuh_api - INFO - Fetched 2 alerts from Indexer
2026-07-13 07:55:32,904 - app.services.wazuh_api - INFO - Found 2 agents
2026-07-13 07:55:32,954 - app.services.wazuh_api - INFO - Fetched 2 alerts from Indexer
2026-07-13 07:55:32,996 - app.services.wazuh_api - INFO - Found 2 agents
2026-07-13 07:55:33,044 - app.services.wazuh_api - INFO - Fetched 2 alerts from Indexer
2026-07-13 07:55:33,092 - app.services.wazuh_api - INFO - Found 2 agents
2026-07-13 07:55:33,119 - app.services.wazuh_api - INFO - Fetched 2 alerts from Indexer
2026-07-13 07:55:33,154 - app.services.wazuh_api - INFO - Fetched 2 alerts from Indexer
2026-07-13 07:55:33,193 - app.services.wazuh_api - INFO - Found 2 agents
2026-07-13 07:55:33,221 - app.services.wazuh_api - INFO - Fetched 2 alerts from Indexer
2026-07-13 07:55:33,285 - app.services.wazuh_api - INFO - Found 2 agents
2026-07-13 07:55:33,315 - app.services.wazuh_api - INFO - Fetched 2 alerts from Indexer
2026-07-13 07:55:33,374 - app.services.wazuh_api - INFO - Found 2 agents
2026-07-13 07:55:33,421 - app.services.wazuh_api - INFO - Fetched 2 alerts from Indexer
2026-07-13 07:55:33,469 - app.services.wazuh_api - INFO - Found 2 agents
2026-07-13 07:55:33,518 - app.services.wazuh_api - INFO - Fetched 2 alerts from Indexer
2026-07-13 07:55:33,580 - app.services.wazuh_api - INFO - Found 2 agents
2026-07-13 07:55:33,625 - app.services.wazuh_api - INFO - Fetched 2 alerts from Indexer
2026-07-13 07:55:33,687 - app.services.wazuh_api - INFO - Found 2 agents
2026-07-13 07:55:33,737 - app.services.wazuh_api - INFO - Fetched 2 alerts from Indexer
2026-07-13 07:55:33,799 - app.services.wazuh_api - INFO - Found 2 agents
2026-07-13 07:55:33,845 - app.services.wazuh_api - INFO - Fetched 2 alerts from Indexer
2026-07-13 07:55:33,906 - app.services.wazuh_api - INFO - Found 2 agents
2026-07-13 07:55:33,934 - app.services.wazuh_api - INFO - Fetched 2 alerts from Indexer
2026-07-13 07:55:33,988 - app.services.wazuh_api - INFO - Found 2 agents
2026-07-13 07:55:34,036 - app.services.wazuh_api - INFO - Fetched 2 alerts from Indexer
2026-07-13 07:55:34,102 - app.services.wazuh_api - INFO - Found 2 agents
2026-07-13 07:55:34,145 - app.services.wazuh_api - INFO - Fetched 2 alerts from Indexer
2026-07-13 07:55:34,189 - app.services.wazuh_api - INFO - Fetched 2 alerts from Indexer
2026-07-13 07:55:34,241 - app.services.wazuh_api - INFO - Found 2 agents
2026-07-13 07:55:34,271 - app.services.wazuh_api - INFO - Fetched 2 alerts from Indexer
2026-07-13 07:55:34,331 - app.services.wazuh_api - INFO - Found 2 agents
2026-07-13 07:55:34,377 - app.services.wazuh_api - INFO - Fetched 2 alerts from Indexer
2026-07-13 07:55:34,416 - app.services.wazuh_api - INFO - Found 2 agents
2026-07-13 07:55:34,455 - app.services.wazuh_api - INFO - Fetched 2 alerts from Indexer
2026-07-13 07:55:34,497 - app.services.wazuh_api - INFO - Found 2 agents
2026-07-13 07:55:34,594 - app.services.wazuh_api - INFO - Fetched 2 alerts from Indexer
2026-07-13 07:55:34,657 - app.services.wazuh_api - INFO - Found 2 agents
2026-07-13 07:55:34,684 - app.services.wazuh_api - INFO - Fetched 2 alerts from Indexer
2026-07-13 07:55:34,736 - app.services.wazuh_api - INFO - Found 2 agents
2026-07-13 07:55:34,783 - app.services.wazuh_api - INFO - Fetched 2 alerts from Indexer
2026-07-13 07:55:34,846 - app.services.wazuh_api - INFO - Found 2 agents
2026-07-13 07:55:34,892 - app.services.wazuh_api - INFO - Fetched 2 alerts from Indexer
2026-07-13 07:55:34,953 - app.services.wazuh_api - INFO - Found 2 agents
2026-07-13 07:55:35,001 - app.services.wazuh_api - INFO - Fetched 2 alerts from Indexer
2026-07-13 07:55:35,060 - app.services.wazuh_api - INFO - Found 2 agents
2026-07-13 07:55:35,108 - app.services.wazuh_api - INFO - Fetched 2 alerts from Indexer
2026-07-13 07:55:35,154 - app.services.wazuh_api - INFO - Fetched 2 alerts from Indexer
2026-07-13 07:55:35,192 - app.services.wazuh_api - INFO - Found 2 agents
2026-07-13 07:55:35,234 - app.services.wazuh_api - INFO - Fetched 2 alerts from Indexer
2026-07-13 07:55:35,311 - app.services.wazuh_api - INFO - Found 2 agents
2026-07-13 07:55:35,360 - app.services.wazuh_api - INFO - Fetched 2 alerts from Indexer
2026-07-13 07:55:35,422 - app.services.wazuh_api - INFO - Found 2 agents
2026-07-13 07:55:35,448 - app.services.wazuh_api - INFO - Fetched 2 alerts from Indexer
2026-07-13 07:55:35,500 - app.services.wazuh_api - INFO - Found 2 agents
2026-07-13 07:55:35,595 - app.services.wazuh_api - INFO - Fetched 2 alerts from Indexer
2026-07-13 07:55:35,653 - app.services.wazuh_api - INFO - Found 2 agents
2026-07-13 07:55:35,701 - app.services.wazuh_api - INFO - Fetched 2 alerts from Indexer
2026-07-13 07:55:35,763 - app.services.wazuh_api - INFO - Found 2 agents
2026-07-13 07:55:35,812 - app.services.wazuh_api - INFO - Fetched 2 alerts from Indexer
2026-07-13 07:55:35,870 - app.services.wazuh_api - INFO - Found 2 agents
2026-07-13 07:55:35,922 - app.services.wazuh_api - INFO - Fetched 2 alerts from Indexer
2026-07-13 07:55:35,960 - app.services.wazuh_api - INFO - Found 2 agents
2026-07-13 07:55:36,002 - app.services.wazuh_api - INFO - Fetched 2 alerts from Indexer
2026-07-13 07:55:36,060 - app.services.wazuh_api - INFO - Found 2 agents
2026-07-13 07:55:36,106 - app.services.wazuh_api - INFO - Fetched 2 alerts from Indexer
2026-07-13 07:55:36,166 - app.services.wazuh_api - INFO - Found 2 agents
2026-07-13 07:55:36,215 - app.services.wazuh_api - INFO - Fetched 2 alerts from Indexer
2026-07-13 07:55:36,263 - app.services.wazuh_api - INFO - Fetched 2 alerts from Indexer
2026-07-13 07:55:36,328 - app.services.wazuh_api - INFO - Found 2 agents
2026-07-13 07:55:36,371 - app.services.wazuh_api - INFO - Fetched 2 alerts from Indexer
2026-07-13 07:55:36,414 - app.services.wazuh_api - INFO - Found 2 agents
2026-07-13 07:55:36,443 - app.services.wazuh_api - INFO - Fetched 2 alerts from Indexer
2026-07-13 07:55:36,486 - app.services.wazuh_api - INFO - Found 2 agents
2026-07-13 07:55:36,558 - app.services.wazuh_api - INFO - Fetched 2 alerts from Indexer
2026-07-13 07:55:36,619 - app.services.wazuh_api - INFO - Found 2 agents
2026-07-13 07:55:36,714 - app.services.wazuh_api - INFO - Fetched 2 alerts from Indexer
2026-07-13 07:55:36,753 - app.services.wazuh_api - INFO - Found 2 agents
2026-07-13 07:55:36,794 - app.services.wazuh_api - INFO - Fetched 2 alerts from Indexer
2026-07-13 07:55:36,850 - app.services.wazuh_api - INFO - Found 2 agents
2026-07-13 07:55:36,901 - app.services.wazuh_api - INFO - Fetched 2 alerts from Indexer
2026-07-13 07:55:36,966 - app.services.wazuh_api - INFO - Found 2 agents
2026-07-13 07:55:37,013 - app.services.wazuh_api - INFO - Fetched 2 alerts from Indexer
2026-07-13 07:55:37,073 - app.services.wazuh_api - INFO - Found 2 agents
2026-07-13 07:55:37,121 - app.services.wazuh_api - INFO - Fetched 2 alerts from Indexer
2026-07-13 07:55:37,213 - app.services.wazuh_api - INFO - Fetched 2 alerts from Indexer
2026-07-13 07:55:37,280 - app.services.wazuh_api - INFO - Found 2 agents
2026-07-13 07:55:37,324 - app.services.wazuh_api - INFO - Fetched 2 alerts from Indexer
2026-07-13 07:55:37,388 - app.services.wazuh_api - INFO - Found 2 agents
2026-07-13 07:55:37,432 - app.services.wazuh_api - INFO - Fetched 2 alerts from Indexer
2026-07-13 07:55:37,494 - app.services.wazuh_api - INFO - Found 2 agents
2026-07-13 07:55:37,541 - app.services.wazuh_api - INFO - Fetched 2 alerts from Indexer
2026-07-13 07:55:37,585 - app.services.wazuh_api - INFO - Found 2 agents
2026-07-13 07:55:37,634 - app.services.wazuh_api - INFO - Fetched 2 alerts from Indexer
2026-07-13 07:55:37,694 - app.services.wazuh_api - INFO - Found 2 agents
2026-07-13 07:55:37,741 - app.services.wazuh_api - INFO - Fetched 2 alerts from Indexer
2026-07-13 07:55:37,802 - app.services.wazuh_api - INFO - Found 2 agents
2026-07-13 07:55:37,897 - app.services.wazuh_api - INFO - Fetched 2 alerts from Indexer
2026-07-13 07:55:37,957 - app.services.wazuh_api - INFO - Found 2 agents
2026-07-13 07:55:38,005 - app.services.wazuh_api - INFO - Fetched 2 alerts from Indexer
2026-07-13 07:55:38,066 - app.services.wazuh_api - INFO - Found 2 agents
2026-07-13 07:55:38,116 - app.services.wazuh_api - INFO - Fetched 2 alerts from Indexer
2026-07-13 07:55:38,161 - app.services.wazuh_api - INFO - Fetched 2 alerts from Indexer
2026-07-13 07:55:38,221 - app.services.wazuh_api - INFO - Found 2 agents
2026-07-13 07:55:39,100 - app.services.wazuh_api - INFO - Fetched 2 alerts from Indexer
2026-07-13 07:55:39,145 - app.services.wazuh_api - INFO - Fetched 2 alerts from Indexer
2026-07-13 07:55:39,204 - app.services.wazuh_api - INFO - Found 2 agents
2026-07-13 07:55:40,099 - app.services.wazuh_api - INFO - Fetched 2 alerts from Indexer
2026-07-13 07:55:40,146 - app.services.wazuh_api - INFO - Fetched 2 alerts from Indexer
2026-07-13 07:55:40,221 - app.services.wazuh_api - INFO - Found 2 agents
2026-07-13 07:55:41,093 - app.services.wazuh_api - INFO - Fetched 2 alerts from Indexer
2026-07-13 07:55:41,139 - app.services.wazuh_api - INFO - Fetched 2 alerts from Indexer
2026-07-13 07:55:41,200 - app.services.wazuh_api - INFO - Found 2 agents
2026-07-13 07:55:42,107 - app.services.wazuh_api - INFO - Fetched 2 alerts from Indexer
2026-07-13 07:55:42,135 - app.services.wazuh_api - INFO - Fetched 2 alerts from Indexer
2026-07-13 07:55:42,192 - app.services.wazuh_api - INFO - Found 2 agents
2026-07-13 07:55:43,105 - app.services.wazuh_api - INFO - Fetched 2 alerts from Indexer
2026-07-13 07:55:43,150 - app.services.wazuh_api - INFO - Fetched 2 alerts from Indexer
2026-07-13 07:55:43,215 - app.services.wazuh_api - INFO - Found 2 agents
2026-07-13 07:55:44,101 - app.services.wazuh_api - INFO - Fetched 2 alerts from Indexer
2026-07-13 07:55:44,146 - app.services.wazuh_api - INFO - Fetched 2 alerts from Indexer
2026-07-13 07:55:44,206 - app.services.wazuh_api - INFO - Found 2 agents
2026-07-13 07:55:45,097 - app.services.wazuh_api - INFO - Fetched 2 alerts from Indexer
2026-07-13 07:55:45,186 - app.services.wazuh_api - INFO - Fetched 2 alerts from Indexer
2026-07-13 07:55:45,250 - app.services.wazuh_api - INFO - Found 2 agents
2026-07-13 07:55:46,095 - app.services.wazuh_api - INFO - Fetched 2 alerts from Indexer
2026-07-13 07:55:46,137 - app.services.wazuh_api - INFO - Fetched 2 alerts from Indexer
2026-07-13 07:55:46,202 - app.services.wazuh_api - INFO - Found 2 agents
2026-07-13 07:55:47,094 - app.services.wazuh_api - INFO - Fetched 2 alerts from Indexer
2026-07-13 07:55:47,138 - app.services.wazuh_api - INFO - Fetched 2 alerts from Indexer
2026-07-13 07:55:47,196 - app.services.wazuh_api - INFO - Found 2 agents
2026-07-13 07:55:48,106 - app.services.wazuh_api - INFO - Fetched 2 alerts from Indexer
2026-07-13 07:55:48,151 - app.services.wazuh_api - INFO - Fetched 2 alerts from Indexer
2026-07-13 07:55:48,202 - app.services.wazuh_api - INFO - Found 2 agents
2026-07-13 07:55:49,104 - app.services.wazuh_api - INFO - Fetched 2 alerts from Indexer
2026-07-13 07:55:49,132 - app.services.wazuh_api - INFO - Fetched 2 alerts from Indexer
2026-07-13 07:55:49,184 - app.services.wazuh_api - INFO - Found 2 agents
2026-07-13 07:55:50,103 - app.services.wazuh_api - INFO - Fetched 2 alerts from Indexer
2026-07-13 07:55:50,149 - app.services.wazuh_api - INFO - Fetched 2 alerts from Indexer
2026-07-13 07:55:50,189 - app.services.wazuh_api - INFO - Found 2 agents
2026-07-13 07:55:51,104 - app.services.wazuh_api - INFO - Fetched 2 alerts from Indexer
2026-07-13 07:55:51,149 - app.services.wazuh_api - INFO - Fetched 2 alerts from Indexer
2026-07-13 07:55:51,213 - app.services.wazuh_api - INFO - Found 2 agents
2026-07-13 07:55:52,097 - app.services.wazuh_api - INFO - Fetched 2 alerts from Indexer
2026-07-13 07:55:52,127 - app.services.wazuh_api - INFO - Fetched 2 alerts from Indexer
2026-07-13 07:55:52,173 - app.services.wazuh_api - INFO - Found 2 agents
2026-07-13 07:55:53,103 - app.services.wazuh_api - INFO - Fetched 2 alerts from Indexer
2026-07-13 07:55:53,152 - app.services.wazuh_api - INFO - Fetched 2 alerts from Indexer
2026-07-13 07:55:53,229 - app.services.wazuh_api - INFO - Found 2 agents
2026-07-13 07:55:54,090 - app.services.wazuh_api - INFO - Fetched 2 alerts from Indexer
2026-07-13 07:55:54,119 - app.services.wazuh_api - INFO - Fetched 2 alerts from Indexer
2026-07-13 07:55:54,179 - app.services.wazuh_api - INFO - Found 2 agents
2026-07-13 07:55:55,102 - app.services.wazuh_api - INFO - Fetched 2 alerts from Indexer
2026-07-13 07:55:55,149 - app.services.wazuh_api - INFO - Fetched 2 alerts from Indexer
2026-07-13 07:55:55,206 - app.services.wazuh_api - INFO - Found 2 agents
2026-07-13 07:55:56,098 - app.services.wazuh_api - INFO - Fetched 2 alerts from Indexer
2026-07-13 07:55:56,142 - app.services.wazuh_api - INFO - Fetched 2 alerts from Indexer
2026-07-13 07:55:56,180 - app.services.wazuh_api - INFO - Found 2 agents
2026-07-13 07:55:57,103 - app.services.wazuh_api - INFO - Fetched 2 alerts from Indexer
2026-07-13 07:55:57,147 - app.services.wazuh_api - INFO - Fetched 2 alerts from Indexer
2026-07-13 07:55:57,209 - app.services.wazuh_api - INFO - Found 2 agents
2026-07-13 07:55:58,102 - app.services.wazuh_api - INFO - Fetched 2 alerts from Indexer
2026-07-13 07:55:58,148 - app.services.wazuh_api - INFO - Fetched 2 alerts from Indexer
2026-07-13 07:55:58,206 - app.services.wazuh_api - INFO - Found 2 agents
2026-07-13 07:55:59,096 - app.services.wazuh_api - INFO - Fetched 2 alerts from Indexer
2026-07-13 07:55:59,141 - app.services.wazuh_api - INFO - Fetched 2 alerts from Indexer
2026-07-13 07:55:59,201 - app.services.wazuh_api - INFO - Found 2 agents
2026-07-13 07:56:00,109 - app.services.wazuh_api - INFO - Fetched 2 alerts from Indexer
2026-07-13 07:56:00,152 - app.services.wazuh_api - INFO - Fetched 2 alerts from Indexer
2026-07-13 07:56:00,211 - app.services.wazuh_api - INFO - Found 2 agents
2026-07-13 07:56:01,101 - app.services.wazuh_api - INFO - Fetched 2 alerts from Indexer
2026-07-13 07:56:01,150 - app.services.wazuh_api - INFO - Fetched 2 alerts from Indexer
2026-07-13 07:56:01,197 - app.services.wazuh_api - INFO - Found 2 agents
2026-07-13 07:56:02,102 - app.services.wazuh_api - INFO - Fetched 2 alerts from Indexer
2026-07-13 07:56:02,149 - app.services.wazuh_api - INFO - Fetched 2 alerts from Indexer
2026-07-13 07:56:02,211 - app.services.wazuh_api - INFO - Found 2 agents
2026-07-13 07:56:03,097 - app.services.wazuh_api - INFO - Fetched 2 alerts from Indexer
2026-07-13 07:56:03,144 - app.services.wazuh_api - INFO - Fetched 2 alerts from Indexer
2026-07-13 07:56:03,202 - app.services.wazuh_api - INFO - Found 2 agents
2026-07-13 07:56:04,083 - app.services.wazuh_api - INFO - Fetched 2 alerts from Indexer
2026-07-13 07:56:04,123 - app.services.wazuh_api - INFO - Fetched 2 alerts from Indexer
2026-07-13 07:56:04,184 - app.services.wazuh_api - INFO - Found 2 agents
2026-07-13 07:56:05,097 - app.services.wazuh_api - INFO - Fetched 2 alerts from Indexer
2026-07-13 07:56:05,145 - app.services.wazuh_api - INFO - Fetched 2 alerts from Indexer
2026-07-13 07:56:05,211 - app.services.wazuh_api - INFO - Found 2 agents
2026-07-13 07:56:05,790 - app.services.wazuh_api - INFO - Fetched 2 alerts from Indexer
2026-07-13 07:56:05,818 - app.services.wazuh_api - INFO - Fetched 2 alerts from Indexer
2026-07-13 07:56:05,875 - app.services.wazuh_api - INFO - Found 2 agents
2026-07-13 07:56:05,922 - app.services.wazuh_api - INFO - Fetched 2 alerts from Indexer
2026-07-13 07:56:05,951 - app.services.wazuh_api - INFO - Fetched 2 alerts from Indexer
2026-07-13 07:56:06,013 - app.services.wazuh_api - INFO - Found 2 agents
2026-07-13 07:56:06,061 - app.services.wazuh_api - INFO - Fetched 2 alerts from Indexer
2026-07-13 07:56:06,108 - app.services.wazuh_api - INFO - Fetched 2 alerts from Indexer
2026-07-13 07:56:06,153 - app.services.wazuh_api - INFO - Fetched 2 alerts from Indexer
2026-07-13 07:56:06,214 - app.services.wazuh_api - INFO - Found 2 agents
2026-07-13 07:56:06,315 - app.services.wazuh_api - INFO - Fetched 2 alerts from Indexer
2026-07-13 07:56:06,356 - app.services.wazuh_api - INFO - Fetched 2 alerts from Indexer
2026-07-13 07:56:06,403 - app.services.wazuh_api - INFO - Fetched 2 alerts from Indexer
2026-07-13 07:56:06,464 - app.services.wazuh_api - INFO - Found 2 agents
2026-07-13 07:56:06,512 - app.services.wazuh_api - INFO - Fetched 2 alerts from Indexer
2026-07-13 07:56:06,559 - app.services.wazuh_api - INFO - Fetched 2 alerts from Indexer
2026-07-13 07:56:06,606 - app.services.wazuh_api - INFO - Fetched 2 alerts from Indexer
2026-07-13 07:56:06,650 - app.services.wazuh_api - INFO - Found 2 agents
2026-07-13 07:56:06,700 - app.services.wazuh_api - INFO - Fetched 2 alerts from Indexer
2026-07-13 07:56:06,746 - app.services.wazuh_api - INFO - Fetched 2 alerts from Indexer
2026-07-13 07:56:06,800 - app.services.wazuh_api - INFO - Fetched 2 alerts from Indexer
2026-07-13 07:56:06,843 - app.services.wazuh_api - INFO - Found 2 agents
2026-07-13 07:56:06,886 - app.services.wazuh_api - INFO - Fetched 2 alerts from Indexer
2026-07-13 07:56:06,935 - app.services.wazuh_api - INFO - Fetched 2 alerts from Indexer
2026-07-13 07:56:06,974 - app.services.wazuh_api - INFO - Found 2 agents
2026-07-13 07:56:07,062 - app.services.wazuh_api - INFO - Fetched 2 alerts from Indexer
2026-07-13 07:56:07,125 - app.services.wazuh_api - INFO - Found 2 agents
2026-07-13 07:56:07,172 - app.services.wazuh_api - INFO - Fetched 2 alerts from Indexer
2026-07-13 07:56:07,216 - app.services.wazuh_api - INFO - Fetched 2 alerts from Indexer
2026-07-13 07:56:07,284 - app.services.wazuh_api - INFO - Found 2 agents
2026-07-13 07:56:07,332 - app.services.wazuh_api - INFO - Fetched 2 alerts from Indexer
2026-07-13 07:56:07,391 - app.services.wazuh_api - INFO - Found 2 agents
2026-07-13 07:56:07,419 - app.services.wazuh_api - INFO - Fetched 2 alerts from Indexer
2026-07-13 07:56:07,484 - app.services.wazuh_api - INFO - Found 2 agents
2026-07-13 07:56:07,514 - app.services.wazuh_api - INFO - Fetched 2 alerts from Indexer
2026-07-13 07:56:07,573 - app.services.wazuh_api - INFO - Found 2 agents
2026-07-13 07:56:08,141 - app.services.wazuh_api - INFO - Fetched 2 alerts from Indexer
2026-07-13 07:56:08,189 - app.services.wazuh_api - INFO - Fetched 2 alerts from Indexer
2026-07-13 07:56:08,253 - app.services.wazuh_api - INFO - Found 2 agents
2026-07-13 07:56:09,099 - app.services.wazuh_api - INFO - Fetched 2 alerts from Indexer
2026-07-13 07:56:09,141 - app.services.wazuh_api - INFO - Fetched 2 alerts from Indexer
2026-07-13 07:56:09,201 - app.services.wazuh_api - INFO - Found 2 agents
2026-07-13 07:56:10,093 - app.services.wazuh_api - INFO - Fetched 2 alerts from Indexer
2026-07-13 07:56:10,137 - app.services.wazuh_api - INFO - Fetched 2 alerts from Indexer
2026-07-13 07:56:10,197 - app.services.wazuh_api - INFO - Found 2 agents
2026-07-13 07:56:11,099 - app.services.wazuh_api - INFO - Fetched 2 alerts from Indexer
2026-07-13 07:56:11,145 - app.services.wazuh_api - INFO - Fetched 2 alerts from Indexer
2026-07-13 07:56:11,223 - app.services.wazuh_api - INFO - Found 2 agents
2026-07-13 07:56:12,101 - app.services.wazuh_api - INFO - Fetched 2 alerts from Indexer
2026-07-13 07:56:12,146 - app.services.wazuh_api - INFO - Fetched 2 alerts from Indexer
2026-07-13 07:56:12,211 - app.services.wazuh_api - INFO - Found 2 agents
2026-07-13 07:56:13,150 - app.services.wazuh_api - INFO - Fetched 2 alerts from Indexer
2026-07-13 07:56:13,226 - app.services.wazuh_api - INFO - Fetched 2 alerts from Indexer
2026-07-13 07:56:13,285 - app.services.wazuh_api - INFO - Found 2 agents
2026-07-13 07:56:14,099 - app.services.wazuh_api - INFO - Fetched 2 alerts from Indexer
2026-07-13 07:56:14,150 - app.services.wazuh_api - INFO - Fetched 2 alerts from Indexer
2026-07-13 07:56:14,189 - app.services.wazuh_api - INFO - Found 2 agents
2026-07-13 07:56:15,101 - app.services.wazuh_api - INFO - Fetched 2 alerts from Indexer
2026-07-13 07:56:15,151 - app.services.wazuh_api - INFO - Fetched 2 alerts from Indexer
2026-07-13 07:56:15,191 - app.services.wazuh_api - INFO - Found 2 agents
2026-07-13 07:56:16,102 - app.services.wazuh_api - INFO - Fetched 2 alerts from Indexer
2026-07-13 07:56:16,144 - app.services.wazuh_api - INFO - Fetched 2 alerts from Indexer
2026-07-13 07:56:16,208 - app.services.wazuh_api - INFO - Found 2 agents
2026-07-13 07:56:17,110 - app.services.wazuh_api - INFO - Fetched 2 alerts from Indexer
2026-07-13 07:56:17,155 - app.services.wazuh_api - INFO - Fetched 2 alerts from Indexer
2026-07-13 07:56:17,213 - app.services.wazuh_api - INFO - Found 2 agents
2026-07-13 07:56:18,105 - app.services.wazuh_api - INFO - Fetched 2 alerts from Indexer
2026-07-13 07:56:18,151 - app.services.wazuh_api - INFO - Fetched 2 alerts from Indexer
2026-07-13 07:56:18,217 - app.services.wazuh_api - INFO - Found 2 agents
2026-07-13 07:56:19,102 - app.services.wazuh_api - INFO - Fetched 2 alerts from Indexer
2026-07-13 07:56:19,149 - app.services.wazuh_api - INFO - Fetched 2 alerts from Indexer
2026-07-13 07:56:19,211 - app.services.wazuh_api - INFO - Found 2 agents
2026-07-13 07:56:20,097 - app.services.wazuh_api - INFO - Fetched 2 alerts from Indexer
2026-07-13 07:56:20,143 - app.services.wazuh_api - INFO - Fetched 2 alerts from Indexer
2026-07-13 07:56:20,183 - app.services.wazuh_api - INFO - Found 2 agents
2026-07-13 07:56:21,094 - app.services.wazuh_api - INFO - Fetched 2 alerts from Indexer
2026-07-13 07:56:21,140 - app.services.wazuh_api - INFO - Fetched 2 alerts from Indexer
2026-07-13 07:56:21,200 - app.services.wazuh_api - INFO - Found 2 agents
2026-07-13 07:56:22,095 - app.services.wazuh_api - INFO - Fetched 2 alerts from Indexer
2026-07-13 07:56:22,140 - app.services.wazuh_api - INFO - Fetched 2 alerts from Indexer
2026-07-13 07:56:22,203 - app.services.wazuh_api - INFO - Found 2 agents
2026-07-13 07:56:23,109 - app.services.wazuh_api - INFO - Fetched 2 alerts from Indexer
2026-07-13 07:56:23,136 - app.services.wazuh_api - INFO - Fetched 2 alerts from Indexer
2026-07-13 07:56:23,179 - app.services.wazuh_api - INFO - Found 2 agents
2026-07-13 07:56:24,101 - app.services.wazuh_api - INFO - Fetched 2 alerts from Indexer
2026-07-13 07:56:24,195 - app.services.wazuh_api - INFO - Fetched 2 alerts from Indexer
2026-07-13 07:56:24,254 - app.services.wazuh_api - INFO - Found 2 agents
2026-07-13 07:56:25,096 - app.services.wazuh_api - INFO - Fetched 2 alerts from Indexer
2026-07-13 07:56:25,144 - app.services.wazuh_api - INFO - Fetched 2 alerts from Indexer
2026-07-13 07:56:25,203 - app.services.wazuh_api - INFO - Found 2 agents
2026-07-13 07:56:26,095 - app.services.wazuh_api - INFO - Fetched 2 alerts from Indexer
2026-07-13 07:56:26,144 - app.services.wazuh_api - INFO - Fetched 2 alerts from Indexer
2026-07-13 07:56:26,201 - app.services.wazuh_api - INFO - Found 2 agents
2026-07-13 07:56:27,100 - app.services.wazuh_api - INFO - Fetched 2 alerts from Indexer
2026-07-13 07:56:27,146 - app.services.wazuh_api - INFO - Fetched 2 alerts from Indexer
2026-07-13 07:56:27,209 - app.services.wazuh_api - INFO - Found 2 agents
2026-07-13 07:56:28,098 - app.services.wazuh_api - INFO - Fetched 2 alerts from Indexer
2026-07-13 07:56:28,141 - app.services.wazuh_api - INFO - Fetched 2 alerts from Indexer
2026-07-13 07:56:28,202 - app.services.wazuh_api - INFO - Found 2 agents
2026-07-13 07:56:29,097 - app.services.wazuh_api - INFO - Fetched 2 alerts from Indexer
2026-07-13 07:56:29,139 - app.services.wazuh_api - INFO - Fetched 2 alerts from Indexer
2026-07-13 07:56:29,181 - app.services.wazuh_api - INFO - Found 2 agents
2026-07-13 07:56:30,103 - app.services.wazuh_api - INFO - Fetched 2 alerts from Indexer
2026-07-13 07:56:30,147 - app.services.wazuh_api - INFO - Fetched 2 alerts from Indexer
2026-07-13 07:56:30,198 - app.services.wazuh_api - INFO - Found 2 agents
2026-07-13 07:56:31,108 - app.services.wazuh_api - INFO - Fetched 2 alerts from Indexer
2026-07-13 07:56:31,155 - app.services.wazuh_api - INFO - Fetched 2 alerts from Indexer
2026-07-13 07:56:31,216 - app.services.wazuh_api - INFO - Found 2 agents
2026-07-13 07:56:32,102 - app.services.wazuh_api - INFO - Fetched 2 alerts from Indexer
2026-07-13 07:56:32,147 - app.services.wazuh_api - INFO - Fetched 2 alerts from Indexer
2026-07-13 07:56:32,196 - app.services.wazuh_api - INFO - Found 2 agents
2026-07-13 07:56:33,102 - app.services.wazuh_api - INFO - Fetched 2 alerts from Indexer
2026-07-13 07:56:33,146 - app.services.wazuh_api - INFO - Fetched 2 alerts from Indexer
2026-07-13 07:56:33,213 - app.services.wazuh_api - INFO - Found 2 agents
2026-07-13 07:56:34,097 - app.services.wazuh_api - INFO - Fetched 2 alerts from Indexer
2026-07-13 07:56:34,192 - app.services.wazuh_api - INFO - Fetched 2 alerts from Indexer
2026-07-13 07:56:34,258 - app.services.wazuh_api - INFO - Found 2 agents
2026-07-13 07:56:35,100 - app.services.wazuh_api - INFO - Fetched 2 alerts from Indexer
2026-07-13 07:56:35,191 - app.services.wazuh_api - INFO - Fetched 2 alerts from Indexer
2026-07-13 07:56:35,257 - app.services.wazuh_api - INFO - Found 2 agents
2026-07-13 07:56:36,108 - app.services.wazuh_api - INFO - Fetched 2 alerts from Indexer
2026-07-13 07:56:36,153 - app.services.wazuh_api - INFO - Fetched 2 alerts from Indexer
2026-07-13 07:56:36,212 - app.services.wazuh_api - INFO - Found 2 agents
2026-07-13 07:56:37,103 - app.services.wazuh_api - INFO - Fetched 2 alerts from Indexer
2026-07-13 07:56:37,149 - app.services.wazuh_api - INFO - Fetched 2 alerts from Indexer
2026-07-13 07:56:37,210 - app.services.wazuh_api - INFO - Found 2 agents
2026-07-13 07:56:38,103 - app.services.wazuh_api - INFO - Fetched 2 alerts from Indexer
2026-07-13 07:56:38,146 - app.services.wazuh_api - INFO - Fetched 2 alerts from Indexer
2026-07-13 07:56:38,208 - app.services.wazuh_api - INFO - Found 2 agents
2026-07-13 07:56:39,136 - app.services.wazuh_api - INFO - Fetched 2 alerts from Indexer
2026-07-13 07:56:39,181 - app.services.wazuh_api - INFO - Fetched 2 alerts from Indexer
2026-07-13 07:56:39,243 - app.services.wazuh_api - INFO - Found 2 agents
2026-07-13 07:56:40,096 - app.services.wazuh_api - INFO - Fetched 2 alerts from Indexer
2026-07-13 07:56:40,143 - app.services.wazuh_api - INFO - Fetched 2 alerts from Indexer
2026-07-13 07:56:40,192 - app.services.wazuh_api - INFO - Found 2 agents
2026-07-13 07:56:41,108 - app.services.wazuh_api - INFO - Fetched 2 alerts from Indexer
2026-07-13 07:56:41,151 - app.services.wazuh_api - INFO - Fetched 2 alerts from Indexer
2026-07-13 07:56:41,213 - app.services.wazuh_api - INFO - Found 2 agents
2026-07-13 07:56:42,105 - app.services.wazuh_api - INFO - Fetched 2 alerts from Indexer
2026-07-13 07:56:42,149 - app.services.wazuh_api - INFO - Fetched 2 alerts from Indexer
2026-07-13 07:56:42,211 - app.services.wazuh_api - INFO - Found 2 agents
2026-07-13 07:56:43,097 - app.services.wazuh_api - INFO - Fetched 2 alerts from Indexer
2026-07-13 07:56:43,143 - app.services.wazuh_api - INFO - Fetched 2 alerts from Indexer
2026-07-13 07:56:43,203 - app.services.wazuh_api - INFO - Found 2 agents
2026-07-13 07:56:44,104 - app.services.wazuh_api - INFO - Fetched 2 alerts from Indexer
2026-07-13 07:56:44,149 - app.services.wazuh_api - INFO - Fetched 2 alerts from Indexer
2026-07-13 07:56:44,209 - app.services.wazuh_api - INFO - Found 2 agents
2026-07-13 07:56:45,102 - app.services.wazuh_api - INFO - Fetched 2 alerts from Indexer
2026-07-13 07:56:45,145 - app.services.wazuh_api - INFO - Fetched 2 alerts from Indexer
2026-07-13 07:56:45,204 - app.services.wazuh_api - INFO - Found 2 agents
2026-07-13 07:56:46,095 - app.services.wazuh_api - INFO - Fetched 2 alerts from Indexer
2026-07-13 07:56:46,141 - app.services.wazuh_api - INFO - Fetched 2 alerts from Indexer
2026-07-13 07:56:46,200 - app.services.wazuh_api - INFO - Found 2 agents
2026-07-13 07:56:47,094 - app.services.wazuh_api - INFO - Fetched 2 alerts from Indexer
2026-07-13 07:56:47,139 - app.services.wazuh_api - INFO - Fetched 2 alerts from Indexer
2026-07-13 07:56:47,221 - app.services.wazuh_api - INFO - Found 2 agents
2026-07-13 07:56:48,109 - app.services.wazuh_api - INFO - Fetched 2 alerts from Indexer
2026-07-13 07:56:48,153 - app.services.wazuh_api - INFO - Fetched 2 alerts from Indexer
2026-07-13 07:56:48,211 - app.services.wazuh_api - INFO - Found 2 agents
2026-07-13 07:56:49,109 - app.services.wazuh_api - INFO - Fetched 2 alerts from Indexer
2026-07-13 07:56:49,150 - app.services.wazuh_api - INFO - Fetched 2 alerts from Indexer
2026-07-13 07:56:49,209 - app.services.wazuh_api - INFO - Found 2 agents
2026-07-13 07:56:50,096 - app.services.wazuh_api - INFO - Fetched 2 alerts from Indexer
2026-07-13 07:56:50,143 - app.services.wazuh_api - INFO - Fetched 2 alerts from Indexer
2026-07-13 07:56:50,182 - app.services.wazuh_api - INFO - Found 2 agents
2026-07-13 07:56:51,099 - app.services.wazuh_api - INFO - Fetched 2 alerts from Indexer
2026-07-13 07:56:51,127 - app.services.wazuh_api - INFO - Fetched 2 alerts from Indexer
2026-07-13 07:56:51,189 - app.services.wazuh_api - INFO - Found 2 agents
2026-07-13 07:56:52,095 - app.services.wazuh_api - INFO - Fetched 2 alerts from Indexer
2026-07-13 07:56:52,140 - app.services.wazuh_api - INFO - Fetched 2 alerts from Indexer
2026-07-13 07:56:52,200 - app.services.wazuh_api - INFO - Found 2 agents
2026-07-13 07:56:53,105 - app.services.wazuh_api - INFO - Fetched 2 alerts from Indexer
2026-07-13 07:56:53,148 - app.services.wazuh_api - INFO - Fetched 2 alerts from Indexer
2026-07-13 07:56:53,189 - app.services.wazuh_api - INFO - Found 2 agents
2026-07-13 07:56:54,098 - app.services.wazuh_api - INFO - Fetched 2 alerts from Indexer
2026-07-13 07:56:54,145 - app.services.wazuh_api - INFO - Fetched 2 alerts from Indexer
2026-07-13 07:56:54,207 - app.services.wazuh_api - INFO - Found 2 agents
2026-07-13 07:56:55,096 - app.services.wazuh_api - INFO - Fetched 2 alerts from Indexer
2026-07-13 07:56:55,143 - app.services.wazuh_api - INFO - Fetched 2 alerts from Indexer
2026-07-13 07:56:55,202 - app.services.wazuh_api - INFO - Found 2 agents
2026-07-13 07:56:56,109 - app.services.wazuh_api - INFO - Fetched 2 alerts from Indexer
2026-07-13 07:56:56,156 - app.services.wazuh_api - INFO - Fetched 2 alerts from Indexer
2026-07-13 07:56:56,217 - app.services.wazuh_api - INFO - Found 2 agents
2026-07-13 07:56:57,103 - app.services.wazuh_api - INFO - Fetched 2 alerts from Indexer
2026-07-13 07:56:57,148 - app.services.wazuh_api - INFO - Fetched 2 alerts from Indexer
2026-07-13 07:56:57,185 - app.services.wazuh_api - INFO - Found 2 agents
2026-07-13 07:56:58,100 - app.services.wazuh_api - INFO - Fetched 2 alerts from Indexer
2026-07-13 07:56:58,147 - app.services.wazuh_api - INFO - Fetched 2 alerts from Indexer
2026-07-13 07:56:58,212 - app.services.wazuh_api - INFO - Found 2 agents
2026-07-13 07:56:59,099 - app.services.wazuh_api - INFO - Fetched 2 alerts from Indexer
2026-07-13 07:56:59,173 - app.services.wazuh_api - INFO - Fetched 2 alerts from Indexer
2026-07-13 07:56:59,211 - app.services.wazuh_api - INFO - Found 2 agents
2026-07-13 07:57:00,107 - app.services.wazuh_api - INFO - Fetched 2 alerts from Indexer
2026-07-13 07:57:00,153 - app.services.wazuh_api - INFO - Fetched 2 alerts from Indexer
2026-07-13 07:57:00,211 - app.services.wazuh_api - INFO - Found 2 agents
2026-07-13 07:57:01,111 - app.services.wazuh_api - INFO - Fetched 2 alerts from Indexer
2026-07-13 07:57:01,152 - app.services.wazuh_api - INFO - Fetched 2 alerts from Indexer
2026-07-13 07:57:01,194 - app.services.wazuh_api - INFO - Found 2 agents
2026-07-13 07:57:02,106 - app.services.wazuh_api - INFO - Fetched 2 alerts from Indexer
2026-07-13 07:57:02,149 - app.services.wazuh_api - INFO - Fetched 2 alerts from Indexer
2026-07-13 07:57:02,209 - app.services.wazuh_api - INFO - Found 2 agents
2026-07-13 07:57:03,100 - app.services.wazuh_api - INFO - Fetched 2 alerts from Indexer
2026-07-13 07:57:03,148 - app.services.wazuh_api - INFO - Fetched 2 alerts from Indexer
2026-07-13 07:57:03,206 - app.services.wazuh_api - INFO - Found 2 agents
2026-07-13 07:57:04,099 - app.services.wazuh_api - INFO - Fetched 2 alerts from Indexer
2026-07-13 07:57:04,126 - app.services.wazuh_api - INFO - Fetched 2 alerts from Indexer
2026-07-13 07:57:04,181 - app.services.wazuh_api - INFO - Found 2 agents
2026-07-13 07:57:05,095 - app.services.wazuh_api - INFO - Fetched 2 alerts from Indexer
2026-07-13 07:57:05,140 - app.services.wazuh_api - INFO - Fetched 2 alerts from Indexer
2026-07-13 07:57:05,208 - app.services.wazuh_api - INFO - Found 2 agents
2026-07-13 07:57:06,097 - app.services.wazuh_api - INFO - Fetched 2 alerts from Indexer
2026-07-13 07:57:06,124 - app.services.wazuh_api - INFO - Fetched 2 alerts from Indexer
2026-07-13 07:57:06,167 - app.services.wazuh_api - INFO - Found 2 agents
2026-07-13 07:57:10,767 - app.services.wazuh_api - INFO - Fetched 2 alerts from Indexer
2026-07-13 07:57:10,808 - app.services.wazuh_api - INFO - Fetched 2 alerts from Indexer
2026-07-13 07:57:10,856 - app.services.wazuh_api - ERROR - Failed: 401
2026-07-13 07:57:10,899 - app.services.wazuh_api - INFO - Fetched 2 alerts from Indexer
2026-07-13 07:57:10,945 - app.services.wazuh_api - INFO - Fetched 2 alerts from Indexer
2026-07-13 07:57:10,980 - app.services.wazuh_api - ERROR - Failed: 401
2026-07-13 07:57:11,026 - app.services.wazuh_api - INFO - Fetched 2 alerts from Indexer
2026-07-13 07:57:11,073 - app.services.wazuh_api - INFO - Fetched 2 alerts from Indexer
2026-07-13 07:57:11,098 - app.services.wazuh_api - ERROR - Failed: 401
2026-07-13 07:57:11,138 - app.services.wazuh_api - INFO - Fetched 2 alerts from Indexer
2026-07-13 07:57:11,184 - app.services.wazuh_api - INFO - Fetched 2 alerts from Indexer
2026-07-13 07:57:11,230 - app.services.wazuh_api - ERROR - Failed: 401
2026-07-13 07:57:11,278 - app.services.wazuh_api - INFO - Fetched 2 alerts from Indexer
2026-07-13 07:57:11,308 - app.services.wazuh_api - INFO - Fetched 2 alerts from Indexer
2026-07-13 07:57:11,357 - app.services.wazuh_api - INFO - Fetched 2 alerts from Indexer
2026-07-13 07:57:11,407 - app.services.wazuh_api - ERROR - Failed: 401
2026-07-13 07:57:11,454 - app.services.wazuh_api - INFO - Fetched 2 alerts from Indexer
2026-07-13 07:57:11,504 - app.services.wazuh_api - ERROR - Failed: 401
2026-07-13 07:57:11,533 - app.services.wazuh_api - INFO - Fetched 2 alerts from Indexer
2026-07-13 07:57:11,579 - app.services.wazuh_api - INFO - Fetched 2 alerts from Indexer
2026-07-13 07:57:11,624 - app.services.wazuh_api - INFO - Fetched 2 alerts from Indexer
2026-07-13 07:57:11,671 - app.services.wazuh_api - ERROR - Failed: 401
2026-07-13 07:57:11,715 - app.services.wazuh_api - INFO - Fetched 2 alerts from Indexer
2026-07-13 07:57:11,807 - app.services.wazuh_api - INFO - Fetched 2 alerts from Indexer
2026-07-13 07:57:11,842 - app.services.wazuh_api - ERROR - Failed: 401
2026-07-13 07:57:11,887 - app.services.wazuh_api - INFO - Fetched 2 alerts from Indexer
2026-07-13 07:57:11,937 - app.services.wazuh_api - INFO - Fetched 2 alerts from Indexer
2026-07-13 07:57:11,983 - app.services.wazuh_api - INFO - Fetched 2 alerts from Indexer
2026-07-13 07:57:12,010 - app.services.wazuh_api - ERROR - Failed: 401
2026-07-13 07:57:12,061 - app.services.wazuh_api - INFO - Fetched 2 alerts from Indexer
2026-07-13 07:57:12,107 - app.services.wazuh_api - INFO - Fetched 2 alerts from Indexer
2026-07-13 07:57:12,159 - app.services.wazuh_api - ERROR - Failed: 401
2026-07-13 07:57:12,166 - app.main - INFO - Client connected
2026-07-13 07:57:12,219 - app.services.wazuh_api - INFO - Fetched 2 alerts from Indexer
2026-07-13 07:57:22,008 - app.services.wazuh_api - INFO - Fetched 3 alerts from Indexer
2026-07-13 07:57:22,058 - app.services.wazuh_api - INFO - Fetched 3 alerts from Indexer
2026-07-13 07:57:22,089 - app.services.wazuh_api - ERROR - Failed: 401
2026-07-13 07:57:32,099 - app.services.wazuh_api - INFO - Fetched 3 alerts from Indexer
2026-07-13 07:57:32,143 - app.services.wazuh_api - INFO - Fetched 3 alerts from Indexer
2026-07-13 07:57:32,192 - app.services.wazuh_api - ERROR - Failed: 401
2026-07-13 07:57:42,095 - app.services.wazuh_api - INFO - Fetched 3 alerts from Indexer
2026-07-13 07:57:42,144 - app.services.wazuh_api - INFO - Fetched 3 alerts from Indexer
2026-07-13 07:57:42,187 - app.services.wazuh_api - ERROR - Failed: 401
2026-07-13 07:57:52,106 - app.services.wazuh_api - INFO - Fetched 3 alerts from Indexer
2026-07-13 07:57:52,185 - app.services.wazuh_api - INFO - Fetched 3 alerts from Indexer
2026-07-13 07:57:52,227 - app.services.wazuh_api - ERROR - Failed: 401
2026-07-13 07:58:02,095 - app.services.wazuh_api - INFO - Fetched 3 alerts from Indexer
2026-07-13 07:58:02,140 - app.services.wazuh_api - INFO - Fetched 3 alerts from Indexer
2026-07-13 07:58:02,186 - app.services.wazuh_api - ERROR - Failed: 401
2026-07-13 07:58:12,106 - app.services.wazuh_api - INFO - Fetched 3 alerts from Indexer
2026-07-13 07:58:12,152 - app.services.wazuh_api - INFO - Fetched 3 alerts from Indexer
2026-07-13 07:58:12,186 - app.services.wazuh_api - ERROR - Failed: 401
2026-07-13 07:58:22,093 - app.services.wazuh_api - INFO - Fetched 3 alerts from Indexer
2026-07-13 07:58:22,182 - app.services.wazuh_api - INFO - Fetched 3 alerts from Indexer
2026-07-13 07:58:22,230 - app.services.wazuh_api - ERROR - Failed: 401
2026-07-13 07:58:45,100 - app.services.wazuh_api - INFO - Fetched 3 alerts from Indexer
2026-07-13 07:58:45,145 - app.services.wazuh_api - INFO - Fetched 3 alerts from Indexer
2026-07-13 07:58:45,194 - app.services.wazuh_api - ERROR - Failed: 401
2026-07-13 07:59:45,457 - app.services.wazuh_api - INFO - Fetched 4 alerts from Indexer
2026-07-13 07:59:45,504 - app.services.wazuh_api - INFO - Fetched 4 alerts from Indexer
2026-07-13 07:59:45,528 - app.services.wazuh_api - ERROR - Failed: 401
2026-07-13 08:00:35,280 - app.services.wazuh_api - INFO - Fetched 22 alerts from Indexer
2026-07-13 08:00:35,330 - app.services.wazuh_api - ERROR - Failed: 401
2026-07-13 08:00:35,376 - app.services.wazuh_api - INFO - Fetched 20 alerts from Indexer
2026-07-13 08:00:42,009 - app.services.wazuh_api - INFO - Fetched 20 alerts from Indexer
2026-07-13 08:00:42,084 - app.services.wazuh_api - INFO - Fetched 22 alerts from Indexer
2026-07-13 08:00:42,110 - app.services.wazuh_api - ERROR - Failed: 401
2026-07-13 08:00:52,109 - app.services.wazuh_api - INFO - Fetched 20 alerts from Indexer
2026-07-13 08:00:52,154 - app.services.wazuh_api - INFO - Fetched 22 alerts from Indexer
2026-07-13 08:00:52,203 - app.services.wazuh_api - ERROR - Failed: 401
2026-07-13 08:01:02,096 - app.services.wazuh_api - INFO - Fetched 20 alerts from Indexer
2026-07-13 08:01:02,141 - app.services.wazuh_api - INFO - Fetched 22 alerts from Indexer
2026-07-13 08:01:02,186 - app.services.wazuh_api - ERROR - Failed: 401
2026-07-13 08:01:12,106 - app.services.wazuh_api - ERROR - Failed: 404
2026-07-13 08:01:12,198 - app.services.wazuh_api - ERROR - Failed: 404
2026-07-13 08:01:12,249 - app.services.wazuh_api - ERROR - Failed: 401
2026-07-13 08:01:25,901 - app.models.detector - WARNING - Joblib failed, trying pickle: No module named 'numpy._core'
2026-07-13 08:01:25,913 - __main__ - INFO - Starting EDR Dashboard on 0.0.0.0:5000
2026-07-13 08:01:25,913 - __main__ - INFO - Wazuh API: localhost:55000
2026-07-13 08:01:25,913 - __main__ - INFO - Model: D:\EDR-Project\dashboard\models_data\knn.pkl
2026-07-13 08:01:25,916 - werkzeug - INFO -  * Restarting with stat
2026-07-13 08:01:28,709 - app.models.detector - WARNING - Joblib failed, trying pickle: No module named 'numpy._core'
2026-07-13 08:01:28,720 - __main__ - INFO - Starting EDR Dashboard on 0.0.0.0:5000
2026-07-13 08:01:28,720 - __main__ - INFO - Wazuh API: localhost:55000
2026-07-13 08:01:28,720 - __main__ - INFO - Model: D:\EDR-Project\dashboard\models_data\knn.pkl
2026-07-13 08:01:28,724 - werkzeug - WARNING -  * Debugger is active!
2026-07-13 08:01:28,727 - werkzeug - INFO -  * Debugger PIN: 243-289-687
2026-07-13 08:01:31,640 - app.main - INFO - Client connected
2026-07-13 08:01:31,923 - app.services.wazuh_api - INFO - Fetched 2 alerts from Indexer
2026-07-13 08:01:32,145 - app.services.wazuh_api - INFO - Connected to Wazuh API
2026-07-13 08:01:32,224 - app.services.wazuh_api - INFO - Found 2 agents
2026-07-13 08:01:32,228 - app.main - INFO - Client connected
2026-07-13 08:01:32,261 - app.services.wazuh_api - INFO - Fetched 2 alerts from Indexer
2026-07-13 08:01:41,690 - app.services.wazuh_api - ERROR - Failed: 400
2026-07-13 08:01:41,735 - app.services.wazuh_api - ERROR - Failed: 400
2026-07-13 08:01:41,784 - app.services.wazuh_api - INFO - Found 2 agents
2026-07-13 08:01:51,697 - app.services.wazuh_api - INFO - Fetched 1 alerts from Indexer
2026-07-13 08:01:51,741 - app.services.wazuh_api - INFO - Fetched 1 alerts from Indexer
2026-07-13 08:01:51,790 - app.services.wazuh_api - INFO - Found 2 agents
2026-07-13 08:02:02,100 - app.services.wazuh_api - INFO - Fetched 1 alerts from Indexer
2026-07-13 08:02:02,146 - app.services.wazuh_api - INFO - Fetched 1 alerts from Indexer
2026-07-13 08:02:02,181 - app.services.wazuh_api - INFO - Found 2 agents
2026-07-13 08:02:12,096 - app.services.wazuh_api - INFO - Fetched 1 alerts from Indexer
2026-07-13 08:02:12,141 - app.services.wazuh_api - INFO - Fetched 1 alerts from Indexer
2026-07-13 08:02:12,188 - app.services.wazuh_api - INFO - Found 2 agents
2026-07-13 08:02:22,099 - app.services.wazuh_api - INFO - Fetched 1 alerts from Indexer
2026-07-13 08:02:22,142 - app.services.wazuh_api - INFO - Fetched 1 alerts from Indexer
2026-07-13 08:02:22,205 - app.services.wazuh_api - INFO - Found 2 agents
2026-07-13 08:02:32,091 - app.services.wazuh_api - INFO - Fetched 1 alerts from Indexer
2026-07-13 08:02:32,133 - app.services.wazuh_api - INFO - Fetched 1 alerts from Indexer
2026-07-13 08:02:32,192 - app.services.wazuh_api - INFO - Found 2 agents
2026-07-13 08:02:42,091 - app.services.wazuh_api - INFO - Fetched 1 alerts from Indexer
2026-07-13 08:02:42,181 - app.services.wazuh_api - INFO - Fetched 1 alerts from Indexer
2026-07-13 08:02:42,219 - app.services.wazuh_api - INFO - Found 2 agents
2026-07-13 08:02:52,088 - app.services.wazuh_api - INFO - Fetched 1 alerts from Indexer
2026-07-13 08:02:52,132 - app.services.wazuh_api - INFO - Fetched 1 alerts from Indexer
2026-07-13 08:02:52,191 - app.services.wazuh_api - INFO - Found 2 agents
2026-07-13 08:03:45,107 - app.services.wazuh_api - INFO - Fetched 1 alerts from Indexer
2026-07-13 08:03:45,421 - app.services.wazuh_api - INFO - Fetched 1 alerts from Indexer
2026-07-13 08:03:45,462 - app.services.wazuh_api - INFO - Found 2 agents
2026-07-13 08:04:45,105 - app.services.wazuh_api - INFO - Fetched 1 alerts from Indexer
2026-07-13 08:04:45,153 - app.services.wazuh_api - INFO - Fetched 1 alerts from Indexer
2026-07-13 08:04:45,210 - app.services.wazuh_api - INFO - Found 2 agents
2026-07-13 08:05:45,103 - app.services.wazuh_api - INFO - Fetched 1 alerts from Indexer
2026-07-13 08:05:45,148 - app.services.wazuh_api - INFO - Fetched 1 alerts from Indexer
2026-07-13 08:05:45,211 - app.services.wazuh_api - INFO - Found 2 agents
2026-07-13 08:06:45,108 - app.services.wazuh_api - INFO - Fetched 1 alerts from Indexer
2026-07-13 08:06:45,151 - app.services.wazuh_api - INFO - Fetched 1 alerts from Indexer
2026-07-13 08:06:45,217 - app.services.wazuh_api - INFO - Found 2 agents
2026-07-13 08:07:45,100 - app.services.wazuh_api - INFO - Fetched 1 alerts from Indexer
2026-07-13 08:07:45,145 - app.services.wazuh_api - INFO - Fetched 1 alerts from Indexer
2026-07-13 08:07:45,212 - app.services.wazuh_api - INFO - Found 2 agents
2026-07-13 08:08:45,098 - app.services.wazuh_api - INFO - Fetched 1 alerts from Indexer
2026-07-13 08:08:45,144 - app.services.wazuh_api - INFO - Fetched 1 alerts from Indexer
2026-07-13 08:08:45,205 - app.services.wazuh_api - INFO - Found 2 agents
2026-07-13 08:09:45,109 - app.services.wazuh_api - INFO - Fetched 1 alerts from Indexer
2026-07-13 08:09:45,154 - app.services.wazuh_api - INFO - Fetched 1 alerts from Indexer
2026-07-13 08:09:45,234 - app.services.wazuh_api - INFO - Found 2 agents
2026-07-13 08:10:45,107 - app.services.wazuh_api - INFO - Fetched 1 alerts from Indexer
2026-07-13 08:10:45,152 - app.services.wazuh_api - INFO - Fetched 1 alerts from Indexer
2026-07-13 08:10:45,213 - app.services.wazuh_api - INFO - Found 2 agents
2026-07-13 08:11:45,103 - app.services.wazuh_api - INFO - Fetched 1 alerts from Indexer
2026-07-13 08:11:45,129 - app.services.wazuh_api - INFO - Fetched 1 alerts from Indexer
2026-07-13 08:11:45,181 - app.services.wazuh_api - INFO - Found 2 agents
2026-07-13 08:13:14,606 - app.services.wazuh_api - INFO - Fetched 2 alerts from Indexer
2026-07-13 08:13:14,650 - app.services.wazuh_api - INFO - Fetched 2 alerts from Indexer
2026-07-13 08:13:14,712 - app.services.wazuh_api - INFO - Found 2 agents
2026-07-13 08:13:39,100 - app.services.wazuh_api - INFO - Fetched 4 alerts from Indexer
2026-07-13 08:13:39,149 - app.services.wazuh_api - INFO - Fetched 4 alerts from Indexer
2026-07-13 08:13:39,209 - app.services.wazuh_api - INFO - Found 2 agents
2026-07-13 08:13:41,191 - app.services.wazuh_api - INFO - Fetched 4 alerts from Indexer
2026-07-13 08:13:41,237 - app.services.wazuh_api - INFO - Fetched 4 alerts from Indexer
2026-07-13 08:13:41,302 - app.services.wazuh_api - INFO - Found 2 agents
2026-07-13 08:13:51,201 - app.services.wazuh_api - INFO - Fetched 5 alerts from Indexer
2026-07-13 08:13:51,247 - app.services.wazuh_api - INFO - Fetched 5 alerts from Indexer
2026-07-13 08:13:51,309 - app.services.wazuh_api - INFO - Found 2 agents
2026-07-13 08:14:01,197 - app.services.wazuh_api - INFO - Fetched 5 alerts from Indexer
2026-07-13 08:14:01,243 - app.services.wazuh_api - INFO - Fetched 5 alerts from Indexer
2026-07-13 08:14:01,304 - app.services.wazuh_api - INFO - Found 2 agents
2026-07-13 08:14:11,195 - app.services.wazuh_api - INFO - Fetched 5 alerts from Indexer
2026-07-13 08:14:11,286 - app.services.wazuh_api - INFO - Fetched 5 alerts from Indexer
2026-07-13 08:14:11,348 - app.services.wazuh_api - INFO - Found 2 agents
2026-07-13 08:14:19,416 - app.services.wazuh_api - ERROR - Failed: 400
2026-07-13 08:14:19,467 - app.services.wazuh_api - INFO - Found 2 agents
2026-07-13 08:14:19,471 - app.main - INFO - Client connected
2026-07-13 08:14:19,502 - app.services.wazuh_api - ERROR - Failed: 400
2026-07-13 08:14:29,600 - app.services.wazuh_api - ERROR - Failed: 400
2026-07-13 08:14:29,647 - app.services.wazuh_api - ERROR - Failed: 400
2026-07-13 08:14:29,708 - app.services.wazuh_api - INFO - Found 2 agents
2026-07-13 08:14:39,607 - app.services.wazuh_api - ERROR - Failed: 400
2026-07-13 08:14:39,653 - app.services.wazuh_api - ERROR - Failed: 400
2026-07-13 08:14:39,719 - app.services.wazuh_api - INFO - Found 2 agents
2026-07-13 08:14:49,418 - app.services.wazuh_api - INFO - Fetched 0 alerts from Indexer
2026-07-13 08:14:49,445 - app.services.wazuh_api - INFO - Fetched 0 alerts from Indexer
2026-07-13 08:14:49,494 - app.services.wazuh_api - INFO - Found 2 agents
2026-07-13 08:14:59,599 - app.services.wazuh_api - INFO - Fetched 1 alerts from Indexer
2026-07-13 08:14:59,644 - app.services.wazuh_api - INFO - Fetched 1 alerts from Indexer
2026-07-13 08:14:59,703 - app.services.wazuh_api - INFO - Found 2 agents
2026-07-13 08:15:09,609 - app.services.wazuh_api - INFO - Fetched 1 alerts from Indexer
2026-07-13 08:15:09,652 - app.services.wazuh_api - INFO - Fetched 1 alerts from Indexer
2026-07-13 08:15:09,690 - app.services.wazuh_api - INFO - Found 2 agents
2026-07-13 08:15:19,598 - app.services.wazuh_api - INFO - Fetched 1 alerts from Indexer
2026-07-13 08:15:19,642 - app.services.wazuh_api - INFO - Fetched 1 alerts from Indexer
2026-07-13 08:15:19,703 - app.services.wazuh_api - INFO - Found 2 agents
2026-07-13 08:15:29,438 - app.services.wazuh_api - INFO - Fetched 3 alerts from Indexer
2026-07-13 08:15:29,465 - app.services.wazuh_api - INFO - Fetched 3 alerts from Indexer
2026-07-13 08:15:29,502 - app.services.wazuh_api - INFO - Found 2 agents
2026-07-13 08:15:39,615 - app.services.wazuh_api - INFO - Fetched 3 alerts from Indexer
2026-07-13 08:15:39,658 - app.services.wazuh_api - INFO - Fetched 3 alerts from Indexer
2026-07-13 08:15:39,718 - app.services.wazuh_api - INFO - Found 2 agents
2026-07-13 08:15:49,434 - app.services.wazuh_api - INFO - Fetched 4 alerts from Indexer
2026-07-13 08:15:49,479 - app.services.wazuh_api - INFO - Fetched 4 alerts from Indexer
2026-07-13 08:15:49,539 - app.services.wazuh_api - INFO - Found 2 agents
2026-07-13 08:15:59,437 - app.services.wazuh_api - INFO - Fetched 4 alerts from Indexer
2026-07-13 08:15:59,483 - app.services.wazuh_api - INFO - Fetched 4 alerts from Indexer
2026-07-13 08:15:59,543 - app.services.wazuh_api - INFO - Found 2 agents
2026-07-13 08:16:09,423 - app.services.wazuh_api - INFO - Fetched 4 alerts from Indexer
2026-07-13 08:16:09,511 - app.services.wazuh_api - INFO - Fetched 4 alerts from Indexer
2026-07-13 08:16:09,563 - app.services.wazuh_api - INFO - Found 2 agents
2026-07-13 08:16:19,419 - app.services.wazuh_api - INFO - Fetched 4 alerts from Indexer
2026-07-13 08:16:19,463 - app.services.wazuh_api - INFO - Fetched 4 alerts from Indexer
2026-07-13 08:16:19,526 - app.services.wazuh_api - INFO - Found 2 agents
2026-07-13 08:16:29,436 - app.services.wazuh_api - INFO - Fetched 4 alerts from Indexer
2026-07-13 08:16:29,481 - app.services.wazuh_api - INFO - Fetched 4 alerts from Indexer
2026-07-13 08:16:29,540 - app.services.wazuh_api - INFO - Found 2 agents
2026-07-13 08:16:39,598 - app.services.wazuh_api - INFO - Fetched 4 alerts from Indexer
2026-07-13 08:16:39,644 - app.services.wazuh_api - INFO - Fetched 4 alerts from Indexer
2026-07-13 08:16:39,705 - app.services.wazuh_api - INFO - Found 2 agents
2026-07-13 08:16:49,424 - app.services.wazuh_api - INFO - Fetched 4 alerts from Indexer
2026-07-13 08:16:49,468 - app.services.wazuh_api - INFO - Fetched 4 alerts from Indexer
2026-07-13 08:16:49,528 - app.services.wazuh_api - INFO - Found 2 agents
2026-07-13 08:16:59,423 - app.services.wazuh_api - INFO - Fetched 4 alerts from Indexer
2026-07-13 08:16:59,468 - app.services.wazuh_api - INFO - Fetched 4 alerts from Indexer
2026-07-13 08:16:59,531 - app.services.wazuh_api - INFO - Found 2 agents
2026-07-13 08:17:09,598 - app.services.wazuh_api - INFO - Fetched 4 alerts from Indexer
2026-07-13 08:17:09,694 - app.services.wazuh_api - INFO - Fetched 4 alerts from Indexer
2026-07-13 08:17:09,744 - app.services.wazuh_api - ERROR - Failed: 401
2026-07-13 08:17:19,599 - app.services.wazuh_api - INFO - Fetched 4 alerts from Indexer
2026-07-13 08:17:19,624 - app.services.wazuh_api - INFO - Fetched 4 alerts from Indexer
2026-07-13 08:17:19,670 - app.services.wazuh_api - ERROR - Failed: 401
2026-07-13 08:17:29,599 - app.services.wazuh_api - INFO - Fetched 4 alerts from Indexer
2026-07-13 08:17:29,646 - app.services.wazuh_api - INFO - Fetched 4 alerts from Indexer
2026-07-13 08:17:29,672 - app.services.wazuh_api - ERROR - Failed: 401
2026-07-13 08:17:39,609 - app.services.wazuh_api - INFO - Fetched 4 alerts from Indexer
2026-07-13 08:17:39,633 - app.services.wazuh_api - INFO - Fetched 4 alerts from Indexer
2026-07-13 08:17:39,657 - app.services.wazuh_api - ERROR - Failed: 401
2026-07-13 08:17:49,601 - app.services.wazuh_api - INFO - Fetched 4 alerts from Indexer
2026-07-13 08:17:49,626 - app.services.wazuh_api - INFO - Fetched 4 alerts from Indexer
2026-07-13 08:17:49,665 - app.services.wazuh_api - ERROR - Failed: 401
2026-07-13 08:17:59,603 - app.services.wazuh_api - INFO - Fetched 4 alerts from Indexer
2026-07-13 08:17:59,649 - app.services.wazuh_api - INFO - Fetched 4 alerts from Indexer
2026-07-13 08:17:59,676 - app.services.wazuh_api - ERROR - Failed: 401
2026-07-13 08:18:10,125 - app.services.wazuh_api - INFO - Fetched 4 alerts from Indexer
2026-07-13 08:18:10,167 - app.services.wazuh_api - INFO - Fetched 4 alerts from Indexer
2026-07-13 08:18:10,213 - app.services.wazuh_api - ERROR - Failed: 401
2026-07-13 08:18:19,642 - app.services.wazuh_api - INFO - Fetched 4 alerts from Indexer
2026-07-13 08:18:19,668 - app.services.wazuh_api - INFO - Fetched 4 alerts from Indexer
2026-07-13 08:18:19,692 - app.services.wazuh_api - ERROR - Failed: 401
2026-07-13 08:18:29,641 - app.services.wazuh_api - INFO - Fetched 4 alerts from Indexer
2026-07-13 08:18:29,711 - app.services.wazuh_api - INFO - Fetched 4 alerts from Indexer
2026-07-13 08:18:29,742 - app.services.wazuh_api - ERROR - Failed: 401
2026-07-13 08:18:39,434 - app.services.wazuh_api - INFO - Fetched 6 alerts from Indexer
2026-07-13 08:18:39,480 - app.services.wazuh_api - INFO - Fetched 6 alerts from Indexer
2026-07-13 08:18:39,532 - app.services.wazuh_api - ERROR - Failed: 401
2026-07-13 08:18:49,611 - app.services.wazuh_api - INFO - Fetched 6 alerts from Indexer
2026-07-13 08:18:49,657 - app.services.wazuh_api - INFO - Fetched 6 alerts from Indexer
2026-07-13 08:18:49,682 - app.services.wazuh_api - ERROR - Failed: 401
2026-07-13 08:18:59,595 - app.services.wazuh_api - INFO - Fetched 6 alerts from Indexer
2026-07-13 08:18:59,641 - app.services.wazuh_api - INFO - Fetched 6 alerts from Indexer
2026-07-13 08:18:59,664 - app.services.wazuh_api - ERROR - Failed: 401
2026-07-13 08:19:09,599 - app.services.wazuh_api - INFO - Fetched 6 alerts from Indexer
2026-07-13 08:19:09,643 - app.services.wazuh_api - INFO - Fetched 6 alerts from Indexer
2026-07-13 08:19:09,690 - app.services.wazuh_api - ERROR - Failed: 401
2026-07-13 08:19:19,584 - app.services.wazuh_api - INFO - Fetched 6 alerts from Indexer
2026-07-13 08:19:19,639 - app.services.wazuh_api - ERROR - Failed: 401
2026-07-13 08:19:19,708 - app.services.wazuh_api - INFO - Fetched 6 alerts from Indexer
2026-07-13 08:19:19,711 - app.main - INFO - Client connected
2026-07-13 08:19:19,742 - app.services.wazuh_api - INFO - Fetched 6 alerts from Indexer
2026-07-13 08:19:19,791 - app.services.wazuh_api - ERROR - Failed: 401
2026-07-13 08:19:19,819 - app.services.wazuh_api - INFO - Fetched 6 alerts from Indexer
2026-07-13 08:19:20,579 - app.services.wazuh_api - INFO - Fetched 6 alerts from Indexer
2026-07-13 08:19:20,626 - app.services.wazuh_api - INFO - Fetched 6 alerts from Indexer
2026-07-13 08:19:20,672 - app.services.wazuh_api - ERROR - Failed: 401
2026-07-13 08:19:29,595 - app.services.wazuh_api - INFO - Fetched 6 alerts from Indexer
2026-07-13 08:19:29,667 - app.services.wazuh_api - INFO - Fetched 6 alerts from Indexer
2026-07-13 08:19:29,717 - app.services.wazuh_api - ERROR - Failed: 401
2026-07-13 08:19:39,613 - app.services.wazuh_api - INFO - Fetched 6 alerts from Indexer
2026-07-13 08:19:39,657 - app.services.wazuh_api - INFO - Fetched 6 alerts from Indexer
2026-07-13 08:19:39,684 - app.services.wazuh_api - ERROR - Failed: 401
2026-07-13 08:20:11,193 - app.services.wazuh_api - INFO - Fetched 9 alerts from Indexer
2026-07-13 08:20:11,233 - app.services.wazuh_api - INFO - Fetched 9 alerts from Indexer
2026-07-13 08:20:11,258 - app.services.wazuh_api - ERROR - Failed: 401
2026-07-13 08:20:19,599 - app.services.wazuh_api - INFO - Fetched 9 alerts from Indexer
2026-07-13 08:20:19,644 - app.services.wazuh_api - INFO - Fetched 9 alerts from Indexer
2026-07-13 08:20:19,667 - app.services.wazuh_api - ERROR - Failed: 401
2026-07-13 08:20:29,598 - app.services.wazuh_api - INFO - Fetched 9 alerts from Indexer
2026-07-13 08:20:29,644 - app.services.wazuh_api - INFO - Fetched 9 alerts from Indexer
2026-07-13 08:20:29,677 - app.services.wazuh_api - ERROR - Failed: 401
2026-07-13 08:20:39,599 - app.services.wazuh_api - INFO - Fetched 9 alerts from Indexer
2026-07-13 08:20:39,665 - app.services.wazuh_api - INFO - Fetched 9 alerts from Indexer
2026-07-13 08:20:39,707 - app.services.wazuh_api - ERROR - Failed: 401
2026-07-13 08:20:49,608 - app.services.wazuh_api - INFO - Fetched 9 alerts from Indexer
2026-07-13 08:20:49,682 - app.services.wazuh_api - INFO - Fetched 9 alerts from Indexer
2026-07-13 08:20:49,734 - app.services.wazuh_api - ERROR - Failed: 401
2026-07-13 08:20:59,599 - app.services.wazuh_api - INFO - Fetched 9 alerts from Indexer
2026-07-13 08:20:59,650 - app.services.wazuh_api - INFO - Fetched 9 alerts from Indexer
2026-07-13 08:20:59,703 - app.services.wazuh_api - ERROR - Failed: 401
2026-07-13 08:21:09,607 - app.services.wazuh_api - INFO - Fetched 9 alerts from Indexer
2026-07-13 08:21:09,657 - app.services.wazuh_api - INFO - Fetched 9 alerts from Indexer
2026-07-13 08:21:09,702 - app.services.wazuh_api - ERROR - Failed: 401
2026-07-13 08:22:10,597 - app.services.wazuh_api - INFO - Fetched 9 alerts from Indexer
2026-07-13 08:22:10,641 - app.services.wazuh_api - INFO - Fetched 9 alerts from Indexer
2026-07-13 08:22:10,688 - app.services.wazuh_api - ERROR - Failed: 401
2026-07-13 08:22:43,490 - app.services.wazuh_api - INFO - Fetched 10 alerts from Indexer
2026-07-13 08:22:43,530 - app.services.wazuh_api - INFO - Fetched 10 alerts from Indexer
2026-07-13 08:22:43,552 - app.services.wazuh_api - ERROR - Failed: 401
2026-07-13 08:22:49,425 - app.services.wazuh_api - INFO - Fetched 10 alerts from Indexer
2026-07-13 08:22:49,470 - app.services.wazuh_api - INFO - Fetched 10 alerts from Indexer
2026-07-13 08:22:49,518 - app.services.wazuh_api - ERROR - Failed: 401
2026-07-13 08:22:59,600 - app.services.wazuh_api - INFO - Fetched 10 alerts from Indexer
2026-07-13 08:22:59,645 - app.services.wazuh_api - INFO - Fetched 10 alerts from Indexer
2026-07-13 08:22:59,691 - app.services.wazuh_api - ERROR - Failed: 401
2026-07-13 08:23:09,601 - app.services.wazuh_api - INFO - Fetched 10 alerts from Indexer
2026-07-13 08:23:09,630 - app.services.wazuh_api - INFO - Fetched 10 alerts from Indexer
2026-07-13 08:23:09,685 - app.services.wazuh_api - ERROR - Failed: 401
2026-07-13 08:23:19,603 - app.services.wazuh_api - INFO - Fetched 10 alerts from Indexer
2026-07-13 08:23:19,652 - app.services.wazuh_api - INFO - Fetched 10 alerts from Indexer
2026-07-13 08:23:19,698 - app.services.wazuh_api - ERROR - Failed: 401
2026-07-13 08:23:29,599 - app.services.wazuh_api - INFO - Fetched 10 alerts from Indexer
2026-07-13 08:23:29,646 - app.services.wazuh_api - INFO - Fetched 10 alerts from Indexer
2026-07-13 08:23:29,692 - app.services.wazuh_api - ERROR - Failed: 401
2026-07-13 08:23:39,611 - app.services.wazuh_api - INFO - Fetched 10 alerts from Indexer
2026-07-13 08:23:39,641 - app.services.wazuh_api - INFO - Fetched 10 alerts from Indexer
2026-07-13 08:23:39,667 - app.services.wazuh_api - ERROR - Failed: 401
2026-07-13 08:23:49,605 - app.services.wazuh_api - INFO - Fetched 10 alerts from Indexer
2026-07-13 08:23:49,651 - app.services.wazuh_api - INFO - Fetched 10 alerts from Indexer
2026-07-13 08:23:49,698 - app.services.wazuh_api - ERROR - Failed: 401
2026-07-13 08:23:59,603 - app.services.wazuh_api - INFO - Fetched 10 alerts from Indexer
2026-07-13 08:23:59,652 - app.services.wazuh_api - INFO - Fetched 10 alerts from Indexer
2026-07-13 08:23:59,676 - app.services.wazuh_api - ERROR - Failed: 401
2026-07-13 08:24:14,598 - app.services.wazuh_api - INFO - Fetched 10 alerts from Indexer
2026-07-13 08:24:14,645 - app.services.wazuh_api - INFO - Fetched 10 alerts from Indexer
2026-07-13 08:24:14,691 - app.services.wazuh_api - ERROR - Failed: 401
2026-07-13 08:25:14,602 - app.services.wazuh_api - INFO - Fetched 10 alerts from Indexer
2026-07-13 08:25:14,632 - app.services.wazuh_api - INFO - Fetched 10 alerts from Indexer
2026-07-13 08:25:14,657 - app.services.wazuh_api - ERROR - Failed: 401
2026-07-13 08:25:58,896 - werkzeug - INFO -  * Detected change in 'D:\\EDR-Project\\dashboard\\app\\main.py', reloading
2026-07-13 08:25:59,173 - werkzeug - INFO -  * Restarting with stat
2026-07-13 08:26:02,060 - app.models.detector - WARNING - Joblib failed, trying pickle: No module named 'numpy._core'
2026-07-13 08:26:02,072 - __main__ - INFO - Starting EDR Dashboard on 0.0.0.0:5000
2026-07-13 08:26:02,073 - __main__ - INFO - Wazuh API: localhost:55000
2026-07-13 08:26:02,073 - __main__ - INFO - Model: D:\EDR-Project\dashboard\models_data\knn.pkl
2026-07-13 08:26:02,076 - werkzeug - WARNING -  * Debugger is active!
2026-07-13 08:26:02,080 - werkzeug - INFO -  * Debugger PIN: 243-289-687
2026-07-13 08:26:02,412 - app.main - INFO - Client connected
2026-07-13 08:26:02,449 - app.services.wazuh_api - INFO - Fetched 10 alerts from Indexer
2026-07-13 08:26:14,612 - app.services.wazuh_api - INFO - Fetched 11 alerts from Indexer
2026-07-13 08:26:14,642 - app.services.wazuh_api - INFO - Fetched 11 alerts from Indexer
2026-07-13 08:26:14,901 - app.services.wazuh_api - INFO - Connected to Wazuh API
2026-07-13 08:26:14,989 - app.services.wazuh_api - INFO - Found 2 agents
2026-07-13 08:26:32,147 - werkzeug - INFO -  * Detected change in 'D:\\EDR-Project\\dashboard\\app\\main.py', reloading
2026-07-13 08:26:32,406 - werkzeug - INFO -  * Restarting with stat
2026-07-13 08:26:35,447 - app.models.detector - WARNING - Joblib failed, trying pickle: No module named 'numpy._core'
2026-07-13 08:26:35,459 - __main__ - INFO - Starting EDR Dashboard on 0.0.0.0:5000
2026-07-13 08:26:35,459 - __main__ - INFO - Wazuh API: localhost:55000
2026-07-13 08:26:35,460 - __main__ - INFO - Model: D:\EDR-Project\dashboard\models_data\knn.pkl
2026-07-13 08:26:35,463 - werkzeug - WARNING -  * Debugger is active!
2026-07-13 08:26:35,467 - werkzeug - INFO -  * Debugger PIN: 243-289-687
2026-07-13 08:26:35,687 - app.main - INFO - Client connected
2026-07-13 08:26:35,725 - app.services.wazuh_api - INFO - Fetched 12 alerts from Indexer
2026-07-13 08:26:43,357 - werkzeug - INFO -  * Detected change in 'D:\\EDR-Project\\dashboard\\app\\main.py', reloading
2026-07-13 08:26:43,599 - werkzeug - INFO -  * Restarting with stat
2026-07-13 08:26:46,391 - app.models.detector - WARNING - Joblib failed, trying pickle: No module named 'numpy._core'
2026-07-13 08:26:46,403 - __main__ - INFO - Starting EDR Dashboard on 0.0.0.0:5000
2026-07-13 08:26:46,404 - __main__ - INFO - Wazuh API: localhost:55000
2026-07-13 08:26:46,404 - __main__ - INFO - Model: D:\EDR-Project\dashboard\models_data\knn.pkl
2026-07-13 08:26:46,407 - werkzeug - WARNING -  * Debugger is active!
2026-07-13 08:26:46,411 - werkzeug - INFO -  * Debugger PIN: 243-289-687
2026-07-13 08:26:46,657 - app.main - INFO - Client connected
2026-07-13 08:26:46,700 - app.services.wazuh_api - INFO - Fetched 13 alerts from Indexer
2026-07-13 08:26:58,774 - werkzeug - INFO -  * Detected change in 'D:\\EDR-Project\\dashboard\\app\\main.py', reloading
2026-07-13 08:26:59,015 - werkzeug - INFO -  * Restarting with stat
2026-07-13 08:27:01,911 - app.models.detector - WARNING - Joblib failed, trying pickle: No module named 'numpy._core'
2026-07-13 08:27:01,923 - __main__ - INFO - Starting EDR Dashboard on 0.0.0.0:5000
2026-07-13 08:27:01,923 - __main__ - INFO - Wazuh API: localhost:55000
2026-07-13 08:27:01,924 - __main__ - INFO - Model: D:\EDR-Project\dashboard\models_data\knn.pkl
2026-07-13 08:27:01,927 - werkzeug - WARNING -  * Debugger is active!
2026-07-13 08:27:01,931 - werkzeug - INFO -  * Debugger PIN: 243-289-687
2026-07-13 08:27:02,164 - app.services.wazuh_api - INFO - Fetched 14 alerts from Indexer
2026-07-13 08:27:02,442 - app.services.wazuh_api - INFO - Connected to Wazuh API
2026-07-13 08:27:02,528 - app.services.wazuh_api - INFO - Found 2 agents
2026-07-13 08:27:02,534 - app.main - INFO - Client connected
2026-07-13 08:27:02,590 - app.services.wazuh_api - INFO - Fetched 14 alerts from Indexer
2026-07-13 08:27:02,621 - app.services.wazuh_api - INFO - Fetched 14 alerts from Indexer
2026-07-13 08:27:09,601 - app.services.wazuh_api - INFO - Fetched 14 alerts from Indexer
2026-07-13 08:27:09,647 - app.services.wazuh_api - INFO - Fetched 14 alerts from Indexer
2026-07-13 08:27:09,708 - app.services.wazuh_api - INFO - Found 2 agents
2026-07-13 08:27:19,611 - app.services.wazuh_api - INFO - Fetched 15 alerts from Indexer
2026-07-13 08:27:19,656 - app.services.wazuh_api - INFO - Fetched 15 alerts from Indexer
2026-07-13 08:27:19,715 - app.services.wazuh_api - INFO - Found 2 agents
2026-07-13 08:27:29,590 - app.services.wazuh_api - INFO - Fetched 15 alerts from Indexer
2026-07-13 08:27:29,649 - app.services.wazuh_api - INFO - Fetched 15 alerts from Indexer
2026-07-13 08:27:29,730 - app.services.wazuh_api - INFO - Found 2 agents
2026-07-13 08:27:39,598 - app.services.wazuh_api - INFO - Fetched 15 alerts from Indexer
2026-07-13 08:27:39,639 - app.services.wazuh_api - INFO - Fetched 15 alerts from Indexer
2026-07-13 08:27:39,703 - app.services.wazuh_api - INFO - Found 2 agents
2026-07-13 08:27:49,609 - app.services.wazuh_api - INFO - Fetched 15 alerts from Indexer
2026-07-13 08:27:49,653 - app.services.wazuh_api - INFO - Fetched 15 alerts from Indexer
2026-07-13 08:27:49,700 - app.services.wazuh_api - INFO - Found 2 agents
2026-07-13 08:27:59,610 - app.services.wazuh_api - INFO - Fetched 15 alerts from Indexer
2026-07-13 08:27:59,703 - app.services.wazuh_api - INFO - Fetched 15 alerts from Indexer
2026-07-13 08:27:59,770 - app.services.wazuh_api - INFO - Found 2 agents
2026-07-13 08:28:09,593 - app.services.wazuh_api - INFO - Fetched 15 alerts from Indexer
2026-07-13 08:28:09,621 - app.services.wazuh_api - INFO - Fetched 15 alerts from Indexer
2026-07-13 08:28:09,698 - app.services.wazuh_api - INFO - Found 2 agents
2026-07-13 08:28:19,601 - app.services.wazuh_api - INFO - Fetched 15 alerts from Indexer
2026-07-13 08:28:19,634 - app.services.wazuh_api - INFO - Fetched 15 alerts from Indexer
2026-07-13 08:28:19,696 - app.services.wazuh_api - INFO - Found 2 agents
2026-07-13 08:28:29,613 - app.services.wazuh_api - INFO - Fetched 15 alerts from Indexer
2026-07-13 08:28:29,659 - app.services.wazuh_api - INFO - Fetched 15 alerts from Indexer
2026-07-13 08:28:29,711 - app.services.wazuh_api - INFO - Found 2 agents
2026-07-13 08:28:39,608 - app.services.wazuh_api - INFO - Fetched 15 alerts from Indexer
2026-07-13 08:28:39,660 - app.services.wazuh_api - INFO - Fetched 15 alerts from Indexer
2026-07-13 08:28:39,702 - app.services.wazuh_api - INFO - Found 2 agents
2026-07-13 08:28:49,605 - app.services.wazuh_api - INFO - Fetched 15 alerts from Indexer
2026-07-13 08:28:49,654 - app.services.wazuh_api - INFO - Fetched 15 alerts from Indexer
2026-07-13 08:28:49,716 - app.services.wazuh_api - INFO - Found 2 agents
2026-07-13 08:28:59,431 - app.services.wazuh_api - INFO - Fetched 15 alerts from Indexer
2026-07-13 08:28:59,476 - app.services.wazuh_api - INFO - Fetched 15 alerts from Indexer
2026-07-13 08:28:59,539 - app.services.wazuh_api - INFO - Found 2 agents
2026-07-13 08:29:09,602 - app.services.wazuh_api - INFO - Fetched 16 alerts from Indexer
2026-07-13 08:29:09,657 - app.services.wazuh_api - INFO - Fetched 16 alerts from Indexer
2026-07-13 08:29:09,708 - app.services.wazuh_api - INFO - Found 2 agents
2026-07-13 08:29:19,610 - app.services.wazuh_api - INFO - Fetched 16 alerts from Indexer
2026-07-13 08:29:19,656 - app.services.wazuh_api - INFO - Fetched 16 alerts from Indexer
2026-07-13 08:29:19,721 - app.services.wazuh_api - INFO - Found 2 agents
2026-07-13 08:29:29,599 - app.services.wazuh_api - INFO - Fetched 16 alerts from Indexer
2026-07-13 08:29:29,646 - app.services.wazuh_api - INFO - Fetched 16 alerts from Indexer
2026-07-13 08:29:29,708 - app.services.wazuh_api - INFO - Found 2 agents
2026-07-13 08:29:39,438 - app.services.wazuh_api - INFO - Fetched 16 alerts from Indexer
2026-07-13 08:29:39,484 - app.services.wazuh_api - INFO - Fetched 16 alerts from Indexer
2026-07-13 08:29:39,542 - app.services.wazuh_api - INFO - Found 2 agents
2026-07-13 08:29:49,609 - app.services.wazuh_api - INFO - Fetched 16 alerts from Indexer
2026-07-13 08:29:49,654 - app.services.wazuh_api - INFO - Fetched 16 alerts from Indexer
2026-07-13 08:29:49,724 - app.services.wazuh_api - INFO - Found 2 agents
2026-07-13 08:29:59,601 - app.services.wazuh_api - INFO - Fetched 16 alerts from Indexer
2026-07-13 08:29:59,652 - app.services.wazuh_api - INFO - Fetched 16 alerts from Indexer
2026-07-13 08:29:59,714 - app.services.wazuh_api - INFO - Found 2 agents
2026-07-13 08:30:09,598 - app.services.wazuh_api - INFO - Fetched 16 alerts from Indexer
2026-07-13 08:30:09,635 - app.services.wazuh_api - INFO - Fetched 16 alerts from Indexer
2026-07-13 08:30:09,689 - app.services.wazuh_api - INFO - Found 2 agents
2026-07-13 08:30:19,600 - app.services.wazuh_api - INFO - Fetched 16 alerts from Indexer
2026-07-13 08:30:19,644 - app.services.wazuh_api - INFO - Fetched 16 alerts from Indexer
2026-07-13 08:30:19,685 - app.services.wazuh_api - INFO - Found 2 agents
2026-07-13 08:30:28,590 - werkzeug - INFO -  * Detected change in 'D:\\EDR-Project\\dashboard\\app\\main.py', reloading
2026-07-13 08:30:28,859 - werkzeug - INFO -  * Restarting with stat
2026-07-13 08:30:31,791 - app.models.detector - WARNING - Joblib failed, trying pickle: No module named 'numpy._core'
2026-07-13 08:30:31,802 - __main__ - INFO - Starting EDR Dashboard on 0.0.0.0:5000
2026-07-13 08:30:31,803 - __main__ - INFO - Wazuh API: localhost:55000
2026-07-13 08:30:31,803 - __main__ - INFO - Model: D:\EDR-Project\dashboard\models_data\knn.pkl
2026-07-13 08:30:31,806 - werkzeug - WARNING -  * Debugger is active!
2026-07-13 08:30:31,810 - werkzeug - INFO -  * Debugger PIN: 243-289-687
2026-07-13 08:30:31,954 - app.services.wazuh_api - INFO - Fetched 17 alerts from Indexer
2026-07-13 08:30:32,155 - app.services.wazuh_api - INFO - Connected to Wazuh API
2026-07-13 08:30:32,225 - app.services.wazuh_api - INFO - Found 2 agents
2026-07-13 08:30:32,231 - app.main - INFO - Client connected
2026-07-13 08:30:32,270 - app.services.wazuh_api - INFO - Fetched 17 alerts from Indexer
2026-07-13 08:30:32,316 - app.services.wazuh_api - INFO - Fetched 17 alerts from Indexer
2026-07-13 08:30:37,556 - werkzeug - INFO -  * Detected change in 'D:\\EDR-Project\\dashboard\\app\\main.py', reloading
2026-07-13 08:30:37,803 - werkzeug - INFO -  * Restarting with stat
2026-07-13 08:30:40,607 - app.models.detector - WARNING - Joblib failed, trying pickle: No module named 'numpy._core'
2026-07-13 08:30:40,619 - __main__ - INFO - Starting EDR Dashboard on 0.0.0.0:5000
2026-07-13 08:30:40,619 - __main__ - INFO - Wazuh API: localhost:55000
2026-07-13 08:30:40,620 - __main__ - INFO - Model: D:\EDR-Project\dashboard\models_data\knn.pkl
2026-07-13 08:30:40,623 - werkzeug - WARNING -  * Debugger is active!
2026-07-13 08:30:40,627 - werkzeug - INFO -  * Debugger PIN: 243-289-687
2026-07-13 08:30:40,907 - app.main - INFO - Client connected
2026-07-13 08:30:40,941 - app.services.wazuh_api - INFO - Fetched 18 alerts from Indexer
2026-07-13 08:30:59,685 - app.services.wazuh_api - INFO - Fetched 19 alerts from Indexer
2026-07-13 08:30:59,729 - app.services.wazuh_api - INFO - Fetched 19 alerts from Indexer
2026-07-13 08:30:59,989 - app.services.wazuh_api - INFO - Connected to Wazuh API
2026-07-13 08:31:00,055 - app.services.wazuh_api - INFO - Found 2 agents
2026-07-13 08:31:09,426 - app.services.wazuh_api - INFO - Fetched 19 alerts from Indexer
2026-07-13 08:31:09,471 - app.services.wazuh_api - INFO - Fetched 19 alerts from Indexer
2026-07-13 08:31:09,535 - app.services.wazuh_api - INFO - Found 2 agents
2026-07-13 08:31:19,428 - app.services.wazuh_api - INFO - Fetched 19 alerts from Indexer
2026-07-13 08:31:19,513 - app.services.wazuh_api - INFO - Fetched 19 alerts from Indexer
2026-07-13 08:31:19,572 - app.services.wazuh_api - INFO - Found 2 agents
2026-07-13 08:31:29,603 - app.services.wazuh_api - INFO - Fetched 19 alerts from Indexer
2026-07-13 08:31:29,690 - app.services.wazuh_api - INFO - Fetched 19 alerts from Indexer
2026-07-13 08:31:29,768 - app.services.wazuh_api - INFO - Found 2 agents
2026-07-13 08:31:39,609 - app.services.wazuh_api - INFO - Fetched 19 alerts from Indexer
2026-07-13 08:31:39,700 - app.services.wazuh_api - INFO - Fetched 19 alerts from Indexer
2026-07-13 08:31:39,792 - app.services.wazuh_api - INFO - Found 2 agents
2026-07-13 08:31:49,653 - app.services.wazuh_api - INFO - Fetched 19 alerts from Indexer
2026-07-13 08:31:49,710 - app.services.wazuh_api - INFO - Fetched 19 alerts from Indexer
2026-07-13 08:31:49,758 - app.services.wazuh_api - INFO - Found 2 agents
2026-07-13 08:31:59,612 - app.services.wazuh_api - INFO - Fetched 19 alerts from Indexer
2026-07-13 08:31:59,656 - app.services.wazuh_api - INFO - Fetched 19 alerts from Indexer
2026-07-13 08:31:59,712 - app.services.wazuh_api - INFO - Found 2 agents
2026-07-13 08:32:09,609 - app.services.wazuh_api - INFO - Fetched 19 alerts from Indexer
2026-07-13 08:32:09,701 - app.services.wazuh_api - INFO - Fetched 19 alerts from Indexer
2026-07-13 08:32:09,770 - app.services.wazuh_api - INFO - Found 2 agents
2026-07-13 08:32:19,603 - app.services.wazuh_api - INFO - Fetched 19 alerts from Indexer
2026-07-13 08:32:19,648 - app.services.wazuh_api - INFO - Fetched 19 alerts from Indexer
2026-07-13 08:32:19,714 - app.services.wazuh_api - INFO - Found 2 agents
2026-07-13 08:32:29,607 - app.services.wazuh_api - INFO - Fetched 19 alerts from Indexer
2026-07-13 08:32:29,636 - app.services.wazuh_api - INFO - Fetched 19 alerts from Indexer
2026-07-13 08:32:29,706 - app.services.wazuh_api - INFO - Found 2 agents
2026-07-13 08:32:33,644 - werkzeug - INFO -  * Detected change in 'D:\\EDR-Project\\dashboard\\app\\main.py', reloading
2026-07-13 08:32:33,892 - werkzeug - INFO -  * Restarting with stat
2026-07-13 08:32:36,867 - app.models.detector - WARNING - Joblib failed, trying pickle: No module named 'numpy._core'
2026-07-13 08:32:36,880 - __main__ - INFO - Starting EDR Dashboard on 0.0.0.0:5000
2026-07-13 08:32:36,880 - __main__ - INFO - Wazuh API: localhost:55000
2026-07-13 08:32:36,881 - __main__ - INFO - Model: D:\EDR-Project\dashboard\models_data\knn.pkl
2026-07-13 08:32:36,884 - werkzeug - WARNING -  * Debugger is active!
2026-07-13 08:32:36,888 - werkzeug - INFO -  * Debugger PIN: 243-289-687
2026-07-13 08:32:37,167 - app.main - INFO - Client connected
2026-07-13 08:32:37,204 - app.services.wazuh_api - INFO - Fetched 20 alerts from Indexer
2026-07-13 08:32:39,600 - app.services.wazuh_api - INFO - Fetched 20 alerts from Indexer
2026-07-13 08:32:39,646 - app.services.wazuh_api - INFO - Fetched 20 alerts from Indexer
2026-07-13 08:32:39,934 - app.services.wazuh_api - INFO - Connected to Wazuh API
2026-07-13 08:32:40,009 - app.services.wazuh_api - INFO - Found 2 agents
2026-07-13 08:32:49,647 - app.services.wazuh_api - INFO - Fetched 20 alerts from Indexer
2026-07-13 08:32:49,694 - app.services.wazuh_api - INFO - Fetched 20 alerts from Indexer
2026-07-13 08:32:49,761 - app.services.wazuh_api - INFO - Found 2 agents
2026-07-13 08:32:59,607 - app.services.wazuh_api - INFO - Fetched 20 alerts from Indexer
2026-07-13 08:32:59,652 - app.services.wazuh_api - INFO - Fetched 22 alerts from Indexer
2026-07-13 08:32:59,711 - app.services.wazuh_api - INFO - Found 2 agents
2026-07-13 08:33:09,605 - app.services.wazuh_api - INFO - Fetched 20 alerts from Indexer
2026-07-13 08:33:09,664 - app.services.wazuh_api - INFO - Fetched 22 alerts from Indexer
2026-07-13 08:33:09,727 - app.services.wazuh_api - INFO - Found 2 agents
2026-07-13 08:33:19,615 - app.services.wazuh_api - INFO - Fetched 20 alerts from Indexer
2026-07-13 08:33:19,663 - app.services.wazuh_api - INFO - Fetched 22 alerts from Indexer
2026-07-13 08:33:19,731 - app.services.wazuh_api - INFO - Found 2 agents
2026-07-13 08:33:29,607 - app.services.wazuh_api - INFO - Fetched 20 alerts from Indexer
2026-07-13 08:33:29,921 - app.services.wazuh_api - INFO - Fetched 22 alerts from Indexer
2026-07-13 08:33:29,965 - app.services.wazuh_api - INFO - Found 2 agents
2026-07-13 08:33:39,609 - app.services.wazuh_api - INFO - Fetched 20 alerts from Indexer
2026-07-13 08:33:39,656 - app.services.wazuh_api - INFO - Fetched 22 alerts from Indexer
2026-07-13 08:33:39,717 - app.services.wazuh_api - INFO - Found 2 agents
2026-07-13 08:33:49,606 - app.services.wazuh_api - INFO - Fetched 20 alerts from Indexer
2026-07-13 08:33:49,635 - app.services.wazuh_api - INFO - Fetched 22 alerts from Indexer
2026-07-13 08:33:49,695 - app.services.wazuh_api - INFO - Found 2 agents
2026-07-13 08:33:59,603 - app.services.wazuh_api - INFO - Fetched 20 alerts from Indexer
2026-07-13 08:33:59,678 - app.services.wazuh_api - INFO - Fetched 22 alerts from Indexer
2026-07-13 08:33:59,742 - app.services.wazuh_api - INFO - Found 2 agents
2026-07-13 08:34:09,607 - app.services.wazuh_api - INFO - Fetched 20 alerts from Indexer
2026-07-13 08:34:09,649 - app.services.wazuh_api - INFO - Fetched 22 alerts from Indexer
2026-07-13 08:34:09,697 - app.services.wazuh_api - INFO - Found 2 agents
2026-07-13 08:35:10,613 - app.services.wazuh_api - ERROR - Failed: 404
2026-07-13 08:35:10,657 - app.services.wazuh_api - ERROR - Failed: 404
2026-07-13 08:35:10,724 - app.services.wazuh_api - INFO - Found 2 agents
2026-07-13 08:35:19,430 - app.services.wazuh_api - ERROR - Failed: 400
2026-07-13 08:35:19,475 - app.services.wazuh_api - ERROR - Failed: 400
2026-07-13 08:35:19,536 - app.services.wazuh_api - INFO - Found 2 agents
2026-07-13 08:35:29,606 - app.services.wazuh_api - ERROR - Failed: 400
2026-07-13 08:35:29,654 - app.services.wazuh_api - ERROR - Failed: 400
2026-07-13 08:35:29,713 - app.services.wazuh_api - INFO - Found 2 agents
2026-07-13 08:35:39,433 - app.services.wazuh_api - ERROR - Failed: 400
2026-07-13 08:35:39,471 - app.services.wazuh_api - ERROR - Failed: 400
2026-07-13 08:35:39,527 - app.services.wazuh_api - INFO - Found 2 agents
2026-07-13 08:35:49,612 - app.services.wazuh_api - ERROR - Failed: 400
2026-07-13 08:35:49,644 - app.services.wazuh_api - ERROR - Failed: 400
2026-07-13 08:35:49,707 - app.services.wazuh_api - INFO - Found 2 agents
2026-07-13 08:35:59,613 - app.services.wazuh_api - ERROR - Failed: 400
2026-07-13 08:35:59,674 - app.services.wazuh_api - ERROR - Failed: 400
2026-07-13 08:35:59,740 - app.services.wazuh_api - INFO - Found 2 agents
2026-07-13 08:36:09,611 - app.services.wazuh_api - ERROR - Failed: 400
2026-07-13 08:36:09,657 - app.services.wazuh_api - ERROR - Failed: 400
2026-07-13 08:36:09,720 - app.services.wazuh_api - INFO - Found 2 agents
2026-07-13 08:36:19,616 - app.services.wazuh_api - ERROR - Failed: 400
2026-07-13 08:36:19,658 - app.services.wazuh_api - ERROR - Failed: 400
2026-07-13 08:36:19,698 - app.services.wazuh_api - INFO - Found 2 agents
2026-07-13 08:36:29,614 - app.services.wazuh_api - ERROR - Failed: 400
2026-07-13 08:36:29,658 - app.services.wazuh_api - ERROR - Failed: 400
2026-07-13 08:36:29,705 - app.services.wazuh_api - INFO - Found 2 agents
2026-07-13 08:36:39,601 - app.services.wazuh_api - ERROR - Failed: 400
2026-07-13 08:36:39,626 - app.services.wazuh_api - ERROR - Failed: 400
2026-07-13 08:36:39,679 - app.services.wazuh_api - INFO - Found 2 agents
2026-07-13 08:37:14,615 - app.services.wazuh_api - ERROR - Failed: 400
2026-07-13 08:37:14,661 - app.services.wazuh_api - ERROR - Failed: 400
2026-07-13 08:37:14,721 - app.services.wazuh_api - INFO - Found 2 agents
2026-07-13 08:37:57,313 - app.services.wazuh_api - ERROR - Failed: 400
2026-07-13 08:37:57,386 - app.services.wazuh_api - ERROR - Failed: 400
2026-07-13 08:37:57,441 - app.services.wazuh_api - INFO - Found 2 agents
2026-07-13 08:37:59,464 - app.services.wazuh_api - ERROR - Failed: 400
2026-07-13 08:37:59,520 - app.services.wazuh_api - ERROR - Failed: 400
2026-07-13 08:37:59,580 - app.services.wazuh_api - INFO - Found 2 agents
2026-07-13 08:38:09,437 - app.services.wazuh_api - ERROR - Failed: 400
2026-07-13 08:38:09,482 - app.services.wazuh_api - ERROR - Failed: 400
2026-07-13 08:38:09,548 - app.services.wazuh_api - INFO - Found 2 agents
2026-07-13 08:38:19,607 - app.services.wazuh_api - ERROR - Failed: 400
2026-07-13 08:38:19,638 - app.services.wazuh_api - ERROR - Failed: 400
2026-07-13 08:38:19,691 - app.services.wazuh_api - INFO - Found 2 agents
2026-07-13 08:38:29,417 - app.services.wazuh_api - INFO - Fetched 2 alerts from Indexer
2026-07-13 08:38:29,466 - app.services.wazuh_api - INFO - Fetched 2 alerts from Indexer
2026-07-13 08:38:29,518 - app.services.wazuh_api - INFO - Found 2 agents
2026-07-13 08:38:39,431 - app.services.wazuh_api - INFO - Fetched 2 alerts from Indexer
2026-07-13 08:38:39,478 - app.services.wazuh_api - INFO - Fetched 2 alerts from Indexer
2026-07-13 08:38:39,543 - app.services.wazuh_api - INFO - Found 2 agents
2026-07-13 08:38:49,599 - app.services.wazuh_api - INFO - Fetched 2 alerts from Indexer
2026-07-13 08:38:49,642 - app.services.wazuh_api - INFO - Fetched 2 alerts from Indexer
2026-07-13 08:38:49,703 - app.services.wazuh_api - INFO - Found 2 agents
2026-07-13 08:38:59,430 - app.services.wazuh_api - INFO - Fetched 2 alerts from Indexer
2026-07-13 08:38:59,477 - app.services.wazuh_api - INFO - Fetched 2 alerts from Indexer
2026-07-13 08:38:59,541 - app.services.wazuh_api - INFO - Found 2 agents
2026-07-13 08:39:09,430 - app.services.wazuh_api - INFO - Fetched 2 alerts from Indexer
2026-07-13 08:39:09,458 - app.services.wazuh_api - INFO - Fetched 2 alerts from Indexer
2026-07-13 08:39:09,529 - app.services.wazuh_api - INFO - Found 2 agents
2026-07-13 08:39:19,437 - app.services.wazuh_api - INFO - Fetched 2 alerts from Indexer
2026-07-13 08:39:19,462 - app.services.wazuh_api - INFO - Fetched 2 alerts from Indexer
2026-07-13 08:39:19,516 - app.services.wazuh_api - INFO - Found 2 agents
2026-07-13 08:39:29,653 - app.services.wazuh_api - INFO - Fetched 2 alerts from Indexer
2026-07-13 08:39:29,700 - app.services.wazuh_api - INFO - Fetched 2 alerts from Indexer
2026-07-13 08:39:29,748 - app.services.wazuh_api - INFO - Found 2 agents
2026-07-13 08:39:39,611 - app.services.wazuh_api - INFO - Fetched 2 alerts from Indexer
2026-07-13 08:39:39,640 - app.services.wazuh_api - INFO - Fetched 2 alerts from Indexer
2026-07-13 08:39:39,708 - app.services.wazuh_api - INFO - Found 2 agents
2026-07-13 08:39:49,602 - app.services.wazuh_api - INFO - Fetched 2 alerts from Indexer
2026-07-13 08:39:49,645 - app.services.wazuh_api - INFO - Fetched 2 alerts from Indexer
2026-07-13 08:39:49,708 - app.services.wazuh_api - INFO - Found 2 agents
2026-07-13 08:39:59,645 - app.services.wazuh_api - INFO - Fetched 2 alerts from Indexer
2026-07-13 08:39:59,702 - app.services.wazuh_api - INFO - Fetched 2 alerts from Indexer
2026-07-13 08:39:59,772 - app.services.wazuh_api - INFO - Found 2 agents
2026-07-13 08:40:09,601 - app.services.wazuh_api - INFO - Fetched 2 alerts from Indexer
2026-07-13 08:40:09,642 - app.services.wazuh_api - INFO - Fetched 2 alerts from Indexer
2026-07-13 08:40:09,703 - app.services.wazuh_api - INFO - Found 2 agents
2026-07-13 08:40:19,652 - app.services.wazuh_api - INFO - Fetched 2 alerts from Indexer
2026-07-13 08:40:19,681 - app.services.wazuh_api - INFO - Fetched 2 alerts from Indexer
2026-07-13 08:40:19,737 - app.services.wazuh_api - INFO - Found 2 agents
2026-07-13 08:41:14,610 - app.services.wazuh_api - INFO - Fetched 2 alerts from Indexer
2026-07-13 08:41:14,655 - app.services.wazuh_api - INFO - Fetched 2 alerts from Indexer
2026-07-13 08:41:14,727 - app.services.wazuh_api - INFO - Found 2 agents
2026-07-13 08:42:14,660 - app.services.wazuh_api - INFO - Fetched 2 alerts from Indexer
2026-07-13 08:42:14,710 - app.services.wazuh_api - INFO - Fetched 2 alerts from Indexer
2026-07-13 08:42:14,755 - app.services.wazuh_api - INFO - Found 2 agents
2026-07-13 08:43:14,608 - app.services.wazuh_api - INFO - Fetched 2 alerts from Indexer
2026-07-13 08:43:14,642 - app.services.wazuh_api - INFO - Fetched 2 alerts from Indexer
2026-07-13 08:43:14,704 - app.services.wazuh_api - INFO - Found 2 agents
2026-07-13 08:44:15,120 - app.services.wazuh_api - INFO - Fetched 11 alerts from Indexer
2026-07-13 08:44:15,168 - app.services.wazuh_api - INFO - Fetched 11 alerts from Indexer
2026-07-13 08:44:15,220 - app.services.wazuh_api - INFO - Found 2 agents
2026-07-13 08:45:14,599 - app.services.wazuh_api - INFO - Fetched 11 alerts from Indexer
2026-07-13 08:45:14,644 - app.services.wazuh_api - INFO - Fetched 11 alerts from Indexer
2026-07-13 08:45:14,707 - app.services.wazuh_api - INFO - Found 2 agents
2026-07-13 08:46:14,614 - app.services.wazuh_api - INFO - Fetched 11 alerts from Indexer
2026-07-13 08:46:14,660 - app.services.wazuh_api - INFO - Fetched 11 alerts from Indexer
2026-07-13 08:46:14,728 - app.services.wazuh_api - INFO - Found 2 agents
2026-07-13 08:47:14,641 - app.services.wazuh_api - INFO - Fetched 11 alerts from Indexer
2026-07-13 08:47:14,687 - app.services.wazuh_api - INFO - Fetched 11 alerts from Indexer
2026-07-13 08:47:14,743 - app.services.wazuh_api - INFO - Found 2 agents
2026-07-13 08:48:14,607 - app.services.wazuh_api - INFO - Fetched 11 alerts from Indexer
2026-07-13 08:48:14,640 - app.services.wazuh_api - INFO - Fetched 11 alerts from Indexer
2026-07-13 08:48:14,687 - app.services.wazuh_api - ERROR - Failed: 401
2026-07-13 08:49:14,604 - app.services.wazuh_api - INFO - Fetched 11 alerts from Indexer
2026-07-13 08:49:14,694 - app.services.wazuh_api - INFO - Fetched 11 alerts from Indexer
2026-07-13 08:49:14,744 - app.services.wazuh_api - ERROR - Failed: 401
2026-07-13 08:50:15,254 - app.services.wazuh_api - INFO - Fetched 19 alerts from Indexer
2026-07-13 08:50:15,287 - app.services.wazuh_api - INFO - Fetched 19 alerts from Indexer
2026-07-13 08:50:15,331 - app.services.wazuh_api - ERROR - Failed: 401
2026-07-13 08:50:27,457 - app.services.wazuh_api - INFO - Fetched 19 alerts from Indexer
2026-07-13 08:50:27,489 - app.services.wazuh_api - INFO - Fetched 19 alerts from Indexer
2026-07-13 08:50:27,532 - app.services.wazuh_api - ERROR - Failed: 401
2026-07-13 08:50:29,437 - app.services.wazuh_api - INFO - Fetched 19 alerts from Indexer
2026-07-13 08:50:29,485 - app.services.wazuh_api - INFO - Fetched 19 alerts from Indexer
2026-07-13 08:50:29,531 - app.services.wazuh_api - ERROR - Failed: 401
2026-07-13 08:50:39,591 - app.services.wazuh_api - INFO - Fetched 19 alerts from Indexer
2026-07-13 08:50:39,637 - app.services.wazuh_api - INFO - Fetched 19 alerts from Indexer
2026-07-13 08:50:39,665 - app.services.wazuh_api - ERROR - Failed: 401
2026-07-13 08:50:49,606 - app.services.wazuh_api - INFO - Fetched 19 alerts from Indexer
2026-07-13 08:50:49,652 - app.services.wazuh_api - INFO - Fetched 19 alerts from Indexer
2026-07-13 08:50:49,690 - app.services.wazuh_api - ERROR - Failed: 401
2026-07-13 08:50:59,619 - app.services.wazuh_api - INFO - Fetched 19 alerts from Indexer
2026-07-13 08:50:59,674 - app.services.wazuh_api - INFO - Fetched 19 alerts from Indexer
2026-07-13 08:50:59,705 - app.services.wazuh_api - ERROR - Failed: 401
2026-07-13 08:51:09,606 - app.services.wazuh_api - INFO - Fetched 19 alerts from Indexer
2026-07-13 08:51:09,641 - app.services.wazuh_api - INFO - Fetched 19 alerts from Indexer
2026-07-13 08:51:09,684 - app.services.wazuh_api - ERROR - Failed: 401
2026-07-13 08:51:19,606 - app.services.wazuh_api - INFO - Fetched 19 alerts from Indexer
2026-07-13 08:51:19,637 - app.services.wazuh_api - INFO - Fetched 19 alerts from Indexer
2026-07-13 08:51:19,687 - app.services.wazuh_api - ERROR - Failed: 401
2026-07-13 08:51:29,608 - app.services.wazuh_api - INFO - Fetched 19 alerts from Indexer
2026-07-13 08:51:29,641 - app.services.wazuh_api - INFO - Fetched 19 alerts from Indexer
2026-07-13 08:51:29,674 - app.services.wazuh_api - ERROR - Failed: 401
2026-07-13 08:52:14,597 - app.services.wazuh_api - INFO - Fetched 19 alerts from Indexer
2026-07-13 08:52:14,652 - app.services.wazuh_api - INFO - Fetched 19 alerts from Indexer
2026-07-13 08:52:14,697 - app.services.wazuh_api - ERROR - Failed: 401
2026-07-13 08:52:35,725 - app.services.wazuh_api - INFO - Fetched 19 alerts from Indexer
2026-07-13 08:52:35,763 - app.services.wazuh_api - INFO - Fetched 19 alerts from Indexer
2026-07-13 08:52:35,803 - app.services.wazuh_api - ERROR - Failed: 401
2026-07-13 08:52:39,661 - app.services.wazuh_api - INFO - Fetched 19 alerts from Indexer
2026-07-13 08:52:39,704 - app.services.wazuh_api - INFO - Fetched 19 alerts from Indexer
2026-07-13 08:52:39,733 - app.services.wazuh_api - ERROR - Failed: 401
2026-07-13 08:52:49,611 - app.services.wazuh_api - INFO - Fetched 19 alerts from Indexer
2026-07-13 08:52:49,693 - app.services.wazuh_api - INFO - Fetched 19 alerts from Indexer
2026-07-13 08:52:49,738 - app.services.wazuh_api - ERROR - Failed: 401
2026-07-13 08:52:59,657 - app.services.wazuh_api - INFO - Fetched 19 alerts from Indexer
2026-07-13 08:52:59,699 - app.services.wazuh_api - INFO - Fetched 19 alerts from Indexer
2026-07-13 08:52:59,748 - app.services.wazuh_api - ERROR - Failed: 401
2026-07-13 08:53:09,607 - app.services.wazuh_api - INFO - Fetched 19 alerts from Indexer
2026-07-13 08:53:09,654 - app.services.wazuh_api - INFO - Fetched 19 alerts from Indexer
2026-07-13 08:53:09,701 - app.services.wazuh_api - ERROR - Failed: 401
2026-07-13 08:53:19,607 - app.services.wazuh_api - INFO - Fetched 19 alerts from Indexer
2026-07-13 08:53:19,642 - app.services.wazuh_api - INFO - Fetched 19 alerts from Indexer
2026-07-13 08:53:19,688 - app.services.wazuh_api - ERROR - Failed: 401
2026-07-13 08:53:29,614 - app.services.wazuh_api - INFO - Fetched 19 alerts from Indexer
2026-07-13 08:53:29,701 - app.services.wazuh_api - INFO - Fetched 19 alerts from Indexer
2026-07-13 08:53:29,734 - app.services.wazuh_api - ERROR - Failed: 401
2026-07-13 08:54:07,256 - app.services.wazuh_api - INFO - Fetched 19 alerts from Indexer
2026-07-13 08:54:07,289 - app.services.wazuh_api - INFO - Fetched 19 alerts from Indexer
2026-07-13 08:54:07,315 - app.services.wazuh_api - ERROR - Failed: 401
2026-07-13 08:54:09,428 - app.services.wazuh_api - INFO - Fetched 19 alerts from Indexer
2026-07-13 08:54:09,474 - app.services.wazuh_api - INFO - Fetched 19 alerts from Indexer
2026-07-13 08:54:09,518 - app.services.wazuh_api - ERROR - Failed: 401
2026-07-13 08:54:19,426 - app.services.wazuh_api - INFO - Fetched 20 alerts from Indexer
2026-07-13 08:54:19,471 - app.services.wazuh_api - INFO - Fetched 20 alerts from Indexer
2026-07-13 08:54:19,498 - app.services.wazuh_api - ERROR - Failed: 401
2026-07-13 08:54:29,607 - app.services.wazuh_api - INFO - Fetched 20 alerts from Indexer
2026-07-13 08:54:29,681 - app.services.wazuh_api - INFO - Fetched 20 alerts from Indexer
2026-07-13 08:54:29,732 - app.services.wazuh_api - ERROR - Failed: 401
2026-07-13 08:54:39,615 - app.services.wazuh_api - INFO - Fetched 20 alerts from Indexer
2026-07-13 08:54:39,713 - app.services.wazuh_api - INFO - Fetched 20 alerts from Indexer
2026-07-13 08:54:39,743 - app.services.wazuh_api - ERROR - Failed: 401
2026-07-13 08:54:49,604 - app.services.wazuh_api - INFO - Fetched 20 alerts from Indexer
2026-07-13 08:54:49,658 - app.services.wazuh_api - INFO - Fetched 20 alerts from Indexer
2026-07-13 08:54:49,687 - app.services.wazuh_api - ERROR - Failed: 401
2026-07-13 08:54:59,616 - app.services.wazuh_api - INFO - Fetched 20 alerts from Indexer
2026-07-13 08:54:59,660 - app.services.wazuh_api - INFO - Fetched 20 alerts from Indexer
2026-07-13 08:54:59,708 - app.services.wazuh_api - ERROR - Failed: 401
2026-07-13 08:55:09,614 - app.services.wazuh_api - INFO - Fetched 20 alerts from Indexer
2026-07-13 08:55:09,648 - app.services.wazuh_api - INFO - Fetched 20 alerts from Indexer
2026-07-13 08:55:09,690 - app.services.wazuh_api - ERROR - Failed: 401
2026-07-13 08:55:19,606 - app.services.wazuh_api - INFO - Fetched 20 alerts from Indexer
2026-07-13 08:55:19,638 - app.services.wazuh_api - INFO - Fetched 20 alerts from Indexer
2026-07-13 08:55:19,683 - app.services.wazuh_api - ERROR - Failed: 401
2026-07-13 08:55:29,653 - app.services.wazuh_api - INFO - Fetched 20 alerts from Indexer
2026-07-13 08:55:29,699 - app.services.wazuh_api - INFO - Fetched 20 alerts from Indexer
2026-07-13 08:55:29,752 - app.services.wazuh_api - ERROR - Failed: 401
2026-07-13 08:55:39,654 - app.services.wazuh_api - INFO - Fetched 20 alerts from Indexer
2026-07-13 08:55:39,728 - app.services.wazuh_api - INFO - Fetched 20 alerts from Indexer
2026-07-13 08:55:39,776 - app.services.wazuh_api - ERROR - Failed: 401
2026-07-13 08:55:53,378 - app.services.wazuh_api - INFO - Fetched 20 alerts from Indexer
2026-07-13 08:55:53,453 - app.services.wazuh_api - INFO - Fetched 20 alerts from Indexer
2026-07-13 08:55:53,489 - app.services.wazuh_api - ERROR - Failed: 401
2026-07-13 08:55:59,602 - app.services.wazuh_api - INFO - Fetched 20 alerts from Indexer
2026-07-13 08:55:59,635 - app.services.wazuh_api - INFO - Fetched 20 alerts from Indexer
2026-07-13 08:55:59,683 - app.services.wazuh_api - ERROR - Failed: 401
2026-07-13 08:56:09,430 - app.services.wazuh_api - INFO - Fetched 20 alerts from Indexer
2026-07-13 08:56:09,517 - app.services.wazuh_api - INFO - Fetched 22 alerts from Indexer
2026-07-13 08:56:09,555 - app.services.wazuh_api - ERROR - Failed: 401
2026-07-13 08:56:19,604 - app.services.wazuh_api - INFO - Fetched 20 alerts from Indexer
2026-07-13 08:56:19,649 - app.services.wazuh_api - INFO - Fetched 22 alerts from Indexer
2026-07-13 08:56:19,697 - app.services.wazuh_api - ERROR - Failed: 401
2026-07-13 08:56:29,612 - app.services.wazuh_api - INFO - Fetched 20 alerts from Indexer
2026-07-13 08:56:29,658 - app.services.wazuh_api - INFO - Fetched 22 alerts from Indexer
2026-07-13 08:56:29,705 - app.services.wazuh_api - ERROR - Failed: 401
2026-07-13 08:56:39,590 - app.services.wazuh_api - INFO - Fetched 20 alerts from Indexer
2026-07-13 08:56:39,632 - app.services.wazuh_api - INFO - Fetched 22 alerts from Indexer
2026-07-13 08:56:39,684 - app.services.wazuh_api - ERROR - Failed: 401
2026-07-13 08:56:49,606 - app.services.wazuh_api - INFO - Fetched 20 alerts from Indexer
2026-07-13 08:56:49,654 - app.services.wazuh_api - INFO - Fetched 22 alerts from Indexer
2026-07-13 08:56:49,684 - app.services.wazuh_api - ERROR - Failed: 401
2026-07-13 08:56:59,665 - app.services.wazuh_api - INFO - Fetched 20 alerts from Indexer
2026-07-13 08:56:59,708 - app.services.wazuh_api - INFO - Fetched 22 alerts from Indexer
2026-07-13 08:56:59,756 - app.services.wazuh_api - ERROR - Failed: 401
2026-07-13 08:57:09,609 - app.services.wazuh_api - INFO - Fetched 20 alerts from Indexer
2026-07-13 08:57:09,641 - app.services.wazuh_api - INFO - Fetched 22 alerts from Indexer
2026-07-13 08:57:09,690 - app.services.wazuh_api - ERROR - Failed: 401
2026-07-13 08:57:11,537 - werkzeug - INFO -  * Detected change in 'D:\\EDR-Project\\dashboard\\app\\services\\wazuh_api.py', reloading
2026-07-13 08:57:11,857 - werkzeug - INFO -  * Restarting with stat
2026-07-13 08:57:15,130 - app.models.detector - WARNING - Joblib failed, trying pickle: No module named 'numpy._core'
2026-07-13 08:57:15,144 - __main__ - INFO - Starting EDR Dashboard on 0.0.0.0:5000
2026-07-13 08:57:15,145 - __main__ - INFO - Wazuh API: localhost:55000
2026-07-13 08:57:15,145 - __main__ - INFO - Model: D:\EDR-Project\dashboard\models_data\knn.pkl
2026-07-13 08:57:15,149 - werkzeug - WARNING -  * Debugger is active!
2026-07-13 08:57:15,154 - werkzeug - INFO -  * Debugger PIN: 243-289-687
2026-07-13 08:57:15,414 - app.main - INFO - Client connected
2026-07-13 08:57:15,450 - app.services.wazuh_api - INFO - Fetched 20 alerts from Indexer
2026-07-13 08:57:22,497 - app.services.wazuh_api - INFO - Fetched 20 alerts from Indexer
2026-07-13 08:57:22,544 - app.services.wazuh_api - INFO - Fetched 23 alerts from Indexer
2026-07-13 08:57:22,589 - app.services.wazuh_api - ERROR - Failed: 401
2026-07-13 08:57:25,094 - app.services.wazuh_api - INFO - Fetched 23 alerts from Indexer
2026-07-13 08:57:25,139 - app.services.wazuh_api - ERROR - Failed: 401
2026-07-13 08:57:25,188 - app.services.wazuh_api - INFO - Fetched 20 alerts from Indexer
2026-07-13 08:57:25,434 - app.main - INFO - Client connected
2026-07-13 08:57:25,483 - app.services.wazuh_api - INFO - Fetched 20 alerts from Indexer
2026-07-13 08:57:26,096 - app.services.wazuh_api - INFO - Fetched 20 alerts from Indexer
2026-07-13 08:57:26,141 - app.services.wazuh_api - INFO - Fetched 20 alerts from Indexer
2026-07-13 08:57:26,434 - app.services.wazuh_api - INFO - Fetched 23 alerts from Indexer
2026-07-13 08:57:26,478 - app.services.wazuh_api - ERROR - Failed: 401
2026-07-13 08:57:27,614 - app.services.wazuh_api - INFO - Fetched 20 alerts from Indexer
2026-07-13 08:57:27,646 - app.services.wazuh_api - INFO - Fetched 20 alerts from Indexer
2026-07-13 08:57:27,892 - app.services.wazuh_api - INFO - Fetched 23 alerts from Indexer
2026-07-13 08:57:27,933 - app.services.wazuh_api - ERROR - Failed: 401
2026-07-13 08:57:33,414 - app.models.detector - WARNING - Joblib failed, trying pickle: No module named 'numpy._core'
2026-07-13 08:57:33,426 - __main__ - INFO - Starting EDR Dashboard on 0.0.0.0:5000
2026-07-13 08:57:33,426 - __main__ - INFO - Wazuh API: localhost:55000
2026-07-13 08:57:33,426 - __main__ - INFO - Model: D:\EDR-Project\dashboard\models_data\knn.pkl
2026-07-13 08:57:33,431 - werkzeug - INFO -  * Restarting with stat
2026-07-13 08:57:36,406 - app.models.detector - WARNING - Joblib failed, trying pickle: No module named 'numpy._core'
2026-07-13 08:57:36,418 - __main__ - INFO - Starting EDR Dashboard on 0.0.0.0:5000
2026-07-13 08:57:36,418 - __main__ - INFO - Wazuh API: localhost:55000
2026-07-13 08:57:36,418 - __main__ - INFO - Model: D:\EDR-Project\dashboard\models_data\knn.pkl
2026-07-13 08:57:36,421 - werkzeug - WARNING -  * Debugger is active!
2026-07-13 08:57:36,425 - werkzeug - INFO -  * Debugger PIN: 243-289-687
2026-07-13 08:57:36,657 - app.services.wazuh_api - INFO - Fetched 25 alerts from Indexer
2026-07-13 08:57:36,711 - app.services.wazuh_api - ERROR - Failed: 401
2026-07-13 08:57:36,806 - app.services.wazuh_api - INFO - Fetched 20 alerts from Indexer
2026-07-13 08:57:37,041 - app.main - INFO - Client connected
2026-07-13 08:57:37,116 - app.services.wazuh_api - INFO - Fetched 20 alerts from Indexer
2026-07-13 08:57:37,627 - app.services.wazuh_api - INFO - Fetched 25 alerts from Indexer
2026-07-13 08:57:37,652 - app.services.wazuh_api - ERROR - Failed: 401
2026-07-13 08:57:37,704 - app.services.wazuh_api - INFO - Fetched 20 alerts from Indexer
2026-07-13 08:57:38,022 - app.services.wazuh_api - INFO - Fetched 20 alerts from Indexer
2026-07-13 08:57:38,673 - app.services.wazuh_api - INFO - Fetched 20 alerts from Indexer
2026-07-13 08:57:38,704 - app.services.wazuh_api - INFO - Fetched 20 alerts from Indexer
2026-07-13 08:57:38,989 - app.services.wazuh_api - INFO - Fetched 25 alerts from Indexer
2026-07-13 08:57:39,013 - app.services.wazuh_api - ERROR - Failed: 401
2026-07-13 08:57:39,622 - app.services.wazuh_api - INFO - Fetched 20 alerts from Indexer
2026-07-13 08:57:39,654 - app.services.wazuh_api - INFO - Fetched 20 alerts from Indexer
2026-07-13 08:57:39,921 - app.services.wazuh_api - INFO - Fetched 25 alerts from Indexer
2026-07-13 08:57:39,948 - app.services.wazuh_api - ERROR - Failed: 401
2026-07-13 08:57:40,338 - app.services.wazuh_api - INFO - Fetched 20 alerts from Indexer
2026-07-13 08:57:40,569 - app.services.wazuh_api - INFO - Fetched 25 alerts from Indexer
2026-07-13 08:57:40,592 - app.services.wazuh_api - ERROR - Failed: 401
2026-07-13 08:57:40,596 - app.main - INFO - Client connected
2026-07-13 08:57:40,624 - app.services.wazuh_api - INFO - Fetched 20 alerts from Indexer
2026-07-13 08:57:41,355 - app.services.wazuh_api - INFO - Fetched 20 alerts from Indexer
2026-07-13 08:57:41,389 - app.services.wazuh_api - INFO - Fetched 20 alerts from Indexer
2026-07-13 08:57:41,662 - app.services.wazuh_api - INFO - Fetched 25 alerts from Indexer
2026-07-13 08:57:41,712 - app.services.wazuh_api - ERROR - Failed: 401
2026-07-13 08:57:42,604 - app.services.wazuh_api - INFO - Fetched 20 alerts from Indexer
2026-07-13 08:57:42,689 - app.services.wazuh_api - INFO - Fetched 20 alerts from Indexer
2026-07-13 08:57:42,948 - app.services.wazuh_api - INFO - Fetched 25 alerts from Indexer
2026-07-13 08:57:42,971 - app.services.wazuh_api - ERROR - Failed: 401
2026-07-13 08:57:43,598 - app.services.wazuh_api - INFO - Fetched 20 alerts from Indexer
2026-07-13 08:57:43,629 - app.services.wazuh_api - INFO - Fetched 20 alerts from Indexer
2026-07-13 08:57:43,956 - app.services.wazuh_api - INFO - Fetched 25 alerts from Indexer
2026-07-13 08:57:43,980 - app.services.wazuh_api - ERROR - Failed: 401
2026-07-13 08:57:44,598 - app.services.wazuh_api - INFO - Fetched 20 alerts from Indexer
2026-07-13 08:57:44,650 - app.services.wazuh_api - INFO - Fetched 20 alerts from Indexer
2026-07-13 08:57:44,944 - werkzeug - INFO -  * Detected change in 'D:\\EDR-Project\\dashboard\\app\\services\\wazuh_api.py', reloading
2026-07-13 08:57:45,198 - werkzeug - INFO -  * Restarting with stat
2026-07-13 08:57:48,361 - app.models.detector - WARNING - Joblib failed, trying pickle: No module named 'numpy._core'
2026-07-13 08:57:48,374 - __main__ - INFO - Starting EDR Dashboard on 0.0.0.0:5000
2026-07-13 08:57:48,374 - __main__ - INFO - Wazuh API: localhost:55000
2026-07-13 08:57:48,374 - __main__ - INFO - Model: D:\EDR-Project\dashboard\models_data\knn.pkl
2026-07-13 08:57:48,378 - werkzeug - WARNING -  * Debugger is active!
2026-07-13 08:57:48,382 - werkzeug - INFO -  * Debugger PIN: 243-289-687
2026-07-13 08:57:48,601 - app.services.wazuh_api - INFO - Fetched 26 alerts from Indexer
2026-07-13 08:57:48,857 - app.services.wazuh_api - INFO - Connected to Wazuh API
2026-07-13 08:57:48,924 - app.services.wazuh_api - INFO - Found 2 agents
2026-07-13 08:57:48,971 - app.services.wazuh_api - INFO - Fetched 20 alerts from Indexer
2026-07-13 08:57:49,214 - app.services.wazuh_api - INFO - Fetched 26 alerts from Indexer
2026-07-13 08:57:49,270 - app.services.wazuh_api - INFO - Found 2 agents
2026-07-13 08:57:49,323 - app.services.wazuh_api - INFO - Fetched 26 alerts from Indexer
2026-07-13 08:57:49,380 - app.services.wazuh_api - INFO - Found 2 agents
2026-07-13 08:57:49,429 - app.services.wazuh_api - INFO - Fetched 20 alerts from Indexer
2026-07-13 08:57:49,668 - app.main - INFO - Client connected
2026-07-13 08:57:49,698 - app.services.wazuh_api - INFO - Fetched 20 alerts from Indexer
2026-07-13 08:57:50,003 - app.services.wazuh_api - INFO - Fetched 20 alerts from Indexer
2026-07-13 08:57:50,047 - app.services.wazuh_api - INFO - Fetched 20 alerts from Indexer
2026-07-13 08:57:50,305 - app.services.wazuh_api - INFO - Fetched 26 alerts from Indexer
2026-07-13 08:57:50,352 - app.services.wazuh_api - INFO - Found 2 agents
2026-07-13 08:57:50,453 - app.services.wazuh_api - INFO - Fetched 20 alerts from Indexer
2026-07-13 08:57:50,715 - app.services.wazuh_api - INFO - Fetched 26 alerts from Indexer
2026-07-13 08:57:50,762 - app.services.wazuh_api - INFO - Found 2 agents
2026-07-13 08:57:50,766 - app.main - INFO - Client connected
2026-07-13 08:57:50,820 - app.services.wazuh_api - INFO - Fetched 20 alerts from Indexer
2026-07-13 08:57:51,433 - app.services.wazuh_api - INFO - Fetched 20 alerts from Indexer
2026-07-13 08:57:51,489 - app.services.wazuh_api - INFO - Fetched 20 alerts from Indexer
2026-07-13 08:57:51,768 - app.services.wazuh_api - INFO - Fetched 26 alerts from Indexer
2026-07-13 08:57:51,826 - app.services.wazuh_api - INFO - Found 2 agents
2026-07-13 08:57:52,420 - app.services.wazuh_api - INFO - Fetched 20 alerts from Indexer
2026-07-13 08:57:52,449 - app.services.wazuh_api - INFO - Fetched 20 alerts from Indexer
2026-07-13 08:57:52,689 - app.services.wazuh_api - INFO - Fetched 26 alerts from Indexer
2026-07-13 08:57:52,730 - app.services.wazuh_api - INFO - Found 2 agents
2026-07-13 08:57:53,417 - app.services.wazuh_api - INFO - Fetched 20 alerts from Indexer
2026-07-13 08:57:53,464 - app.services.wazuh_api - INFO - Fetched 20 alerts from Indexer
2026-07-13 08:57:53,790 - app.services.wazuh_api - INFO - Fetched 26 alerts from Indexer
2026-07-13 08:57:53,828 - app.services.wazuh_api - INFO - Found 2 agents
2026-07-13 08:57:54,603 - app.services.wazuh_api - INFO - Fetched 20 alerts from Indexer
2026-07-13 08:57:54,634 - app.services.wazuh_api - INFO - Fetched 20 alerts from Indexer
2026-07-13 08:57:54,894 - app.services.wazuh_api - INFO - Fetched 26 alerts from Indexer
2026-07-13 08:57:54,952 - app.services.wazuh_api - INFO - Found 2 agents
2026-07-13 08:57:55,606 - app.services.wazuh_api - INFO - Fetched 20 alerts from Indexer
2026-07-13 08:57:55,663 - app.services.wazuh_api - INFO - Fetched 20 alerts from Indexer
2026-07-13 08:57:55,944 - app.services.wazuh_api - INFO - Fetched 26 alerts from Indexer
2026-07-13 08:57:55,984 - app.services.wazuh_api - INFO - Found 2 agents
2026-07-13 08:57:56,608 - app.services.wazuh_api - INFO - Fetched 20 alerts from Indexer
2026-07-13 08:57:56,651 - app.services.wazuh_api - INFO - Fetched 20 alerts from Indexer
2026-07-13 08:57:56,891 - app.services.wazuh_api - INFO - Fetched 26 alerts from Indexer
2026-07-13 08:57:56,944 - app.services.wazuh_api - INFO - Found 2 agents
2026-07-13 08:57:57,599 - app.services.wazuh_api - INFO - Fetched 20 alerts from Indexer
2026-07-13 08:57:57,642 - app.services.wazuh_api - INFO - Fetched 20 alerts from Indexer
2026-07-13 08:57:57,897 - app.services.wazuh_api - INFO - Fetched 26 alerts from Indexer
2026-07-13 08:57:57,956 - app.services.wazuh_api - INFO - Found 2 agents
2026-07-13 08:57:58,613 - app.services.wazuh_api - INFO - Fetched 20 alerts from Indexer
2026-07-13 08:57:58,657 - app.services.wazuh_api - INFO - Fetched 20 alerts from Indexer
2026-07-13 08:57:58,902 - app.services.wazuh_api - INFO - Fetched 26 alerts from Indexer
2026-07-13 08:57:58,941 - app.services.wazuh_api - INFO - Found 2 agents
2026-07-13 08:57:59,604 - app.services.wazuh_api - INFO - Fetched 20 alerts from Indexer
2026-07-13 08:57:59,649 - app.services.wazuh_api - INFO - Fetched 20 alerts from Indexer
2026-07-13 08:57:59,919 - app.services.wazuh_api - INFO - Fetched 26 alerts from Indexer
2026-07-13 08:57:59,980 - app.services.wazuh_api - INFO - Found 2 agents
2026-07-13 08:58:00,606 - app.services.wazuh_api - INFO - Fetched 20 alerts from Indexer
2026-07-13 08:58:00,636 - app.services.wazuh_api - INFO - Fetched 20 alerts from Indexer
2026-07-13 08:58:00,867 - app.services.wazuh_api - INFO - Fetched 26 alerts from Indexer
2026-07-13 08:58:00,916 - app.services.wazuh_api - INFO - Found 2 agents
2026-07-13 08:58:01,590 - app.services.wazuh_api - INFO - Fetched 20 alerts from Indexer
2026-07-13 08:58:01,677 - app.services.wazuh_api - INFO - Fetched 20 alerts from Indexer
2026-07-13 08:58:01,935 - app.services.wazuh_api - INFO - Fetched 26 alerts from Indexer
2026-07-13 08:58:01,999 - app.services.wazuh_api - INFO - Found 2 agents
2026-07-13 08:58:02,601 - app.services.wazuh_api - INFO - Fetched 20 alerts from Indexer
2026-07-13 08:58:02,630 - app.services.wazuh_api - INFO - Fetched 20 alerts from Indexer
2026-07-13 08:58:02,877 - app.services.wazuh_api - INFO - Fetched 26 alerts from Indexer
2026-07-13 08:58:02,936 - app.services.wazuh_api - INFO - Found 2 agents
2026-07-13 08:58:03,600 - app.services.wazuh_api - INFO - Fetched 20 alerts from Indexer
2026-07-13 08:58:03,646 - app.services.wazuh_api - INFO - Fetched 20 alerts from Indexer
2026-07-13 08:58:03,896 - app.services.wazuh_api - INFO - Fetched 26 alerts from Indexer
2026-07-13 08:58:03,934 - app.services.wazuh_api - INFO - Found 2 agents
2026-07-13 08:58:04,611 - app.services.wazuh_api - INFO - Fetched 20 alerts from Indexer
2026-07-13 08:58:04,685 - app.services.wazuh_api - INFO - Fetched 20 alerts from Indexer
2026-07-13 08:58:04,922 - app.services.wazuh_api - INFO - Fetched 26 alerts from Indexer
2026-07-13 08:58:04,961 - app.services.wazuh_api - INFO - Found 2 agents
2026-07-13 08:58:05,607 - app.services.wazuh_api - INFO - Fetched 20 alerts from Indexer
2026-07-13 08:58:05,651 - app.services.wazuh_api - INFO - Fetched 20 alerts from Indexer
2026-07-13 08:58:05,882 - app.services.wazuh_api - INFO - Fetched 26 alerts from Indexer
2026-07-13 08:58:05,945 - app.services.wazuh_api - INFO - Found 2 agents
2026-07-13 08:58:06,601 - app.services.wazuh_api - INFO - Fetched 20 alerts from Indexer
2026-07-13 08:58:06,646 - app.services.wazuh_api - INFO - Fetched 20 alerts from Indexer
2026-07-13 08:58:06,899 - app.services.wazuh_api - INFO - Fetched 26 alerts from Indexer
2026-07-13 08:58:06,942 - app.services.wazuh_api - INFO - Found 2 agents
2026-07-13 08:58:07,612 - app.services.wazuh_api - INFO - Fetched 20 alerts from Indexer
2026-07-13 08:58:07,643 - app.services.wazuh_api - INFO - Fetched 20 alerts from Indexer
2026-07-13 08:58:07,879 - app.services.wazuh_api - INFO - Fetched 26 alerts from Indexer
2026-07-13 08:58:07,918 - app.services.wazuh_api - INFO - Found 2 agents
2026-07-13 08:58:08,605 - app.services.wazuh_api - INFO - Fetched 20 alerts from Indexer
2026-07-13 08:58:08,693 - app.services.wazuh_api - INFO - Fetched 20 alerts from Indexer
2026-07-13 08:58:08,944 - app.services.wazuh_api - INFO - Fetched 26 alerts from Indexer
2026-07-13 08:58:08,983 - app.services.wazuh_api - INFO - Found 2 agents
2026-07-13 08:58:09,618 - app.services.wazuh_api - INFO - Fetched 20 alerts from Indexer
2026-07-13 08:58:09,654 - app.services.wazuh_api - INFO - Fetched 20 alerts from Indexer
2026-07-13 08:58:09,924 - app.services.wazuh_api - INFO - Fetched 26 alerts from Indexer
2026-07-13 08:58:09,966 - app.services.wazuh_api - INFO - Found 2 agents
2026-07-13 08:58:10,421 - app.services.wazuh_api - INFO - Fetched 20 alerts from Indexer
2026-07-13 08:58:10,468 - app.services.wazuh_api - INFO - Fetched 20 alerts from Indexer
2026-07-13 08:58:10,709 - app.services.wazuh_api - INFO - Fetched 26 alerts from Indexer
2026-07-13 08:58:10,753 - app.services.wazuh_api - INFO - Found 2 agents
2026-07-13 08:58:11,419 - app.services.wazuh_api - INFO - Fetched 20 alerts from Indexer
2026-07-13 08:58:11,505 - app.services.wazuh_api - INFO - Fetched 20 alerts from Indexer
2026-07-13 08:58:11,752 - app.services.wazuh_api - INFO - Fetched 26 alerts from Indexer
2026-07-13 08:58:11,799 - app.services.wazuh_api - INFO - Found 2 agents
2026-07-13 08:58:12,417 - app.services.wazuh_api - INFO - Fetched 20 alerts from Indexer
2026-07-13 08:58:12,447 - app.services.wazuh_api - INFO - Fetched 20 alerts from Indexer
2026-07-13 08:58:12,727 - app.services.wazuh_api - INFO - Fetched 26 alerts from Indexer
2026-07-13 08:58:12,789 - app.services.wazuh_api - INFO - Found 2 agents
2026-07-13 08:58:13,399 - app.services.wazuh_api - INFO - Fetched 20 alerts from Indexer
2026-07-13 08:58:13,448 - app.services.wazuh_api - INFO - Fetched 20 alerts from Indexer
2026-07-13 08:58:13,684 - app.services.wazuh_api - INFO - Fetched 26 alerts from Indexer
2026-07-13 08:58:13,758 - app.services.wazuh_api - INFO - Found 2 agents
2026-07-13 08:58:14,408 - app.services.wazuh_api - INFO - Fetched 20 alerts from Indexer
2026-07-13 08:58:14,452 - app.services.wazuh_api - INFO - Fetched 20 alerts from Indexer
2026-07-13 08:58:14,717 - app.services.wazuh_api - INFO - Fetched 26 alerts from Indexer
2026-07-13 08:58:14,787 - app.services.wazuh_api - INFO - Found 2 agents
2026-07-13 08:58:15,419 - app.services.wazuh_api - INFO - Fetched 20 alerts from Indexer
2026-07-13 08:58:15,464 - app.services.wazuh_api - INFO - Fetched 20 alerts from Indexer
2026-07-13 08:58:15,703 - app.services.wazuh_api - INFO - Fetched 26 alerts from Indexer
2026-07-13 08:58:15,749 - app.services.wazuh_api - INFO - Found 2 agents
2026-07-13 08:58:16,416 - app.services.wazuh_api - INFO - Fetched 20 alerts from Indexer
2026-07-13 08:58:16,445 - app.services.wazuh_api - INFO - Fetched 20 alerts from Indexer
2026-07-13 08:58:16,710 - app.services.wazuh_api - INFO - Fetched 26 alerts from Indexer
2026-07-13 08:58:16,754 - app.services.wazuh_api - INFO - Found 2 agents
2026-07-13 08:58:17,412 - app.services.wazuh_api - INFO - Fetched 20 alerts from Indexer
2026-07-13 08:58:17,456 - app.services.wazuh_api - INFO - Fetched 20 alerts from Indexer
2026-07-13 08:58:17,694 - app.services.wazuh_api - INFO - Fetched 26 alerts from Indexer
2026-07-13 08:58:17,735 - app.services.wazuh_api - INFO - Found 2 agents
2026-07-13 08:58:18,405 - app.services.wazuh_api - ERROR - Failed: 404
2026-07-13 08:58:18,451 - app.services.wazuh_api - ERROR - Failed: 404
2026-07-13 08:58:18,476 - app.services.wazuh_api - ERROR - Failed: 404
2026-07-13 08:58:18,530 - app.services.wazuh_api - INFO - Found 2 agents
2026-07-13 08:58:19,396 - app.services.wazuh_api - ERROR - Failed: 404
2026-07-13 08:58:19,479 - app.services.wazuh_api - ERROR - Failed: 404
2026-07-13 08:58:19,518 - app.services.wazuh_api - ERROR - Failed: 404
2026-07-13 08:58:19,575 - app.services.wazuh_api - INFO - Found 2 agents
2026-07-13 08:58:20,418 - app.services.wazuh_api - ERROR - Failed: 404
2026-07-13 08:58:20,463 - app.services.wazuh_api - ERROR - Failed: 404
2026-07-13 08:58:20,536 - app.services.wazuh_api - ERROR - Failed: 404
2026-07-13 08:58:20,581 - app.services.wazuh_api - INFO - Found 2 agents
2026-07-13 08:58:21,409 - app.services.wazuh_api - ERROR - Failed: 404
2026-07-13 08:58:21,435 - app.services.wazuh_api - ERROR - Failed: 404
2026-07-13 08:58:21,485 - app.services.wazuh_api - ERROR - Failed: 404
2026-07-13 08:58:21,526 - app.services.wazuh_api - INFO - Found 2 agents
2026-07-13 08:58:22,415 - app.services.wazuh_api - ERROR - Failed: 404
2026-07-13 08:58:22,463 - app.services.wazuh_api - ERROR - Failed: 404
2026-07-13 08:58:22,510 - app.services.wazuh_api - ERROR - Failed: 404
2026-07-13 08:58:22,550 - app.services.wazuh_api - INFO - Found 2 agents
2026-07-13 08:58:23,397 - app.services.wazuh_api - ERROR - Failed: 404
2026-07-13 08:58:23,445 - app.services.wazuh_api - ERROR - Failed: 404
2026-07-13 08:58:23,492 - app.services.wazuh_api - ERROR - Failed: 404
2026-07-13 08:58:23,558 - app.services.wazuh_api - INFO - Found 2 agents
2026-07-13 08:58:24,398 - app.services.wazuh_api - ERROR - Failed: 404
2026-07-13 08:58:24,483 - app.services.wazuh_api - ERROR - Failed: 404
2026-07-13 08:58:24,559 - app.services.wazuh_api - ERROR - Failed: 404
2026-07-13 08:58:24,612 - app.services.wazuh_api - INFO - Found 2 agents
2026-07-13 08:58:25,418 - app.services.wazuh_api - ERROR - Failed: 404
2026-07-13 08:58:25,465 - app.services.wazuh_api - ERROR - Failed: 404
2026-07-13 08:58:25,494 - app.services.wazuh_api - ERROR - Failed: 404
2026-07-13 08:58:25,544 - app.services.wazuh_api - INFO - Found 2 agents
2026-07-13 08:58:26,395 - app.services.wazuh_api - ERROR - Failed: 404
2026-07-13 08:58:26,442 - app.services.wazuh_api - ERROR - Failed: 404
2026-07-13 08:58:26,531 - app.services.wazuh_api - ERROR - Failed: 404
2026-07-13 08:58:26,572 - app.services.wazuh_api - INFO - Found 2 agents
2026-07-13 08:58:27,452 - app.services.wazuh_api - ERROR - Failed: 404
2026-07-13 08:58:27,485 - app.services.wazuh_api - ERROR - Failed: 404
2026-07-13 08:58:27,532 - app.services.wazuh_api - ERROR - Failed: 404
2026-07-13 08:58:27,596 - app.services.wazuh_api - INFO - Found 2 agents
2026-07-13 08:58:28,393 - app.services.wazuh_api - ERROR - Failed: 404
2026-07-13 08:58:28,442 - app.services.wazuh_api - ERROR - Failed: 404
2026-07-13 08:58:28,483 - app.services.wazuh_api - ERROR - Failed: 404
2026-07-13 08:58:28,527 - app.services.wazuh_api - INFO - Found 2 agents
2026-07-13 08:58:29,414 - app.services.wazuh_api - ERROR - Failed: 404
2026-07-13 08:58:29,463 - app.services.wazuh_api - ERROR - Failed: 404
2026-07-13 08:58:29,531 - app.services.wazuh_api - ERROR - Failed: 404
2026-07-13 08:58:29,588 - app.services.wazuh_api - INFO - Found 2 agents
2026-07-13 08:58:30,412 - app.services.wazuh_api - ERROR - Failed: 404
2026-07-13 08:58:30,482 - app.services.wazuh_api - ERROR - Failed: 503
2026-07-13 08:58:30,533 - app.services.wazuh_api - ERROR - Failed: 503
2026-07-13 08:58:30,575 - app.services.wazuh_api - INFO - Found 2 agents
2026-07-13 08:58:31,448 - app.services.wazuh_api - ERROR - Failed: 400
2026-07-13 08:58:31,499 - app.services.wazuh_api - ERROR - Failed: 400
2026-07-13 08:58:31,529 - app.services.wazuh_api - ERROR - Failed: 400
2026-07-13 08:58:31,591 - app.services.wazuh_api - INFO - Found 2 agents
2026-07-13 08:58:32,592 - app.services.wazuh_api - ERROR - Failed: 400
2026-07-13 08:58:32,633 - app.services.wazuh_api - ERROR - Failed: 400
2026-07-13 08:58:32,680 - app.services.wazuh_api - ERROR - Failed: 400
2026-07-13 08:58:32,747 - app.services.wazuh_api - INFO - Found 2 agents
2026-07-13 08:58:33,447 - app.services.wazuh_api - ERROR - Failed: 400
2026-07-13 08:58:33,507 - app.services.wazuh_api - INFO - Found 2 agents
2026-07-13 08:58:33,536 - app.services.wazuh_api - ERROR - Failed: 400
2026-07-13 08:58:33,590 - app.services.wazuh_api - ERROR - Failed: 400
2026-07-13 08:58:34,411 - app.services.wazuh_api - ERROR - Failed: 400
2026-07-13 08:58:34,456 - app.services.wazuh_api - ERROR - Failed: 400
2026-07-13 08:58:34,500 - app.services.wazuh_api - ERROR - Failed: 400
2026-07-13 08:58:34,563 - app.services.wazuh_api - INFO - Found 2 agents
2026-07-13 08:58:35,604 - app.services.wazuh_api - ERROR - Failed: 400
2026-07-13 08:58:35,646 - app.services.wazuh_api - ERROR - Failed: 400
2026-07-13 08:58:35,676 - app.services.wazuh_api - ERROR - Failed: 400
2026-07-13 08:58:35,742 - app.services.wazuh_api - INFO - Found 2 agents
2026-07-13 08:58:36,604 - app.services.wazuh_api - ERROR - Failed: 400
2026-07-13 08:58:36,645 - app.services.wazuh_api - ERROR - Failed: 400
2026-07-13 08:58:36,720 - app.services.wazuh_api - ERROR - Failed: 400
2026-07-13 08:58:36,792 - app.services.wazuh_api - INFO - Found 2 agents
2026-07-13 08:58:37,607 - app.services.wazuh_api - ERROR - Failed: 400
2026-07-13 08:58:37,679 - app.services.wazuh_api - ERROR - Failed: 400
2026-07-13 08:58:37,718 - app.services.wazuh_api - ERROR - Failed: 400
2026-07-13 08:58:37,780 - app.services.wazuh_api - INFO - Found 2 agents
2026-07-13 08:58:38,652 - app.services.wazuh_api - ERROR - Failed: 400
2026-07-13 08:58:38,679 - app.services.wazuh_api - ERROR - Failed: 400
2026-07-13 08:58:38,718 - app.services.wazuh_api - ERROR - Failed: 400
2026-07-13 08:58:38,788 - app.services.wazuh_api - INFO - Found 2 agents
2026-07-13 08:58:39,614 - app.services.wazuh_api - ERROR - Failed: 400
2026-07-13 08:58:39,659 - app.services.wazuh_api - ERROR - Failed: 400
2026-07-13 08:58:39,748 - app.services.wazuh_api - ERROR - Failed: 400
2026-07-13 08:58:39,798 - app.services.wazuh_api - INFO - Found 2 agents
2026-07-13 08:58:40,605 - app.services.wazuh_api - ERROR - Failed: 400
2026-07-13 08:58:40,641 - app.services.wazuh_api - ERROR - Failed: 400
2026-07-13 08:58:40,724 - app.services.wazuh_api - ERROR - Failed: 400
2026-07-13 08:58:40,768 - app.services.wazuh_api - INFO - Found 2 agents
2026-07-13 08:58:41,605 - app.services.wazuh_api - INFO - Fetched 2 alerts from Indexer
2026-07-13 08:58:41,633 - app.services.wazuh_api - INFO - Fetched 2 alerts from Indexer
2026-07-13 08:58:41,703 - app.services.wazuh_api - INFO - Fetched 2 alerts from Indexer
2026-07-13 08:58:41,746 - app.services.wazuh_api - INFO - Found 2 agents
2026-07-13 08:58:42,599 - app.services.wazuh_api - INFO - Fetched 2 alerts from Indexer
2026-07-13 08:58:42,700 - app.services.wazuh_api - INFO - Fetched 2 alerts from Indexer
2026-07-13 08:58:42,752 - app.services.wazuh_api - INFO - Fetched 2 alerts from Indexer
2026-07-13 08:58:42,794 - app.services.wazuh_api - INFO - Found 2 agents
2026-07-13 08:58:43,424 - app.services.wazuh_api - INFO - Fetched 2 alerts from Indexer
2026-07-13 08:58:43,454 - app.services.wazuh_api - INFO - Fetched 2 alerts from Indexer
2026-07-13 08:58:43,515 - app.services.wazuh_api - INFO - Fetched 2 alerts from Indexer
2026-07-13 08:58:43,556 - app.services.wazuh_api - INFO - Found 2 agents
2026-07-13 08:58:44,415 - app.services.wazuh_api - INFO - Fetched 2 alerts from Indexer
2026-07-13 08:58:44,461 - app.services.wazuh_api - INFO - Fetched 2 alerts from Indexer
2026-07-13 08:58:44,528 - app.services.wazuh_api - INFO - Fetched 2 alerts from Indexer
2026-07-13 08:58:44,569 - app.services.wazuh_api - INFO - Found 2 agents
2026-07-13 08:58:45,400 - app.services.wazuh_api - INFO - Fetched 2 alerts from Indexer
2026-07-13 08:58:45,431 - app.services.wazuh_api - INFO - Fetched 2 alerts from Indexer
2026-07-13 08:58:45,510 - app.services.wazuh_api - INFO - Fetched 2 alerts from Indexer
2026-07-13 08:58:45,570 - app.services.wazuh_api - INFO - Found 2 agents
2026-07-13 08:58:46,613 - app.services.wazuh_api - INFO - Fetched 2 alerts from Indexer
2026-07-13 08:58:46,642 - app.services.wazuh_api - INFO - Fetched 2 alerts from Indexer
2026-07-13 08:58:46,705 - app.services.wazuh_api - INFO - Fetched 2 alerts from Indexer
2026-07-13 08:58:46,769 - app.services.wazuh_api - INFO - Found 2 agents
2026-07-13 08:58:47,603 - app.services.wazuh_api - INFO - Fetched 2 alerts from Indexer
2026-07-13 08:58:47,632 - app.services.wazuh_api - INFO - Fetched 2 alerts from Indexer
2026-07-13 08:58:47,698 - app.services.wazuh_api - INFO - Fetched 2 alerts from Indexer
2026-07-13 08:58:47,744 - app.services.wazuh_api - INFO - Found 2 agents
2026-07-13 08:58:48,652 - app.services.wazuh_api - INFO - Fetched 2 alerts from Indexer
2026-07-13 08:58:48,720 - app.services.wazuh_api - INFO - Fetched 2 alerts from Indexer
2026-07-13 08:58:48,785 - app.services.wazuh_api - INFO - Fetched 2 alerts from Indexer
2026-07-13 08:58:48,847 - app.services.wazuh_api - INFO - Found 2 agents
2026-07-13 08:58:49,649 - app.services.wazuh_api - INFO - Fetched 2 alerts from Indexer
2026-07-13 08:58:49,684 - app.services.wazuh_api - INFO - Fetched 2 alerts from Indexer
2026-07-13 08:58:49,763 - app.services.wazuh_api - INFO - Fetched 2 alerts from Indexer
2026-07-13 08:58:49,826 - app.services.wazuh_api - INFO - Found 2 agents
2026-07-13 08:58:50,605 - app.services.wazuh_api - INFO - Fetched 2 alerts from Indexer
2026-07-13 08:58:50,652 - app.services.wazuh_api - INFO - Fetched 2 alerts from Indexer
2026-07-13 08:58:50,728 - app.services.wazuh_api - INFO - Fetched 2 alerts from Indexer
2026-07-13 08:58:50,792 - app.services.wazuh_api - INFO - Found 2 agents
2026-07-13 08:58:51,656 - app.services.wazuh_api - INFO - Fetched 2 alerts from Indexer
2026-07-13 08:58:51,704 - app.services.wazuh_api - INFO - Fetched 2 alerts from Indexer
2026-07-13 08:58:51,755 - app.services.wazuh_api - INFO - Fetched 2 alerts from Indexer
2026-07-13 08:58:51,830 - app.services.wazuh_api - INFO - Found 2 agents
2026-07-13 08:58:52,644 - app.services.wazuh_api - INFO - Fetched 2 alerts from Indexer
2026-07-13 08:58:52,673 - app.services.wazuh_api - INFO - Fetched 2 alerts from Indexer
2026-07-13 08:58:52,728 - app.services.wazuh_api - INFO - Fetched 2 alerts from Indexer
2026-07-13 08:58:52,800 - app.services.wazuh_api - INFO - Found 2 agents
2026-07-13 08:58:53,610 - app.services.wazuh_api - INFO - Fetched 2 alerts from Indexer
2026-07-13 08:58:53,696 - app.services.wazuh_api - INFO - Fetched 2 alerts from Indexer
2026-07-13 08:58:53,763 - app.services.wazuh_api - INFO - Fetched 2 alerts from Indexer
2026-07-13 08:58:53,813 - app.services.wazuh_api - INFO - Found 2 agents
2026-07-13 08:58:54,604 - app.services.wazuh_api - INFO - Fetched 2 alerts from Indexer
2026-07-13 08:58:54,639 - app.services.wazuh_api - INFO - Fetched 2 alerts from Indexer
2026-07-13 08:58:54,696 - app.services.wazuh_api - INFO - Fetched 2 alerts from Indexer
2026-07-13 08:58:54,765 - app.services.wazuh_api - INFO - Found 2 agents
2026-07-13 08:58:55,644 - app.services.wazuh_api - INFO - Fetched 2 alerts from Indexer
2026-07-13 08:58:55,694 - app.services.wazuh_api - INFO - Fetched 2 alerts from Indexer
2026-07-13 08:58:55,767 - app.services.wazuh_api - INFO - Fetched 2 alerts from Indexer
2026-07-13 08:58:55,816 - app.services.wazuh_api - INFO - Found 2 agents
2026-07-13 08:58:56,604 - app.services.wazuh_api - INFO - Fetched 2 alerts from Indexer
2026-07-13 08:58:56,639 - app.services.wazuh_api - INFO - Fetched 2 alerts from Indexer
2026-07-13 08:58:56,784 - app.services.wazuh_api - INFO - Fetched 2 alerts from Indexer
2026-07-13 08:58:56,835 - app.services.wazuh_api - INFO - Found 2 agents
2026-07-13 08:58:57,595 - app.services.wazuh_api - INFO - Fetched 2 alerts from Indexer
2026-07-13 08:58:57,624 - app.services.wazuh_api - INFO - Fetched 2 alerts from Indexer
2026-07-13 08:58:57,679 - app.services.wazuh_api - INFO - Fetched 2 alerts from Indexer
2026-07-13 08:58:57,747 - app.services.wazuh_api - INFO - Found 2 agents
2026-07-13 08:58:58,617 - app.services.wazuh_api - INFO - Fetched 2 alerts from Indexer
2026-07-13 08:58:58,692 - app.services.wazuh_api - INFO - Fetched 2 alerts from Indexer
2026-07-13 08:58:58,753 - app.services.wazuh_api - INFO - Fetched 2 alerts from Indexer
2026-07-13 08:58:58,812 - app.services.wazuh_api - INFO - Found 2 agents
2026-07-13 08:58:59,608 - app.services.wazuh_api - INFO - Fetched 2 alerts from Indexer
2026-07-13 08:58:59,655 - app.services.wazuh_api - INFO - Fetched 2 alerts from Indexer
2026-07-13 08:58:59,785 - app.services.wazuh_api - INFO - Fetched 2 alerts from Indexer
2026-07-13 08:58:59,829 - app.services.wazuh_api - INFO - Found 2 agents
2026-07-13 08:59:00,612 - app.services.wazuh_api - INFO - Fetched 2 alerts from Indexer
2026-07-13 08:59:00,647 - app.services.wazuh_api - INFO - Fetched 2 alerts from Indexer
2026-07-13 08:59:00,714 - app.services.wazuh_api - INFO - Fetched 2 alerts from Indexer
2026-07-13 08:59:00,770 - app.services.wazuh_api - INFO - Found 2 agents
2026-07-13 08:59:01,607 - app.services.wazuh_api - INFO - Fetched 2 alerts from Indexer
2026-07-13 08:59:01,651 - app.services.wazuh_api - INFO - Fetched 2 alerts from Indexer
2026-07-13 08:59:01,718 - app.services.wazuh_api - INFO - Fetched 2 alerts from Indexer
2026-07-13 08:59:01,791 - app.services.wazuh_api - INFO - Found 2 agents
2026-07-13 08:59:02,592 - app.services.wazuh_api - INFO - Fetched 2 alerts from Indexer
2026-07-13 08:59:02,676 - app.services.wazuh_api - INFO - Fetched 2 alerts from Indexer
2026-07-13 08:59:02,738 - app.services.wazuh_api - INFO - Fetched 2 alerts from Indexer
2026-07-13 08:59:02,785 - app.services.wazuh_api - INFO - Found 2 agents
2026-07-13 08:59:03,609 - app.services.wazuh_api - INFO - Fetched 2 alerts from Indexer
2026-07-13 08:59:03,641 - app.services.wazuh_api - INFO - Fetched 2 alerts from Indexer
2026-07-13 08:59:03,714 - app.services.wazuh_api - INFO - Fetched 2 alerts from Indexer
2026-07-13 08:59:03,784 - app.services.wazuh_api - INFO - Found 2 agents
2026-07-13 08:59:04,618 - app.services.wazuh_api - INFO - Fetched 2 alerts from Indexer
2026-07-13 08:59:04,659 - app.services.wazuh_api - INFO - Fetched 2 alerts from Indexer
2026-07-13 08:59:04,712 - app.services.wazuh_api - INFO - Fetched 2 alerts from Indexer
2026-07-13 08:59:04,770 - app.services.wazuh_api - INFO - Found 2 agents
2026-07-13 08:59:05,611 - app.services.wazuh_api - INFO - Fetched 2 alerts from Indexer
2026-07-13 08:59:05,641 - app.services.wazuh_api - INFO - Fetched 2 alerts from Indexer
2026-07-13 08:59:05,697 - app.services.wazuh_api - INFO - Fetched 2 alerts from Indexer
2026-07-13 08:59:05,738 - app.services.wazuh_api - INFO - Found 2 agents
2026-07-13 08:59:06,619 - app.services.wazuh_api - INFO - Fetched 2 alerts from Indexer
2026-07-13 08:59:06,693 - app.services.wazuh_api - INFO - Fetched 2 alerts from Indexer
2026-07-13 08:59:06,771 - app.services.wazuh_api - INFO - Fetched 2 alerts from Indexer
2026-07-13 08:59:06,825 - app.services.wazuh_api - INFO - Found 2 agents
2026-07-13 08:59:07,602 - app.services.wazuh_api - INFO - Fetched 2 alerts from Indexer
2026-07-13 08:59:07,649 - app.services.wazuh_api - INFO - Fetched 2 alerts from Indexer
2026-07-13 08:59:07,725 - app.services.wazuh_api - INFO - Fetched 2 alerts from Indexer
2026-07-13 08:59:07,807 - app.services.wazuh_api - INFO - Found 2 agents
2026-07-13 08:59:08,653 - app.services.wazuh_api - INFO - Fetched 2 alerts from Indexer
2026-07-13 08:59:08,704 - app.services.wazuh_api - INFO - Fetched 2 alerts from Indexer
2026-07-13 08:59:08,759 - app.services.wazuh_api - INFO - Fetched 2 alerts from Indexer
2026-07-13 08:59:08,832 - app.services.wazuh_api - INFO - Found 2 agents
2026-07-13 08:59:09,606 - app.services.wazuh_api - INFO - Fetched 2 alerts from Indexer
2026-07-13 08:59:09,644 - app.services.wazuh_api - INFO - Fetched 2 alerts from Indexer
2026-07-13 08:59:09,706 - app.services.wazuh_api - INFO - Fetched 2 alerts from Indexer
2026-07-13 08:59:09,773 - app.services.wazuh_api - INFO - Found 2 agents
2026-07-13 08:59:10,592 - app.services.wazuh_api - INFO - Fetched 2 alerts from Indexer
2026-07-13 08:59:10,632 - app.services.wazuh_api - INFO - Fetched 2 alerts from Indexer
2026-07-13 08:59:10,684 - app.services.wazuh_api - INFO - Fetched 2 alerts from Indexer
2026-07-13 08:59:10,731 - app.services.wazuh_api - INFO - Found 2 agents
2026-07-13 08:59:11,648 - app.services.wazuh_api - INFO - Fetched 2 alerts from Indexer
2026-07-13 08:59:11,698 - app.services.wazuh_api - INFO - Fetched 2 alerts from Indexer
2026-07-13 08:59:11,756 - app.services.wazuh_api - INFO - Fetched 2 alerts from Indexer
2026-07-13 08:59:11,826 - app.services.wazuh_api - INFO - Found 2 agents
2026-07-13 08:59:12,599 - app.services.wazuh_api - INFO - Fetched 2 alerts from Indexer
2026-07-13 08:59:12,644 - app.services.wazuh_api - INFO - Fetched 2 alerts from Indexer
2026-07-13 08:59:12,693 - app.services.wazuh_api - INFO - Fetched 2 alerts from Indexer
2026-07-13 08:59:12,732 - app.services.wazuh_api - INFO - Found 2 agents
2026-07-13 08:59:13,613 - app.services.wazuh_api - INFO - Fetched 2 alerts from Indexer
2026-07-13 08:59:13,685 - app.services.wazuh_api - INFO - Fetched 2 alerts from Indexer
2026-07-13 08:59:13,732 - app.services.wazuh_api - INFO - Fetched 2 alerts from Indexer
2026-07-13 08:59:13,784 - app.services.wazuh_api - INFO - Found 2 agents
2026-07-13 08:59:14,609 - app.services.wazuh_api - INFO - Fetched 2 alerts from Indexer
2026-07-13 08:59:14,636 - app.services.wazuh_api - INFO - Fetched 2 alerts from Indexer
2026-07-13 08:59:14,704 - app.services.wazuh_api - INFO - Fetched 2 alerts from Indexer
2026-07-13 08:59:14,770 - app.services.wazuh_api - INFO - Found 2 agents
2026-07-13 08:59:15,614 - app.services.wazuh_api - INFO - Fetched 2 alerts from Indexer
2026-07-13 08:59:15,704 - app.services.wazuh_api - INFO - Fetched 2 alerts from Indexer
2026-07-13 08:59:15,800 - app.services.wazuh_api - INFO - Fetched 2 alerts from Indexer
2026-07-13 08:59:15,860 - app.services.wazuh_api - INFO - Found 2 agents
2026-07-13 08:59:16,601 - app.services.wazuh_api - INFO - Fetched 2 alerts from Indexer
2026-07-13 08:59:16,646 - app.services.wazuh_api - INFO - Fetched 2 alerts from Indexer
2026-07-13 08:59:16,693 - app.services.wazuh_api - INFO - Fetched 2 alerts from Indexer
2026-07-13 08:59:16,758 - app.services.wazuh_api - INFO - Found 2 agents
2026-07-13 08:59:17,653 - app.services.wazuh_api - INFO - Fetched 2 alerts from Indexer
2026-07-13 08:59:17,703 - app.services.wazuh_api - INFO - Fetched 2 alerts from Indexer
2026-07-13 08:59:17,754 - app.services.wazuh_api - INFO - Fetched 2 alerts from Indexer
2026-07-13 08:59:17,800 - app.services.wazuh_api - INFO - Found 2 agents
2026-07-13 08:59:18,605 - app.services.wazuh_api - INFO - Fetched 2 alerts from Indexer
2026-07-13 08:59:18,648 - app.services.wazuh_api - INFO - Fetched 2 alerts from Indexer
2026-07-13 08:59:18,712 - app.services.wazuh_api - INFO - Fetched 2 alerts from Indexer
2026-07-13 08:59:18,779 - app.services.wazuh_api - INFO - Found 2 agents
2026-07-13 08:59:19,600 - app.services.wazuh_api - INFO - Fetched 2 alerts from Indexer
2026-07-13 08:59:19,632 - app.services.wazuh_api - INFO - Fetched 2 alerts from Indexer
2026-07-13 08:59:19,703 - app.services.wazuh_api - INFO - Fetched 2 alerts from Indexer
2026-07-13 08:59:19,774 - app.services.wazuh_api - INFO - Found 2 agents
2026-07-13 08:59:20,606 - app.services.wazuh_api - INFO - Fetched 2 alerts from Indexer
2026-07-13 08:59:20,650 - app.services.wazuh_api - INFO - Fetched 2 alerts from Indexer
2026-07-13 08:59:20,702 - app.services.wazuh_api - INFO - Fetched 2 alerts from Indexer
2026-07-13 08:59:20,764 - app.services.wazuh_api - INFO - Found 2 agents
2026-07-13 08:59:21,652 - app.services.wazuh_api - INFO - Fetched 2 alerts from Indexer
2026-07-13 08:59:21,698 - app.services.wazuh_api - INFO - Fetched 2 alerts from Indexer
2026-07-13 08:59:21,751 - app.services.wazuh_api - INFO - Fetched 2 alerts from Indexer
2026-07-13 08:59:21,795 - app.services.wazuh_api - INFO - Found 2 agents
2026-07-13 08:59:22,603 - app.services.wazuh_api - INFO - Fetched 2 alerts from Indexer
2026-07-13 08:59:22,637 - app.services.wazuh_api - INFO - Fetched 2 alerts from Indexer
2026-07-13 08:59:22,695 - app.services.wazuh_api - INFO - Fetched 2 alerts from Indexer
2026-07-13 08:59:22,775 - app.services.wazuh_api - INFO - Found 2 agents
2026-07-13 08:59:23,599 - app.services.wazuh_api - INFO - Fetched 2 alerts from Indexer
2026-07-13 08:59:23,676 - app.services.wazuh_api - INFO - Fetched 2 alerts from Indexer
2026-07-13 08:59:23,746 - app.services.wazuh_api - INFO - Fetched 2 alerts from Indexer
2026-07-13 08:59:23,816 - app.services.wazuh_api - INFO - Found 2 agents
2026-07-13 08:59:24,601 - app.services.wazuh_api - INFO - Fetched 2 alerts from Indexer
2026-07-13 08:59:24,688 - app.services.wazuh_api - INFO - Fetched 2 alerts from Indexer
2026-07-13 08:59:24,758 - app.services.wazuh_api - INFO - Fetched 2 alerts from Indexer
2026-07-13 08:59:24,828 - app.services.wazuh_api - INFO - Found 2 agents
2026-07-13 08:59:25,611 - app.services.wazuh_api - INFO - Fetched 2 alerts from Indexer
2026-07-13 08:59:25,659 - app.services.wazuh_api - INFO - Fetched 2 alerts from Indexer
2026-07-13 08:59:25,721 - app.services.wazuh_api - INFO - Fetched 2 alerts from Indexer
2026-07-13 08:59:25,787 - app.services.wazuh_api - INFO - Found 2 agents
2026-07-13 08:59:26,640 - app.services.wazuh_api - INFO - Fetched 2 alerts from Indexer
2026-07-13 08:59:26,685 - app.services.wazuh_api - INFO - Fetched 2 alerts from Indexer
2026-07-13 08:59:26,788 - app.services.wazuh_api - INFO - Fetched 2 alerts from Indexer
2026-07-13 08:59:26,830 - app.services.wazuh_api - INFO - Found 2 agents
2026-07-13 08:59:27,604 - app.services.wazuh_api - INFO - Fetched 2 alerts from Indexer
2026-07-13 08:59:27,651 - app.services.wazuh_api - INFO - Fetched 2 alerts from Indexer
2026-07-13 08:59:27,704 - app.services.wazuh_api - INFO - Fetched 2 alerts from Indexer
2026-07-13 08:59:27,764 - app.services.wazuh_api - INFO - Found 2 agents
2026-07-13 08:59:28,611 - app.services.wazuh_api - INFO - Fetched 2 alerts from Indexer
2026-07-13 08:59:28,651 - app.services.wazuh_api - INFO - Fetched 2 alerts from Indexer
2026-07-13 08:59:28,715 - app.services.wazuh_api - INFO - Fetched 2 alerts from Indexer
2026-07-13 08:59:28,760 - app.services.wazuh_api - INFO - Found 2 agents
2026-07-13 08:59:29,593 - app.services.wazuh_api - INFO - Fetched 2 alerts from Indexer
2026-07-13 08:59:29,637 - app.services.wazuh_api - INFO - Fetched 2 alerts from Indexer
2026-07-13 08:59:29,679 - app.services.wazuh_api - INFO - Fetched 2 alerts from Indexer
2026-07-13 08:59:29,744 - app.services.wazuh_api - INFO - Found 2 agents
2026-07-13 08:59:30,656 - app.services.wazuh_api - INFO - Fetched 2 alerts from Indexer
2026-07-13 08:59:30,707 - app.services.wazuh_api - INFO - Fetched 2 alerts from Indexer
2026-07-13 08:59:30,765 - app.services.wazuh_api - INFO - Fetched 2 alerts from Indexer
2026-07-13 08:59:30,822 - app.services.wazuh_api - INFO - Found 2 agents
2026-07-13 08:59:31,601 - app.services.wazuh_api - INFO - Fetched 2 alerts from Indexer
2026-07-13 08:59:31,627 - app.services.wazuh_api - INFO - Fetched 2 alerts from Indexer
2026-07-13 08:59:31,679 - app.services.wazuh_api - INFO - Fetched 2 alerts from Indexer
2026-07-13 08:59:31,734 - app.services.wazuh_api - INFO - Found 2 agents
2026-07-13 08:59:32,609 - app.services.wazuh_api - INFO - Fetched 2 alerts from Indexer
2026-07-13 08:59:32,641 - app.services.wazuh_api - INFO - Fetched 2 alerts from Indexer
2026-07-13 08:59:32,703 - app.services.wazuh_api - INFO - Fetched 2 alerts from Indexer
2026-07-13 08:59:32,768 - app.services.wazuh_api - INFO - Found 2 agents
2026-07-13 08:59:33,602 - app.services.wazuh_api - INFO - Fetched 2 alerts from Indexer
2026-07-13 08:59:33,650 - app.services.wazuh_api - INFO - Fetched 2 alerts from Indexer
2026-07-13 08:59:33,710 - app.services.wazuh_api - INFO - Fetched 2 alerts from Indexer
2026-07-13 08:59:33,779 - app.services.wazuh_api - INFO - Found 2 agents
2026-07-13 08:59:34,603 - app.services.wazuh_api - INFO - Fetched 2 alerts from Indexer
2026-07-13 08:59:34,650 - app.services.wazuh_api - INFO - Fetched 2 alerts from Indexer
2026-07-13 08:59:34,700 - app.services.wazuh_api - INFO - Fetched 2 alerts from Indexer
2026-07-13 08:59:34,760 - app.services.wazuh_api - INFO - Found 2 agents
2026-07-13 08:59:35,601 - app.services.wazuh_api - INFO - Fetched 2 alerts from Indexer
2026-07-13 08:59:35,629 - app.services.wazuh_api - INFO - Fetched 2 alerts from Indexer
2026-07-13 08:59:35,683 - app.services.wazuh_api - INFO - Fetched 2 alerts from Indexer
2026-07-13 08:59:35,745 - app.services.wazuh_api - INFO - Found 2 agents
2026-07-13 08:59:36,606 - app.services.wazuh_api - INFO - Fetched 2 alerts from Indexer
2026-07-13 08:59:36,636 - app.services.wazuh_api - INFO - Fetched 2 alerts from Indexer
2026-07-13 08:59:36,691 - app.services.wazuh_api - INFO - Fetched 2 alerts from Indexer
2026-07-13 08:59:36,743 - app.services.wazuh_api - INFO - Found 2 agents
2026-07-13 08:59:37,601 - app.services.wazuh_api - INFO - Fetched 2 alerts from Indexer
2026-07-13 08:59:37,688 - app.services.wazuh_api - INFO - Fetched 2 alerts from Indexer
2026-07-13 08:59:37,758 - app.services.wazuh_api - INFO - Fetched 2 alerts from Indexer
2026-07-13 08:59:37,823 - app.services.wazuh_api - INFO - Found 2 agents
2026-07-13 08:59:38,600 - app.services.wazuh_api - INFO - Fetched 2 alerts from Indexer
2026-07-13 08:59:38,651 - app.services.wazuh_api - INFO - Fetched 2 alerts from Indexer
2026-07-13 08:59:38,709 - app.services.wazuh_api - INFO - Fetched 2 alerts from Indexer
2026-07-13 08:59:38,786 - app.services.wazuh_api - INFO - Found 2 agents
2026-07-13 08:59:39,606 - app.services.wazuh_api - INFO - Fetched 2 alerts from Indexer
2026-07-13 08:59:39,640 - app.services.wazuh_api - INFO - Fetched 2 alerts from Indexer
2026-07-13 08:59:39,689 - app.services.wazuh_api - INFO - Fetched 2 alerts from Indexer
2026-07-13 08:59:39,749 - app.services.wazuh_api - INFO - Found 2 agents
2026-07-13 08:59:40,599 - app.services.wazuh_api - INFO - Fetched 2 alerts from Indexer
2026-07-13 08:59:40,643 - app.services.wazuh_api - INFO - Fetched 2 alerts from Indexer
2026-07-13 08:59:40,705 - app.services.wazuh_api - INFO - Fetched 2 alerts from Indexer
2026-07-13 08:59:40,746 - app.services.wazuh_api - INFO - Found 2 agents
2026-07-13 08:59:41,608 - app.services.wazuh_api - INFO - Fetched 2 alerts from Indexer
2026-07-13 08:59:41,659 - app.services.wazuh_api - INFO - Fetched 2 alerts from Indexer
2026-07-13 08:59:41,705 - app.services.wazuh_api - INFO - Fetched 2 alerts from Indexer
2026-07-13 08:59:41,780 - app.services.wazuh_api - INFO - Found 2 agents
2026-07-13 08:59:42,588 - app.services.wazuh_api - INFO - Fetched 2 alerts from Indexer
2026-07-13 08:59:42,620 - app.services.wazuh_api - INFO - Fetched 2 alerts from Indexer
2026-07-13 08:59:42,678 - app.services.wazuh_api - INFO - Fetched 2 alerts from Indexer
2026-07-13 08:59:42,751 - app.services.wazuh_api - INFO - Found 2 agents
2026-07-13 08:59:43,608 - app.services.wazuh_api - INFO - Fetched 2 alerts from Indexer
2026-07-13 08:59:43,697 - app.services.wazuh_api - INFO - Fetched 2 alerts from Indexer
2026-07-13 08:59:43,752 - app.services.wazuh_api - INFO - Fetched 2 alerts from Indexer
2026-07-13 08:59:43,817 - app.services.wazuh_api - INFO - Found 2 agents
2026-07-13 08:59:44,604 - app.services.wazuh_api - INFO - Fetched 2 alerts from Indexer
2026-07-13 08:59:44,650 - app.services.wazuh_api - INFO - Fetched 2 alerts from Indexer
2026-07-13 08:59:44,703 - app.services.wazuh_api - INFO - Fetched 2 alerts from Indexer
2026-07-13 08:59:44,767 - app.services.wazuh_api - INFO - Found 2 agents
2026-07-13 08:59:45,608 - app.services.wazuh_api - INFO - Fetched 2 alerts from Indexer
2026-07-13 08:59:45,651 - app.services.wazuh_api - INFO - Fetched 2 alerts from Indexer
2026-07-13 08:59:45,701 - app.services.wazuh_api - INFO - Fetched 2 alerts from Indexer
2026-07-13 08:59:45,762 - app.services.wazuh_api - INFO - Found 2 agents
2026-07-13 09:00:14,605 - app.services.wazuh_api - INFO - Fetched 2 alerts from Indexer
2026-07-13 09:00:14,649 - app.services.wazuh_api - INFO - Fetched 2 alerts from Indexer
2026-07-13 09:00:14,695 - app.services.wazuh_api - INFO - Fetched 2 alerts from Indexer
2026-07-13 09:00:14,750 - app.services.wazuh_api - INFO - Found 2 agents
2026-07-13 09:00:34,111 - app.services.wazuh_api - INFO - Fetched 4 alerts from Indexer
2026-07-13 09:00:34,156 - app.services.wazuh_api - INFO - Fetched 4 alerts from Indexer
2026-07-13 09:00:34,249 - app.services.wazuh_api - INFO - Fetched 4 alerts from Indexer
2026-07-13 09:00:34,313 - app.services.wazuh_api - INFO - Found 2 agents
2026-07-13 09:00:34,403 - app.services.wazuh_api - INFO - Fetched 4 alerts from Indexer
2026-07-13 09:00:34,451 - app.services.wazuh_api - INFO - Fetched 4 alerts from Indexer
2026-07-13 09:00:34,515 - app.services.wazuh_api - INFO - Fetched 4 alerts from Indexer
2026-07-13 09:00:34,574 - app.services.wazuh_api - INFO - Found 2 agents
2026-07-13 09:00:35,416 - app.services.wazuh_api - INFO - Fetched 4 alerts from Indexer
2026-07-13 09:00:35,445 - app.services.wazuh_api - INFO - Fetched 4 alerts from Indexer
2026-07-13 09:00:35,544 - app.services.wazuh_api - INFO - Fetched 4 alerts from Indexer
2026-07-13 09:00:35,612 - app.services.wazuh_api - INFO - Found 2 agents
2026-07-13 09:00:36,592 - app.services.wazuh_api - INFO - Fetched 4 alerts from Indexer
2026-07-13 09:00:36,633 - app.services.wazuh_api - INFO - Fetched 4 alerts from Indexer
2026-07-13 09:00:36,700 - app.services.wazuh_api - INFO - Fetched 4 alerts from Indexer
2026-07-13 09:00:36,772 - app.services.wazuh_api - INFO - Found 2 agents
2026-07-13 09:00:37,448 - app.services.wazuh_api - INFO - Fetched 4 alerts from Indexer
2026-07-13 09:00:37,491 - app.services.wazuh_api - INFO - Fetched 4 alerts from Indexer
2026-07-13 09:00:37,560 - app.services.wazuh_api - INFO - Fetched 4 alerts from Indexer
2026-07-13 09:00:37,670 - app.services.wazuh_api - INFO - Found 2 agents
2026-07-13 09:00:38,414 - app.services.wazuh_api - INFO - Fetched 4 alerts from Indexer
2026-07-13 09:00:38,459 - app.services.wazuh_api - INFO - Fetched 4 alerts from Indexer
2026-07-13 09:00:38,530 - app.services.wazuh_api - INFO - Fetched 4 alerts from Indexer
2026-07-13 09:00:38,589 - app.services.wazuh_api - INFO - Found 2 agents
2026-07-13 09:00:39,597 - app.services.wazuh_api - INFO - Fetched 4 alerts from Indexer
2026-07-13 09:00:39,644 - app.services.wazuh_api - INFO - Fetched 4 alerts from Indexer
2026-07-13 09:00:39,723 - app.services.wazuh_api - INFO - Fetched 4 alerts from Indexer
2026-07-13 09:00:39,786 - app.services.wazuh_api - INFO - Found 2 agents
2026-07-13 09:00:40,596 - app.services.wazuh_api - INFO - Fetched 4 alerts from Indexer
2026-07-13 09:00:40,643 - app.services.wazuh_api - INFO - Fetched 4 alerts from Indexer
2026-07-13 09:00:40,740 - app.services.wazuh_api - INFO - Fetched 4 alerts from Indexer
2026-07-13 09:00:40,803 - app.services.wazuh_api - INFO - Found 2 agents
2026-07-13 09:00:41,598 - app.services.wazuh_api - INFO - Fetched 4 alerts from Indexer
2026-07-13 09:00:41,643 - app.services.wazuh_api - INFO - Fetched 4 alerts from Indexer
2026-07-13 09:00:41,713 - app.services.wazuh_api - INFO - Fetched 4 alerts from Indexer
2026-07-13 09:00:41,777 - app.services.wazuh_api - INFO - Found 2 agents
2026-07-13 09:00:42,648 - app.services.wazuh_api - INFO - Fetched 4 alerts from Indexer
2026-07-13 09:00:42,684 - app.services.wazuh_api - INFO - Fetched 4 alerts from Indexer
2026-07-13 09:00:42,763 - app.services.wazuh_api - INFO - Fetched 4 alerts from Indexer
2026-07-13 09:00:42,826 - app.services.wazuh_api - INFO - Found 2 agents
2026-07-13 09:00:43,602 - app.services.wazuh_api - INFO - Fetched 4 alerts from Indexer
2026-07-13 09:00:43,646 - app.services.wazuh_api - INFO - Fetched 4 alerts from Indexer
2026-07-13 09:00:43,714 - app.services.wazuh_api - INFO - Fetched 4 alerts from Indexer
2026-07-13 09:00:43,762 - app.services.wazuh_api - INFO - Found 2 agents
2026-07-13 09:00:44,602 - app.services.wazuh_api - INFO - Fetched 4 alerts from Indexer
2026-07-13 09:00:44,684 - app.services.wazuh_api - INFO - Fetched 4 alerts from Indexer
2026-07-13 09:00:44,752 - app.services.wazuh_api - INFO - Fetched 4 alerts from Indexer
2026-07-13 09:00:44,820 - app.services.wazuh_api - INFO - Found 2 agents
2026-07-13 09:00:45,607 - app.services.wazuh_api - INFO - Fetched 4 alerts from Indexer
2026-07-13 09:00:45,692 - app.services.wazuh_api - INFO - Fetched 4 alerts from Indexer
2026-07-13 09:00:45,776 - app.services.wazuh_api - INFO - Fetched 4 alerts from Indexer
2026-07-13 09:00:45,830 - app.services.wazuh_api - INFO - Found 2 agents
2026-07-13 09:00:46,600 - app.services.wazuh_api - INFO - Fetched 4 alerts from Indexer
2026-07-13 09:00:46,644 - app.services.wazuh_api - INFO - Fetched 4 alerts from Indexer
2026-07-13 09:00:46,716 - app.services.wazuh_api - INFO - Fetched 4 alerts from Indexer
2026-07-13 09:00:46,780 - app.services.wazuh_api - INFO - Found 2 agents
2026-07-13 09:00:47,598 - app.services.wazuh_api - INFO - Fetched 4 alerts from Indexer
2026-07-13 09:00:47,626 - app.services.wazuh_api - INFO - Fetched 4 alerts from Indexer
2026-07-13 09:00:47,693 - app.services.wazuh_api - INFO - Fetched 4 alerts from Indexer
2026-07-13 09:00:47,762 - app.services.wazuh_api - INFO - Found 2 agents
2026-07-13 09:00:48,614 - app.services.wazuh_api - INFO - Fetched 4 alerts from Indexer
2026-07-13 09:00:48,659 - app.services.wazuh_api - INFO - Fetched 4 alerts from Indexer
2026-07-13 09:00:48,781 - app.services.wazuh_api - INFO - Fetched 4 alerts from Indexer
2026-07-13 09:00:48,849 - app.services.wazuh_api - INFO - Found 2 agents
2026-07-13 09:00:49,611 - app.services.wazuh_api - INFO - Fetched 4 alerts from Indexer
2026-07-13 09:00:49,657 - app.services.wazuh_api - INFO - Fetched 4 alerts from Indexer
2026-07-13 09:00:49,727 - app.services.wazuh_api - INFO - Fetched 4 alerts from Indexer
2026-07-13 09:00:49,793 - app.services.wazuh_api - INFO - Found 2 agents
2026-07-13 09:00:50,611 - app.services.wazuh_api - INFO - Fetched 4 alerts from Indexer
2026-07-13 09:00:50,658 - app.services.wazuh_api - INFO - Fetched 4 alerts from Indexer
2026-07-13 09:00:50,728 - app.services.wazuh_api - INFO - Fetched 4 alerts from Indexer
2026-07-13 09:00:50,792 - app.services.wazuh_api - INFO - Found 2 agents
2026-07-13 09:00:51,611 - app.services.wazuh_api - INFO - Fetched 4 alerts from Indexer
2026-07-13 09:00:51,655 - app.services.wazuh_api - INFO - Fetched 4 alerts from Indexer
2026-07-13 09:00:51,723 - app.services.wazuh_api - INFO - Fetched 4 alerts from Indexer
2026-07-13 09:00:51,785 - app.services.wazuh_api - INFO - Found 2 agents
2026-07-13 09:00:52,593 - app.services.wazuh_api - INFO - Fetched 4 alerts from Indexer
2026-07-13 09:00:52,619 - app.services.wazuh_api - INFO - Fetched 4 alerts from Indexer
2026-07-13 09:00:52,714 - app.services.wazuh_api - INFO - Fetched 4 alerts from Indexer
2026-07-13 09:00:52,785 - app.services.wazuh_api - INFO - Found 2 agents
2026-07-13 09:00:53,591 - app.services.wazuh_api - INFO - Fetched 4 alerts from Indexer
2026-07-13 09:00:53,638 - app.services.wazuh_api - INFO - Fetched 4 alerts from Indexer
2026-07-13 09:00:53,709 - app.services.wazuh_api - INFO - Fetched 4 alerts from Indexer
2026-07-13 09:00:53,792 - app.services.wazuh_api - INFO - Found 2 agents
2026-07-13 09:00:54,600 - app.services.wazuh_api - INFO - Fetched 4 alerts from Indexer
2026-07-13 09:00:54,628 - app.services.wazuh_api - INFO - Fetched 4 alerts from Indexer
2026-07-13 09:00:54,708 - app.services.wazuh_api - INFO - Fetched 4 alerts from Indexer
2026-07-13 09:00:54,758 - app.services.wazuh_api - INFO - Found 2 agents
2026-07-13 09:00:55,596 - app.services.wazuh_api - INFO - Fetched 4 alerts from Indexer
2026-07-13 09:00:55,633 - app.services.wazuh_api - INFO - Fetched 4 alerts from Indexer
2026-07-13 09:00:55,712 - app.services.wazuh_api - INFO - Fetched 4 alerts from Indexer
2026-07-13 09:00:55,779 - app.services.wazuh_api - INFO - Found 2 agents
2026-07-13 09:00:56,608 - app.services.wazuh_api - INFO - Fetched 4 alerts from Indexer
2026-07-13 09:00:56,637 - app.services.wazuh_api - INFO - Fetched 4 alerts from Indexer
2026-07-13 09:00:56,731 - app.services.wazuh_api - INFO - Fetched 4 alerts from Indexer
2026-07-13 09:00:56,796 - app.services.wazuh_api - INFO - Found 2 agents
2026-07-13 09:00:57,600 - app.services.wazuh_api - INFO - Fetched 4 alerts from Indexer
2026-07-13 09:00:57,693 - app.services.wazuh_api - INFO - Fetched 4 alerts from Indexer
2026-07-13 09:00:57,790 - app.services.wazuh_api - INFO - Fetched 4 alerts from Indexer
2026-07-13 09:00:57,852 - app.services.wazuh_api - INFO - Found 2 agents
2026-07-13 09:00:58,613 - app.services.wazuh_api - INFO - Fetched 4 alerts from Indexer
2026-07-13 09:00:58,658 - app.services.wazuh_api - INFO - Fetched 4 alerts from Indexer
2026-07-13 09:00:58,732 - app.services.wazuh_api - INFO - Fetched 4 alerts from Indexer
2026-07-13 09:00:58,786 - app.services.wazuh_api - INFO - Found 2 agents
2026-07-13 09:00:59,609 - app.services.wazuh_api - INFO - Fetched 4 alerts from Indexer
2026-07-13 09:00:59,676 - app.services.wazuh_api - INFO - Fetched 4 alerts from Indexer
2026-07-13 09:00:59,743 - app.services.wazuh_api - INFO - Fetched 4 alerts from Indexer
2026-07-13 09:00:59,800 - app.services.wazuh_api - INFO - Found 2 agents
2026-07-13 09:01:00,604 - app.services.wazuh_api - INFO - Fetched 4 alerts from Indexer
2026-07-13 09:01:00,651 - app.services.wazuh_api - INFO - Fetched 4 alerts from Indexer
2026-07-13 09:01:00,731 - app.services.wazuh_api - INFO - Fetched 4 alerts from Indexer
2026-07-13 09:01:00,799 - app.services.wazuh_api - INFO - Found 2 agents
2026-07-13 09:01:01,637 - app.services.wazuh_api - INFO - Fetched 4 alerts from Indexer
2026-07-13 09:01:01,663 - app.services.wazuh_api - INFO - Fetched 4 alerts from Indexer
2026-07-13 09:01:01,732 - app.services.wazuh_api - INFO - Fetched 4 alerts from Indexer
2026-07-13 09:01:01,782 - app.services.wazuh_api - INFO - Found 2 agents
2026-07-13 09:01:02,604 - app.services.wazuh_api - INFO - Fetched 4 alerts from Indexer
2026-07-13 09:01:02,651 - app.services.wazuh_api - INFO - Fetched 4 alerts from Indexer
2026-07-13 09:01:02,714 - app.services.wazuh_api - INFO - Fetched 4 alerts from Indexer
2026-07-13 09:01:02,782 - app.services.wazuh_api - INFO - Found 2 agents
2026-07-13 09:01:03,599 - app.services.wazuh_api - INFO - Fetched 4 alerts from Indexer
2026-07-13 09:01:03,645 - app.services.wazuh_api - INFO - Fetched 4 alerts from Indexer
2026-07-13 09:01:03,712 - app.services.wazuh_api - INFO - Fetched 4 alerts from Indexer
2026-07-13 09:01:03,757 - app.services.wazuh_api - INFO - Found 2 agents
2026-07-13 09:01:04,611 - app.services.wazuh_api - INFO - Fetched 4 alerts from Indexer
2026-07-13 09:01:04,657 - app.services.wazuh_api - INFO - Fetched 4 alerts from Indexer
2026-07-13 09:01:04,754 - app.services.wazuh_api - INFO - Fetched 4 alerts from Indexer
2026-07-13 09:01:04,815 - app.services.wazuh_api - INFO - Found 2 agents
2026-07-13 09:01:05,607 - app.services.wazuh_api - INFO - Fetched 4 alerts from Indexer
2026-07-13 09:01:05,655 - app.services.wazuh_api - INFO - Fetched 4 alerts from Indexer
2026-07-13 09:01:05,732 - app.services.wazuh_api - INFO - Fetched 4 alerts from Indexer
2026-07-13 09:01:05,780 - app.services.wazuh_api - INFO - Found 2 agents
2026-07-13 09:01:06,164 - werkzeug - INFO -  * Detected change in 'D:\\EDR-Project\\dashboard\\app\\main.py', reloading
2026-07-13 09:01:06,454 - werkzeug - INFO -  * Restarting with stat
2026-07-13 09:01:09,301 - app.models.detector - WARNING - Joblib failed, trying pickle: No module named 'numpy._core'
2026-07-13 09:01:09,310 - __main__ - INFO - Starting EDR Dashboard on 0.0.0.0:5000
2026-07-13 09:01:09,310 - __main__ - INFO - Wazuh API: localhost:55000
2026-07-13 09:01:09,311 - __main__ - INFO - Model: D:\EDR-Project\dashboard\models_data\knn.pkl
2026-07-13 09:01:09,314 - werkzeug - WARNING -  * Debugger is active!
2026-07-13 09:01:09,318 - werkzeug - INFO -  * Debugger PIN: 243-289-687
2026-07-13 09:01:09,738 - app.services.wazuh_api - INFO - Fetched 5 alerts from Indexer
2026-07-13 09:01:09,836 - app.services.wazuh_api - INFO - Fetched 5 alerts from Indexer
2026-07-13 09:01:10,075 - app.services.wazuh_api - INFO - Connected to Wazuh API
2026-07-13 09:01:10,161 - app.services.wazuh_api - INFO - Found 2 agents
2026-07-13 09:01:10,197 - app.services.wazuh_api - INFO - Fetched 5 alerts from Indexer
2026-07-13 09:01:10,289 - app.services.wazuh_api - INFO - Fetched 5 alerts from Indexer
2026-07-13 09:01:10,329 - app.services.wazuh_api - INFO - Found 2 agents
2026-07-13 09:01:10,359 - app.services.wazuh_api - INFO - Fetched 5 alerts from Indexer
2026-07-13 09:01:10,438 - app.services.wazuh_api - INFO - Fetched 5 alerts from Indexer
2026-07-13 09:01:10,476 - app.services.wazuh_api - INFO - Found 2 agents
2026-07-13 09:01:10,600 - app.services.wazuh_api - INFO - Fetched 5 alerts from Indexer
2026-07-13 09:01:10,619 - werkzeug - INFO -  * Detected change in 'D:\\EDR-Project\\dashboard\\app\\main.py', reloading
2026-07-13 09:01:10,868 - werkzeug - INFO -  * Restarting with stat
2026-07-13 09:01:13,674 - app.models.detector - WARNING - Joblib failed, trying pickle: No module named 'numpy._core'
2026-07-13 09:01:13,687 - __main__ - INFO - Starting EDR Dashboard on 0.0.0.0:5000
2026-07-13 09:01:13,688 - __main__ - INFO - Wazuh API: localhost:55000
2026-07-13 09:01:13,688 - __main__ - INFO - Model: D:\EDR-Project\dashboard\models_data\knn.pkl
2026-07-13 09:01:13,691 - werkzeug - WARNING -  * Debugger is active!
2026-07-13 09:01:13,694 - werkzeug - INFO -  * Debugger PIN: 243-289-687
2026-07-13 09:01:13,951 - app.services.wazuh_api - INFO - Fetched 6 alerts from Indexer
2026-07-13 09:01:14,183 - app.services.wazuh_api - INFO - Connected to Wazuh API
2026-07-13 09:01:14,262 - app.services.wazuh_api - INFO - Found 2 agents
2026-07-13 09:01:14,309 - app.services.wazuh_api - INFO - Fetched 6 alerts from Indexer
2026-07-13 09:01:14,385 - app.main - INFO - Client connected
2026-07-13 09:01:14,434 - app.services.wazuh_api - INFO - Fetched 6 alerts from Indexer
2026-07-13 09:01:14,498 - app.services.wazuh_api - INFO - Found 2 agents
2026-07-13 09:01:14,543 - app.services.wazuh_api - INFO - Fetched 6 alerts from Indexer
2026-07-13 09:01:14,656 - app.services.wazuh_api - INFO - Fetched 6 alerts from Indexer
2026-07-13 09:01:14,719 - app.services.wazuh_api - INFO - Found 2 agents
2026-07-13 09:01:14,763 - app.services.wazuh_api - INFO - Fetched 6 alerts from Indexer
2026-07-13 09:01:14,852 - app.services.wazuh_api - INFO - Fetched 6 alerts from Indexer
2026-07-13 09:01:14,917 - app.services.wazuh_api - INFO - Found 2 agents
2026-07-13 09:01:14,963 - app.services.wazuh_api - INFO - Fetched 6 alerts from Indexer
2026-07-13 09:01:15,068 - app.services.wazuh_api - INFO - Fetched 6 alerts from Indexer
2026-07-13 09:01:15,104 - app.services.wazuh_api - INFO - Fetched 6 alerts from Indexer
2026-07-13 09:01:15,150 - app.services.wazuh_api - INFO - Fetched 6 alerts from Indexer
2026-07-13 09:01:15,180 - app.services.wazuh_api - INFO - Fetched 6 alerts from Indexer
2026-07-13 09:01:15,234 - app.services.wazuh_api - INFO - Fetched 6 alerts from Indexer
2026-07-13 09:01:15,274 - app.services.wazuh_api - INFO - Fetched 6 alerts from Indexer
2026-07-13 09:01:15,321 - app.services.wazuh_api - INFO - Fetched 6 alerts from Indexer
2026-07-13 09:01:15,369 - app.services.wazuh_api - INFO - Fetched 6 alerts from Indexer
2026-07-13 09:01:15,460 - app.services.wazuh_api - INFO - Fetched 6 alerts from Indexer
2026-07-13 09:01:15,511 - app.services.wazuh_api - INFO - Fetched 6 alerts from Indexer
2026-07-13 09:01:15,550 - app.services.wazuh_api - INFO - Fetched 6 alerts from Indexer
2026-07-13 09:01:15,650 - app.services.wazuh_api - INFO - Fetched 6 alerts from Indexer
2026-07-13 09:01:15,713 - app.services.wazuh_api - INFO - Found 2 agents
2026-07-13 09:01:15,804 - app.services.wazuh_api - INFO - Fetched 6 alerts from Indexer
2026-07-13 09:01:16,456 - app.services.wazuh_api - INFO - Fetched 6 alerts from Indexer
2026-07-13 09:01:16,496 - app.services.wazuh_api - INFO - Fetched 6 alerts from Indexer
2026-07-13 09:01:16,606 - app.services.wazuh_api - INFO - Fetched 6 alerts from Indexer
2026-07-13 09:01:16,668 - app.services.wazuh_api - INFO - Found 2 agents
2026-07-13 09:01:17,614 - app.services.wazuh_api - INFO - Fetched 6 alerts from Indexer
2026-07-13 09:01:17,704 - app.services.wazuh_api - INFO - Fetched 6 alerts from Indexer
2026-07-13 09:01:17,823 - app.services.wazuh_api - INFO - Fetched 6 alerts from Indexer
2026-07-13 09:01:17,885 - app.services.wazuh_api - INFO - Found 2 agents
2026-07-13 09:01:18,609 - app.services.wazuh_api - INFO - Fetched 6 alerts from Indexer
2026-07-13 09:01:18,657 - app.services.wazuh_api - INFO - Fetched 6 alerts from Indexer
2026-07-13 09:01:18,752 - app.services.wazuh_api - INFO - Fetched 6 alerts from Indexer
2026-07-13 09:01:18,795 - app.services.wazuh_api - INFO - Found 2 agents
2026-07-13 09:01:19,645 - app.services.wazuh_api - INFO - Fetched 6 alerts from Indexer
2026-07-13 09:01:19,685 - app.services.wazuh_api - INFO - Fetched 6 alerts from Indexer
2026-07-13 09:01:19,808 - app.services.wazuh_api - INFO - Fetched 6 alerts from Indexer
2026-07-13 09:01:19,865 - app.services.wazuh_api - INFO - Found 2 agents
2026-07-13 09:01:20,601 - app.services.wazuh_api - INFO - Fetched 6 alerts from Indexer
2026-07-13 09:01:20,644 - app.services.wazuh_api - INFO - Fetched 6 alerts from Indexer
2026-07-13 09:01:20,740 - app.services.wazuh_api - INFO - Fetched 6 alerts from Indexer
2026-07-13 09:01:20,791 - app.services.wazuh_api - INFO - Found 2 agents
2026-07-13 09:01:21,610 - app.services.wazuh_api - INFO - Fetched 6 alerts from Indexer
2026-07-13 09:01:21,660 - app.services.wazuh_api - INFO - Fetched 6 alerts from Indexer
2026-07-13 09:01:21,800 - app.services.wazuh_api - INFO - Fetched 6 alerts from Indexer
2026-07-13 09:01:21,849 - app.services.wazuh_api - INFO - Found 2 agents
2026-07-13 09:01:22,609 - app.services.wazuh_api - INFO - Fetched 6 alerts from Indexer
2026-07-13 09:01:22,640 - app.services.wazuh_api - INFO - Fetched 6 alerts from Indexer
2026-07-13 09:01:22,770 - app.services.wazuh_api - INFO - Fetched 6 alerts from Indexer
2026-07-13 09:01:22,809 - app.services.wazuh_api - INFO - Found 2 agents
2026-07-13 09:01:23,603 - app.services.wazuh_api - INFO - Fetched 6 alerts from Indexer
2026-07-13 09:01:23,650 - app.services.wazuh_api - INFO - Fetched 6 alerts from Indexer
2026-07-13 09:01:23,781 - app.services.wazuh_api - INFO - Fetched 6 alerts from Indexer
2026-07-13 09:01:23,824 - app.services.wazuh_api - INFO - Found 2 agents
2026-07-13 09:01:24,605 - app.services.wazuh_api - INFO - Fetched 6 alerts from Indexer
2026-07-13 09:01:24,672 - app.services.wazuh_api - INFO - Found 2 agents
2026-07-13 09:01:24,715 - app.services.wazuh_api - INFO - Fetched 6 alerts from Indexer
2026-07-13 09:01:24,823 - app.services.wazuh_api - INFO - Fetched 6 alerts from Indexer
2026-07-13 09:01:25,601 - app.services.wazuh_api - INFO - Fetched 6 alerts from Indexer
2026-07-13 09:01:25,650 - app.services.wazuh_api - INFO - Fetched 6 alerts from Indexer
2026-07-13 09:01:25,762 - app.services.wazuh_api - INFO - Fetched 6 alerts from Indexer
2026-07-13 09:01:25,825 - app.services.wazuh_api - INFO - Found 2 agents
2026-07-13 09:01:26,608 - app.services.wazuh_api - INFO - Fetched 6 alerts from Indexer
2026-07-13 09:01:26,653 - app.services.wazuh_api - INFO - Fetched 6 alerts from Indexer
2026-07-13 09:01:26,756 - app.services.wazuh_api - INFO - Fetched 6 alerts from Indexer
2026-07-13 09:01:26,798 - app.services.wazuh_api - INFO - Found 2 agents
2026-07-13 09:01:27,604 - app.services.wazuh_api - INFO - Fetched 6 alerts from Indexer
2026-07-13 09:01:27,649 - app.services.wazuh_api - INFO - Fetched 6 alerts from Indexer
2026-07-13 09:01:27,759 - app.services.wazuh_api - INFO - Fetched 6 alerts from Indexer
2026-07-13 09:01:27,819 - app.services.wazuh_api - INFO - Found 2 agents
2026-07-13 09:01:28,602 - app.services.wazuh_api - INFO - Fetched 6 alerts from Indexer
2026-07-13 09:01:28,642 - app.services.wazuh_api - INFO - Fetched 6 alerts from Indexer
2026-07-13 09:01:28,793 - app.services.wazuh_api - INFO - Fetched 6 alerts from Indexer
2026-07-13 09:01:28,865 - app.services.wazuh_api - INFO - Found 2 agents
2026-07-13 09:01:29,605 - app.services.wazuh_api - INFO - Fetched 6 alerts from Indexer
2026-07-13 09:01:29,650 - app.services.wazuh_api - INFO - Fetched 6 alerts from Indexer
2026-07-13 09:01:29,750 - app.services.wazuh_api - INFO - Fetched 6 alerts from Indexer
2026-07-13 09:01:29,796 - app.services.wazuh_api - INFO - Found 2 agents
2026-07-13 09:01:30,605 - app.services.wazuh_api - INFO - Fetched 6 alerts from Indexer
2026-07-13 09:01:30,650 - app.services.wazuh_api - INFO - Fetched 6 alerts from Indexer
2026-07-13 09:01:30,737 - app.services.wazuh_api - INFO - Fetched 6 alerts from Indexer
2026-07-13 09:01:30,796 - app.services.wazuh_api - INFO - Found 2 agents
2026-07-13 09:01:31,607 - app.services.wazuh_api - INFO - Fetched 6 alerts from Indexer
2026-07-13 09:01:31,636 - app.services.wazuh_api - INFO - Fetched 6 alerts from Indexer
2026-07-13 09:01:31,746 - app.services.wazuh_api - INFO - Fetched 6 alerts from Indexer
2026-07-13 09:01:31,796 - app.services.wazuh_api - INFO - Found 2 agents
2026-07-13 09:01:36,404 - app.models.detector - WARNING - Joblib failed, trying pickle: No module named 'numpy._core'
2026-07-13 09:01:36,416 - __main__ - INFO - Starting EDR Dashboard on 0.0.0.0:5000
2026-07-13 09:01:36,417 - __main__ - INFO - Wazuh API: localhost:55000
2026-07-13 09:01:36,417 - __main__ - INFO - Model: D:\EDR-Project\dashboard\models_data\knn.pkl
2026-07-13 09:01:36,420 - werkzeug - INFO -  * Restarting with stat
2026-07-13 09:01:39,032 - app.models.detector - WARNING - Joblib failed, trying pickle: No module named 'numpy._core'
2026-07-13 09:01:39,046 - __main__ - INFO - Starting EDR Dashboard on 0.0.0.0:5000
2026-07-13 09:01:39,047 - __main__ - INFO - Wazuh API: localhost:55000
2026-07-13 09:01:39,047 - __main__ - INFO - Model: D:\EDR-Project\dashboard\models_data\knn.pkl
2026-07-13 09:01:39,050 - werkzeug - WARNING -  * Debugger is active!
2026-07-13 09:01:39,053 - werkzeug - INFO -  * Debugger PIN: 243-289-687
2026-07-13 09:01:39,477 - app.services.wazuh_api - INFO - Fetched 8 alerts from Indexer
2026-07-13 09:01:39,691 - app.services.wazuh_api - INFO - Connected to Wazuh API
2026-07-13 09:01:39,767 - app.services.wazuh_api - INFO - Found 2 agents
2026-07-13 09:01:39,857 - app.services.wazuh_api - INFO - Fetched 8 alerts from Indexer
2026-07-13 09:01:39,972 - app.services.wazuh_api - INFO - Fetched 8 alerts from Indexer
2026-07-13 09:01:40,036 - app.services.wazuh_api - INFO - Found 2 agents
2026-07-13 09:01:40,039 - app.main - INFO - Client connected
2026-07-13 09:01:40,067 - app.services.wazuh_api - INFO - Fetched 8 alerts from Indexer
2026-07-13 09:01:40,190 - app.services.wazuh_api - INFO - Fetched 8 alerts from Indexer
2026-07-13 09:01:40,249 - app.services.wazuh_api - INFO - Found 2 agents
2026-07-13 09:01:40,278 - app.services.wazuh_api - INFO - Fetched 8 alerts from Indexer
2026-07-13 09:01:40,467 - app.services.wazuh_api - INFO - Fetched 8 alerts from Indexer
2026-07-13 09:01:40,491 - app.services.wazuh_api - INFO - Fetched 8 alerts from Indexer
2026-07-13 09:01:40,544 - app.services.wazuh_api - INFO - Found 2 agents
2026-07-13 09:01:40,599 - app.services.wazuh_api - INFO - Fetched 8 alerts from Indexer
2026-07-13 09:01:40,734 - app.services.wazuh_api - INFO - Fetched 8 alerts from Indexer
2026-07-13 09:01:40,782 - app.services.wazuh_api - INFO - Fetched 8 alerts from Indexer
2026-07-13 09:01:40,830 - app.services.wazuh_api - INFO - Fetched 8 alerts from Indexer
2026-07-13 09:01:40,874 - app.services.wazuh_api - INFO - Fetched 8 alerts from Indexer
2026-07-13 09:01:40,920 - app.services.wazuh_api - INFO - Fetched 8 alerts from Indexer
2026-07-13 09:01:40,968 - app.services.wazuh_api - INFO - Fetched 8 alerts from Indexer
2026-07-13 09:01:41,015 - app.services.wazuh_api - INFO - Fetched 8 alerts from Indexer
2026-07-13 09:01:41,042 - app.services.wazuh_api - INFO - Fetched 8 alerts from Indexer
2026-07-13 09:01:41,075 - app.services.wazuh_api - INFO - Fetched 8 alerts from Indexer
2026-07-13 09:01:41,113 - app.services.wazuh_api - INFO - Found 2 agents
2026-07-13 09:01:41,139 - app.services.wazuh_api - INFO - Fetched 8 alerts from Indexer
2026-07-13 09:01:41,263 - app.services.wazuh_api - INFO - Fetched 8 alerts from Indexer
2026-07-13 09:01:41,308 - app.services.wazuh_api - INFO - Fetched 8 alerts from Indexer
2026-07-13 09:01:41,375 - app.services.wazuh_api - INFO - Found 2 agents
2026-07-13 09:01:41,418 - app.services.wazuh_api - INFO - Fetched 8 alerts from Indexer
2026-07-13 09:01:41,609 - app.services.wazuh_api - INFO - Fetched 8 alerts from Indexer
2026-07-13 09:01:41,654 - app.services.wazuh_api - INFO - Fetched 8 alerts from Indexer
2026-07-13 09:01:41,770 - app.services.wazuh_api - INFO - Fetched 8 alerts from Indexer
2026-07-13 09:01:41,805 - app.services.wazuh_api - INFO - Found 2 agents
2026-07-13 09:01:42,644 - app.services.wazuh_api - INFO - Fetched 8 alerts from Indexer
2026-07-13 09:01:42,691 - app.services.wazuh_api - INFO - Fetched 8 alerts from Indexer
2026-07-13 09:01:42,821 - app.services.wazuh_api - INFO - Fetched 8 alerts from Indexer
2026-07-13 09:01:42,868 - app.services.wazuh_api - INFO - Found 2 agents
2026-07-13 09:01:43,606 - app.services.wazuh_api - INFO - Fetched 8 alerts from Indexer
2026-07-13 09:01:43,651 - app.services.wazuh_api - INFO - Fetched 8 alerts from Indexer
2026-07-13 09:01:43,770 - app.services.wazuh_api - INFO - Fetched 8 alerts from Indexer
2026-07-13 09:01:43,838 - app.services.wazuh_api - INFO - Found 2 agents
2026-07-13 09:01:44,603 - app.services.wazuh_api - INFO - Fetched 8 alerts from Indexer
2026-07-13 09:01:44,649 - app.services.wazuh_api - INFO - Fetched 8 alerts from Indexer
2026-07-13 09:01:44,808 - app.services.wazuh_api - INFO - Fetched 8 alerts from Indexer
2026-07-13 09:01:44,870 - app.services.wazuh_api - INFO - Found 2 agents
2026-07-13 09:01:45,606 - app.services.wazuh_api - INFO - Fetched 8 alerts from Indexer
2026-07-13 09:01:45,652 - app.services.wazuh_api - INFO - Fetched 8 alerts from Indexer
2026-07-13 09:01:45,778 - app.services.wazuh_api - INFO - Fetched 8 alerts from Indexer
2026-07-13 09:01:45,839 - app.services.wazuh_api - INFO - Found 2 agents
2026-07-13 09:01:46,600 - app.services.wazuh_api - INFO - Fetched 8 alerts from Indexer
2026-07-13 09:01:46,645 - app.services.wazuh_api - INFO - Fetched 8 alerts from Indexer
2026-07-13 09:01:46,774 - app.services.wazuh_api - INFO - Fetched 8 alerts from Indexer
2026-07-13 09:01:46,833 - app.services.wazuh_api - INFO - Found 2 agents
2026-07-13 09:01:47,611 - app.services.wazuh_api - INFO - Fetched 8 alerts from Indexer
2026-07-13 09:01:47,655 - app.services.wazuh_api - INFO - Fetched 8 alerts from Indexer
2026-07-13 09:01:47,773 - app.services.wazuh_api - INFO - Fetched 8 alerts from Indexer
2026-07-13 09:01:47,834 - app.services.wazuh_api - INFO - Found 2 agents
2026-07-13 09:01:48,606 - app.services.wazuh_api - INFO - Fetched 8 alerts from Indexer
2026-07-13 09:01:48,652 - app.services.wazuh_api - INFO - Fetched 8 alerts from Indexer
2026-07-13 09:01:48,792 - app.services.wazuh_api - INFO - Fetched 8 alerts from Indexer
2026-07-13 09:01:48,858 - app.services.wazuh_api - INFO - Found 2 agents
2026-07-13 09:01:49,602 - app.services.wazuh_api - INFO - Fetched 8 alerts from Indexer
2026-07-13 09:01:49,648 - app.services.wazuh_api - INFO - Fetched 8 alerts from Indexer
2026-07-13 09:01:49,774 - app.services.wazuh_api - INFO - Fetched 8 alerts from Indexer
2026-07-13 09:01:49,812 - app.services.wazuh_api - INFO - Found 2 agents
2026-07-13 09:01:50,645 - app.services.wazuh_api - INFO - Fetched 8 alerts from Indexer
2026-07-13 09:01:50,672 - app.services.wazuh_api - INFO - Fetched 8 alerts from Indexer
2026-07-13 09:01:50,850 - app.services.wazuh_api - INFO - Fetched 8 alerts from Indexer
2026-07-13 09:01:50,892 - app.services.wazuh_api - INFO - Found 2 agents
2026-07-13 09:01:51,599 - app.services.wazuh_api - INFO - Fetched 8 alerts from Indexer
2026-07-13 09:01:51,644 - app.services.wazuh_api - INFO - Fetched 8 alerts from Indexer
2026-07-13 09:01:51,801 - app.services.wazuh_api - INFO - Fetched 8 alerts from Indexer
2026-07-13 09:01:51,869 - app.services.wazuh_api - INFO - Found 2 agents
2026-07-13 09:01:52,601 - app.services.wazuh_api - INFO - Fetched 8 alerts from Indexer
2026-07-13 09:01:52,649 - app.services.wazuh_api - INFO - Fetched 8 alerts from Indexer
2026-07-13 09:01:52,780 - app.services.wazuh_api - INFO - Fetched 8 alerts from Indexer
2026-07-13 09:01:52,834 - app.services.wazuh_api - INFO - Found 2 agents
2026-07-13 09:01:53,604 - app.services.wazuh_api - INFO - Fetched 8 alerts from Indexer
2026-07-13 09:01:53,646 - app.services.wazuh_api - INFO - Fetched 8 alerts from Indexer
2026-07-13 09:01:53,785 - app.services.wazuh_api - INFO - Fetched 8 alerts from Indexer
2026-07-13 09:01:53,848 - app.services.wazuh_api - INFO - Found 2 agents
2026-07-13 09:01:54,608 - app.services.wazuh_api - INFO - Fetched 8 alerts from Indexer
2026-07-13 09:01:54,652 - app.services.wazuh_api - INFO - Found 2 agents
2026-07-13 09:01:54,703 - app.services.wazuh_api - INFO - Fetched 8 alerts from Indexer
2026-07-13 09:01:54,841 - app.services.wazuh_api - INFO - Fetched 8 alerts from Indexer
2026-07-13 09:01:55,605 - app.services.wazuh_api - INFO - Fetched 8 alerts from Indexer
2026-07-13 09:01:55,652 - app.services.wazuh_api - INFO - Fetched 8 alerts from Indexer
2026-07-13 09:01:55,791 - app.services.wazuh_api - INFO - Fetched 8 alerts from Indexer
2026-07-13 09:01:55,831 - app.services.wazuh_api - INFO - Found 2 agents
2026-07-13 09:01:56,603 - app.services.wazuh_api - INFO - Fetched 8 alerts from Indexer
2026-07-13 09:01:56,647 - app.services.wazuh_api - INFO - Fetched 8 alerts from Indexer
2026-07-13 09:01:56,797 - app.services.wazuh_api - INFO - Fetched 8 alerts from Indexer
2026-07-13 09:01:56,853 - app.services.wazuh_api - INFO - Found 2 agents
2026-07-13 09:01:57,598 - app.services.wazuh_api - INFO - Fetched 8 alerts from Indexer
2026-07-13 09:01:57,641 - app.services.wazuh_api - INFO - Fetched 8 alerts from Indexer
2026-07-13 09:01:57,770 - app.services.wazuh_api - INFO - Fetched 8 alerts from Indexer
2026-07-13 09:01:57,810 - app.services.wazuh_api - INFO - Found 2 agents
2026-07-13 09:01:58,605 - app.services.wazuh_api - INFO - Fetched 8 alerts from Indexer
2026-07-13 09:01:58,631 - app.services.wazuh_api - INFO - Fetched 8 alerts from Indexer
2026-07-13 09:01:58,747 - app.services.wazuh_api - INFO - Fetched 8 alerts from Indexer
2026-07-13 09:01:58,812 - app.services.wazuh_api - INFO - Found 2 agents
2026-07-13 09:01:59,602 - app.services.wazuh_api - INFO - Fetched 8 alerts from Indexer
2026-07-13 09:01:59,649 - app.services.wazuh_api - INFO - Fetched 8 alerts from Indexer
2026-07-13 09:01:59,767 - app.services.wazuh_api - INFO - Fetched 8 alerts from Indexer
2026-07-13 09:01:59,817 - app.services.wazuh_api - INFO - Found 2 agents
2026-07-13 09:02:00,653 - app.services.wazuh_api - INFO - Fetched 8 alerts from Indexer
2026-07-13 09:02:00,703 - app.services.wazuh_api - INFO - Fetched 8 alerts from Indexer
2026-07-13 09:02:00,864 - app.services.wazuh_api - INFO - Fetched 8 alerts from Indexer
2026-07-13 09:02:00,907 - app.services.wazuh_api - INFO - Found 2 agents
2026-07-13 09:02:01,587 - app.services.wazuh_api - INFO - Fetched 8 alerts from Indexer
2026-07-13 09:02:01,631 - app.services.wazuh_api - INFO - Fetched 8 alerts from Indexer
2026-07-13 09:02:01,814 - app.services.wazuh_api - INFO - Fetched 8 alerts from Indexer
2026-07-13 09:02:01,859 - app.services.wazuh_api - INFO - Found 2 agents
2026-07-13 09:02:02,640 - app.services.wazuh_api - INFO - Fetched 8 alerts from Indexer
2026-07-13 09:02:02,691 - app.services.wazuh_api - INFO - Fetched 8 alerts from Indexer
2026-07-13 09:02:02,818 - app.services.wazuh_api - INFO - Fetched 8 alerts from Indexer
2026-07-13 09:02:02,878 - app.services.wazuh_api - INFO - Found 2 agents
2026-07-13 09:02:03,612 - app.services.wazuh_api - INFO - Fetched 8 alerts from Indexer
2026-07-13 09:02:03,655 - app.services.wazuh_api - INFO - Fetched 8 alerts from Indexer
2026-07-13 09:02:03,769 - app.services.wazuh_api - INFO - Fetched 8 alerts from Indexer
2026-07-13 09:02:03,834 - app.services.wazuh_api - INFO - Found 2 agents
2026-07-13 09:02:04,608 - app.services.wazuh_api - INFO - Fetched 8 alerts from Indexer
2026-07-13 09:02:04,658 - app.services.wazuh_api - INFO - Fetched 8 alerts from Indexer
2026-07-13 09:02:04,826 - app.services.wazuh_api - INFO - Fetched 8 alerts from Indexer
2026-07-13 09:02:04,867 - app.services.wazuh_api - INFO - Found 2 agents
2026-07-13 09:02:05,598 - app.services.wazuh_api - INFO - Fetched 8 alerts from Indexer
2026-07-13 09:02:05,639 - app.services.wazuh_api - INFO - Fetched 8 alerts from Indexer
2026-07-13 09:02:05,778 - app.services.wazuh_api - INFO - Fetched 8 alerts from Indexer
2026-07-13 09:02:05,840 - app.services.wazuh_api - INFO - Found 2 agents
2026-07-13 09:02:06,414 - app.services.wazuh_api - INFO - Fetched 8 alerts from Indexer
2026-07-13 09:02:06,463 - app.services.wazuh_api - INFO - Fetched 8 alerts from Indexer
2026-07-13 09:02:06,598 - app.services.wazuh_api - INFO - Fetched 8 alerts from Indexer
2026-07-13 09:02:06,647 - app.services.wazuh_api - INFO - Found 2 agents
2026-07-13 09:02:07,413 - app.services.wazuh_api - INFO - Fetched 8 alerts from Indexer
2026-07-13 09:02:07,440 - app.services.wazuh_api - INFO - Fetched 8 alerts from Indexer
2026-07-13 09:02:07,570 - app.services.wazuh_api - INFO - Fetched 8 alerts from Indexer
2026-07-13 09:02:07,631 - app.services.wazuh_api - INFO - Found 2 agents
2026-07-13 09:02:08,398 - app.services.wazuh_api - INFO - Fetched 8 alerts from Indexer
2026-07-13 09:02:08,438 - app.services.wazuh_api - INFO - Fetched 8 alerts from Indexer
2026-07-13 09:02:08,548 - app.services.wazuh_api - INFO - Fetched 8 alerts from Indexer
2026-07-13 09:02:08,607 - app.services.wazuh_api - INFO - Found 2 agents
2026-07-13 09:02:09,605 - app.services.wazuh_api - INFO - Fetched 8 alerts from Indexer
2026-07-13 09:02:09,652 - app.services.wazuh_api - INFO - Fetched 8 alerts from Indexer
2026-07-13 09:02:09,838 - app.services.wazuh_api - INFO - Fetched 8 alerts from Indexer
2026-07-13 09:02:09,882 - app.services.wazuh_api - INFO - Found 2 agents
2026-07-13 09:02:10,613 - app.services.wazuh_api - INFO - Fetched 8 alerts from Indexer
2026-07-13 09:02:10,655 - app.services.wazuh_api - INFO - Fetched 8 alerts from Indexer
2026-07-13 09:02:10,794 - app.services.wazuh_api - INFO - Fetched 8 alerts from Indexer
2026-07-13 09:02:10,836 - app.services.wazuh_api - INFO - Found 2 agents
2026-07-13 09:02:11,607 - app.services.wazuh_api - INFO - Fetched 8 alerts from Indexer
2026-07-13 09:02:11,656 - app.services.wazuh_api - INFO - Fetched 8 alerts from Indexer
2026-07-13 09:02:11,799 - app.services.wazuh_api - INFO - Fetched 8 alerts from Indexer
2026-07-13 09:02:11,839 - app.services.wazuh_api - INFO - Found 2 agents
2026-07-13 09:02:12,598 - app.services.wazuh_api - INFO - Fetched 8 alerts from Indexer
2026-07-13 09:02:12,648 - app.services.wazuh_api - INFO - Fetched 8 alerts from Indexer
2026-07-13 09:02:12,756 - app.services.wazuh_api - INFO - Fetched 8 alerts from Indexer
2026-07-13 09:02:12,805 - app.services.wazuh_api - INFO - Found 2 agents
2026-07-13 09:02:13,597 - app.services.wazuh_api - INFO - Fetched 8 alerts from Indexer
2026-07-13 09:02:13,640 - app.services.wazuh_api - INFO - Fetched 8 alerts from Indexer
2026-07-13 09:02:13,766 - app.services.wazuh_api - INFO - Fetched 8 alerts from Indexer
2026-07-13 09:02:13,839 - app.services.wazuh_api - INFO - Found 2 agents
2026-07-13 09:02:14,601 - app.services.wazuh_api - INFO - Fetched 8 alerts from Indexer
2026-07-13 09:02:14,684 - app.services.wazuh_api - INFO - Fetched 8 alerts from Indexer
2026-07-13 09:02:14,810 - app.services.wazuh_api - INFO - Fetched 8 alerts from Indexer
2026-07-13 09:02:14,868 - app.services.wazuh_api - INFO - Found 2 agents
2026-07-13 09:02:15,597 - app.services.wazuh_api - INFO - Fetched 8 alerts from Indexer
2026-07-13 09:02:15,681 - app.services.wazuh_api - INFO - Fetched 8 alerts from Indexer
2026-07-13 09:02:15,811 - app.services.wazuh_api - INFO - Fetched 8 alerts from Indexer
2026-07-13 09:02:15,872 - app.services.wazuh_api - INFO - Found 2 agents
2026-07-13 09:02:16,596 - app.services.wazuh_api - INFO - Fetched 8 alerts from Indexer
2026-07-13 09:02:16,623 - app.services.wazuh_api - INFO - Fetched 8 alerts from Indexer
2026-07-13 09:02:16,793 - app.services.wazuh_api - INFO - Fetched 8 alerts from Indexer
2026-07-13 09:02:16,834 - app.services.wazuh_api - INFO - Found 2 agents
2026-07-13 09:02:17,597 - app.services.wazuh_api - INFO - Fetched 8 alerts from Indexer
2026-07-13 09:02:17,639 - app.services.wazuh_api - INFO - Fetched 8 alerts from Indexer
2026-07-13 09:02:17,792 - app.services.wazuh_api - INFO - Fetched 8 alerts from Indexer
2026-07-13 09:02:17,832 - app.services.wazuh_api - INFO - Found 2 agents
2026-07-13 09:02:18,610 - app.services.wazuh_api - INFO - Fetched 8 alerts from Indexer
2026-07-13 09:02:18,657 - app.services.wazuh_api - INFO - Fetched 8 alerts from Indexer
2026-07-13 09:02:18,798 - app.services.wazuh_api - INFO - Fetched 8 alerts from Indexer
2026-07-13 09:02:18,862 - app.services.wazuh_api - INFO - Found 2 agents
2026-07-13 09:02:19,603 - app.services.wazuh_api - INFO - Fetched 8 alerts from Indexer
2026-07-13 09:02:19,655 - app.services.wazuh_api - INFO - Fetched 8 alerts from Indexer
2026-07-13 09:02:19,801 - app.services.wazuh_api - INFO - Fetched 8 alerts from Indexer
2026-07-13 09:02:19,847 - app.services.wazuh_api - INFO - Found 2 agents
2026-07-13 09:02:20,606 - app.services.wazuh_api - INFO - Fetched 8 alerts from Indexer
2026-07-13 09:02:20,650 - app.services.wazuh_api - INFO - Fetched 8 alerts from Indexer
2026-07-13 09:02:20,784 - app.services.wazuh_api - INFO - Fetched 8 alerts from Indexer
2026-07-13 09:02:20,821 - app.services.wazuh_api - INFO - Found 2 agents
2026-07-13 09:02:21,597 - app.services.wazuh_api - INFO - Fetched 8 alerts from Indexer
2026-07-13 09:02:21,647 - app.services.wazuh_api - INFO - Fetched 8 alerts from Indexer
2026-07-13 09:02:21,783 - app.services.wazuh_api - INFO - Fetched 8 alerts from Indexer
2026-07-13 09:02:21,832 - app.services.wazuh_api - INFO - Found 2 agents
2026-07-13 09:02:22,610 - app.services.wazuh_api - INFO - Fetched 8 alerts from Indexer
2026-07-13 09:02:22,657 - app.services.wazuh_api - INFO - Fetched 8 alerts from Indexer
2026-07-13 09:02:22,784 - app.services.wazuh_api - INFO - Fetched 8 alerts from Indexer
2026-07-13 09:02:22,824 - app.services.wazuh_api - INFO - Found 2 agents
2026-07-13 09:02:23,613 - app.services.wazuh_api - INFO - Fetched 8 alerts from Indexer
2026-07-13 09:02:23,658 - app.services.wazuh_api - INFO - Fetched 8 alerts from Indexer
2026-07-13 09:02:23,797 - app.services.wazuh_api - INFO - Fetched 8 alerts from Indexer
2026-07-13 09:02:23,835 - app.services.wazuh_api - INFO - Found 2 agents
2026-07-13 09:02:24,608 - app.services.wazuh_api - INFO - Fetched 8 alerts from Indexer
2026-07-13 09:02:24,694 - app.services.wazuh_api - INFO - Fetched 8 alerts from Indexer
2026-07-13 09:02:24,818 - app.services.wazuh_api - INFO - Fetched 8 alerts from Indexer
2026-07-13 09:02:24,878 - app.services.wazuh_api - INFO - Found 2 agents
2026-07-13 09:02:25,649 - app.services.wazuh_api - INFO - Fetched 8 alerts from Indexer
2026-07-13 09:02:25,698 - app.services.wazuh_api - INFO - Fetched 8 alerts from Indexer
2026-07-13 09:02:25,817 - app.services.wazuh_api - INFO - Fetched 8 alerts from Indexer
2026-07-13 09:02:25,871 - app.services.wazuh_api - INFO - Found 2 agents
2026-07-13 09:02:26,604 - app.services.wazuh_api - INFO - Fetched 8 alerts from Indexer
2026-07-13 09:02:26,689 - app.services.wazuh_api - INFO - Fetched 8 alerts from Indexer
2026-07-13 09:02:26,819 - app.services.wazuh_api - INFO - Fetched 8 alerts from Indexer
2026-07-13 09:02:26,876 - app.services.wazuh_api - INFO - Found 2 agents
2026-07-13 09:02:27,599 - app.services.wazuh_api - INFO - Fetched 8 alerts from Indexer
2026-07-13 09:02:27,642 - app.services.wazuh_api - INFO - Fetched 8 alerts from Indexer
2026-07-13 09:02:27,813 - app.services.wazuh_api - INFO - Fetched 8 alerts from Indexer
2026-07-13 09:02:27,877 - app.services.wazuh_api - INFO - Found 2 agents
2026-07-13 09:02:28,614 - app.services.wazuh_api - INFO - Fetched 8 alerts from Indexer
2026-07-13 09:02:28,659 - app.services.wazuh_api - INFO - Fetched 8 alerts from Indexer
2026-07-13 09:02:28,801 - app.services.wazuh_api - INFO - Fetched 8 alerts from Indexer
2026-07-13 09:02:28,862 - app.services.wazuh_api - INFO - Found 2 agents
2026-07-13 09:02:29,612 - app.services.wazuh_api - INFO - Fetched 8 alerts from Indexer
2026-07-13 09:02:29,637 - app.services.wazuh_api - INFO - Fetched 8 alerts from Indexer
2026-07-13 09:02:29,768 - app.services.wazuh_api - INFO - Fetched 8 alerts from Indexer
2026-07-13 09:02:29,826 - app.services.wazuh_api - INFO - Found 2 agents
2026-07-13 09:02:30,608 - app.services.wazuh_api - INFO - Fetched 8 alerts from Indexer
2026-07-13 09:02:30,649 - app.services.wazuh_api - INFO - Fetched 8 alerts from Indexer
2026-07-13 09:02:30,809 - app.services.wazuh_api - INFO - Fetched 8 alerts from Indexer
2026-07-13 09:02:30,864 - app.services.wazuh_api - INFO - Found 2 agents
2026-07-13 09:02:31,600 - app.services.wazuh_api - INFO - Fetched 8 alerts from Indexer
2026-07-13 09:02:31,628 - app.services.wazuh_api - INFO - Fetched 8 alerts from Indexer
2026-07-13 09:02:31,744 - app.services.wazuh_api - INFO - Fetched 8 alerts from Indexer
2026-07-13 09:02:31,794 - app.services.wazuh_api - INFO - Found 2 agents
2026-07-13 09:02:32,598 - app.services.wazuh_api - INFO - Fetched 8 alerts from Indexer
2026-07-13 09:02:32,668 - app.services.wazuh_api - INFO - Fetched 8 alerts from Indexer
2026-07-13 09:02:32,781 - app.services.wazuh_api - INFO - Fetched 8 alerts from Indexer
2026-07-13 09:02:32,829 - app.services.wazuh_api - INFO - Found 2 agents
2026-07-13 09:02:33,597 - app.services.wazuh_api - INFO - Fetched 8 alerts from Indexer
2026-07-13 09:02:33,644 - app.services.wazuh_api - INFO - Fetched 8 alerts from Indexer
2026-07-13 09:02:33,820 - app.services.wazuh_api - INFO - Fetched 8 alerts from Indexer
2026-07-13 09:02:33,865 - app.services.wazuh_api - INFO - Found 2 agents
2026-07-13 09:02:34,603 - app.services.wazuh_api - INFO - Fetched 8 alerts from Indexer
2026-07-13 09:02:34,644 - app.services.wazuh_api - INFO - Fetched 8 alerts from Indexer
2026-07-13 09:02:34,774 - app.services.wazuh_api - INFO - Fetched 8 alerts from Indexer
2026-07-13 09:02:34,817 - app.services.wazuh_api - INFO - Found 2 agents
2026-07-13 09:02:35,614 - app.services.wazuh_api - INFO - Fetched 8 alerts from Indexer
2026-07-13 09:02:35,661 - app.services.wazuh_api - INFO - Fetched 8 alerts from Indexer
2026-07-13 09:02:35,782 - app.services.wazuh_api - INFO - Fetched 8 alerts from Indexer
2026-07-13 09:02:35,849 - app.services.wazuh_api - INFO - Found 2 agents
2026-07-13 09:02:36,612 - app.services.wazuh_api - INFO - Fetched 8 alerts from Indexer
2026-07-13 09:02:36,656 - app.services.wazuh_api - INFO - Fetched 8 alerts from Indexer
2026-07-13 09:02:36,797 - app.services.wazuh_api - INFO - Fetched 8 alerts from Indexer
2026-07-13 09:02:36,865 - app.services.wazuh_api - INFO - Found 2 agents
2026-07-13 09:02:37,610 - app.services.wazuh_api - INFO - Fetched 8 alerts from Indexer
2026-07-13 09:02:37,657 - app.services.wazuh_api - INFO - Fetched 8 alerts from Indexer
2026-07-13 09:02:37,785 - app.services.wazuh_api - INFO - Fetched 8 alerts from Indexer
2026-07-13 09:02:37,844 - app.services.wazuh_api - INFO - Found 2 agents
2026-07-13 09:02:38,602 - app.services.wazuh_api - INFO - Fetched 8 alerts from Indexer
2026-07-13 09:02:38,688 - app.services.wazuh_api - INFO - Fetched 8 alerts from Indexer
2026-07-13 09:02:38,811 - app.services.wazuh_api - INFO - Fetched 8 alerts from Indexer
2026-07-13 09:02:38,850 - app.services.wazuh_api - INFO - Found 2 agents
2026-07-13 09:02:39,610 - app.services.wazuh_api - INFO - Fetched 8 alerts from Indexer
2026-07-13 09:02:39,654 - app.services.wazuh_api - INFO - Fetched 8 alerts from Indexer
2026-07-13 09:02:39,840 - app.services.wazuh_api - INFO - Fetched 8 alerts from Indexer
2026-07-13 09:02:39,878 - app.services.wazuh_api - INFO - Found 2 agents
2026-07-13 09:02:40,587 - app.services.wazuh_api - INFO - Fetched 8 alerts from Indexer
2026-07-13 09:02:40,629 - app.services.wazuh_api - INFO - Fetched 8 alerts from Indexer
2026-07-13 09:02:40,746 - app.services.wazuh_api - INFO - Fetched 8 alerts from Indexer
2026-07-13 09:02:40,790 - app.services.wazuh_api - INFO - Found 2 agents
2026-07-13 09:02:41,609 - app.services.wazuh_api - INFO - Fetched 8 alerts from Indexer
2026-07-13 09:02:41,655 - app.services.wazuh_api - INFO - Fetched 8 alerts from Indexer
2026-07-13 09:02:41,762 - app.services.wazuh_api - INFO - Fetched 8 alerts from Indexer
2026-07-13 09:02:41,828 - app.services.wazuh_api - INFO - Found 2 agents
2026-07-13 09:02:42,608 - app.services.wazuh_api - INFO - Fetched 8 alerts from Indexer
2026-07-13 09:02:42,652 - app.services.wazuh_api - INFO - Fetched 8 alerts from Indexer
2026-07-13 09:02:42,784 - app.services.wazuh_api - INFO - Fetched 8 alerts from Indexer
2026-07-13 09:02:42,838 - app.services.wazuh_api - INFO - Found 2 agents
2026-07-13 09:02:43,602 - app.services.wazuh_api - INFO - Fetched 8 alerts from Indexer
2026-07-13 09:02:43,649 - app.services.wazuh_api - INFO - Fetched 8 alerts from Indexer
2026-07-13 09:02:43,763 - app.services.wazuh_api - INFO - Fetched 8 alerts from Indexer
2026-07-13 09:02:43,814 - app.services.wazuh_api - INFO - Found 2 agents
2026-07-13 09:02:44,597 - app.services.wazuh_api - INFO - Fetched 8 alerts from Indexer
2026-07-13 09:02:44,644 - app.services.wazuh_api - INFO - Fetched 8 alerts from Indexer
2026-07-13 09:02:44,789 - app.services.wazuh_api - INFO - Fetched 8 alerts from Indexer
2026-07-13 09:02:44,852 - app.services.wazuh_api - INFO - Found 2 agents
2026-07-13 09:02:45,597 - app.services.wazuh_api - INFO - Fetched 8 alerts from Indexer
2026-07-13 09:02:45,644 - app.services.wazuh_api - INFO - Fetched 8 alerts from Indexer
2026-07-13 09:02:45,762 - app.services.wazuh_api - INFO - Fetched 8 alerts from Indexer
2026-07-13 09:02:45,820 - app.services.wazuh_api - INFO - Found 2 agents
2026-07-13 09:02:46,610 - app.services.wazuh_api - INFO - Fetched 8 alerts from Indexer
2026-07-13 09:02:46,656 - app.services.wazuh_api - INFO - Fetched 8 alerts from Indexer
2026-07-13 09:02:46,799 - app.services.wazuh_api - INFO - Fetched 8 alerts from Indexer
2026-07-13 09:02:46,862 - app.services.wazuh_api - INFO - Found 2 agents
2026-07-13 09:02:47,606 - app.services.wazuh_api - INFO - Fetched 8 alerts from Indexer
2026-07-13 09:02:47,669 - app.services.wazuh_api - INFO - Found 2 agents
2026-07-13 09:02:47,715 - app.services.wazuh_api - INFO - Fetched 8 alerts from Indexer
2026-07-13 09:02:47,829 - app.services.wazuh_api - INFO - Fetched 8 alerts from Indexer
2026-07-13 09:02:48,602 - app.services.wazuh_api - INFO - Fetched 8 alerts from Indexer
2026-07-13 09:02:48,647 - app.services.wazuh_api - INFO - Fetched 8 alerts from Indexer
2026-07-13 09:02:48,813 - app.services.wazuh_api - INFO - Fetched 8 alerts from Indexer
2026-07-13 09:02:48,867 - app.services.wazuh_api - INFO - Found 2 agents
2026-07-13 09:02:49,601 - app.services.wazuh_api - INFO - Fetched 8 alerts from Indexer
2026-07-13 09:02:49,648 - app.services.wazuh_api - INFO - Fetched 8 alerts from Indexer
2026-07-13 09:02:49,762 - app.services.wazuh_api - INFO - Fetched 8 alerts from Indexer
2026-07-13 09:02:49,800 - app.services.wazuh_api - INFO - Found 2 agents
2026-07-13 09:02:50,611 - app.services.wazuh_api - INFO - Fetched 8 alerts from Indexer
2026-07-13 09:02:50,657 - app.services.wazuh_api - INFO - Fetched 8 alerts from Indexer
2026-07-13 09:02:50,797 - app.services.wazuh_api - INFO - Fetched 8 alerts from Indexer
2026-07-13 09:02:50,858 - app.services.wazuh_api - INFO - Found 2 agents
2026-07-13 09:02:51,606 - app.services.wazuh_api - INFO - Fetched 8 alerts from Indexer
2026-07-13 09:02:51,652 - app.services.wazuh_api - INFO - Fetched 8 alerts from Indexer
2026-07-13 09:02:51,779 - app.services.wazuh_api - INFO - Fetched 8 alerts from Indexer
2026-07-13 09:02:51,842 - app.services.wazuh_api - INFO - Found 2 agents
2026-07-13 09:02:52,598 - app.services.wazuh_api - INFO - Fetched 8 alerts from Indexer
2026-07-13 09:02:52,641 - app.services.wazuh_api - INFO - Fetched 8 alerts from Indexer
2026-07-13 09:02:52,804 - app.services.wazuh_api - INFO - Fetched 8 alerts from Indexer
2026-07-13 09:02:52,845 - app.services.wazuh_api - INFO - Found 2 agents
2026-07-13 09:02:53,593 - app.services.wazuh_api - INFO - Fetched 8 alerts from Indexer
2026-07-13 09:02:53,621 - app.services.wazuh_api - INFO - Fetched 8 alerts from Indexer
2026-07-13 09:02:53,752 - app.services.wazuh_api - INFO - Fetched 8 alerts from Indexer
2026-07-13 09:02:53,810 - app.services.wazuh_api - INFO - Found 2 agents
2026-07-13 09:02:54,122 - werkzeug - INFO -  * Detected change in 'D:\\EDR-Project\\dashboard\\app\\main.py', reloading
2026-07-13 09:02:54,378 - werkzeug - INFO -  * Restarting with stat
2026-07-13 09:02:57,161 - app.models.detector - WARNING - Joblib failed, trying pickle: No module named 'numpy._core'
2026-07-13 09:02:57,173 - __main__ - INFO - Starting EDR Dashboard on 0.0.0.0:5000
2026-07-13 09:02:57,174 - __main__ - INFO - Wazuh API: localhost:55000
2026-07-13 09:02:57,174 - __main__ - INFO - Model: D:\EDR-Project\dashboard\models_data\knn.pkl
2026-07-13 09:02:57,178 - werkzeug - WARNING -  * Debugger is active!
2026-07-13 09:02:57,182 - werkzeug - INFO -  * Debugger PIN: 243-289-687
2026-07-13 09:02:57,430 - app.services.wazuh_api - INFO - Fetched 9 alerts from Indexer
2026-07-13 09:02:57,667 - app.services.wazuh_api - INFO - Connected to Wazuh API
2026-07-13 09:02:57,750 - app.services.wazuh_api - INFO - Found 2 agents
2026-07-13 09:02:57,785 - app.services.wazuh_api - INFO - Fetched 9 alerts from Indexer
2026-07-13 09:02:57,929 - app.services.wazuh_api - INFO - Fetched 9 alerts from Indexer
2026-07-13 09:02:57,990 - app.services.wazuh_api - INFO - Found 2 agents
2026-07-13 09:02:58,036 - app.services.wazuh_api - INFO - Fetched 9 alerts from Indexer
2026-07-13 09:02:58,175 - app.services.wazuh_api - INFO - Fetched 9 alerts from Indexer
2026-07-13 09:02:58,242 - app.services.wazuh_api - INFO - Found 2 agents
2026-07-13 09:02:58,287 - app.services.wazuh_api - INFO - Fetched 9 alerts from Indexer
2026-07-13 09:02:58,600 - app.services.wazuh_api - INFO - Fetched 9 alerts from Indexer
2026-07-13 09:02:58,662 - app.services.wazuh_api - INFO - Found 2 agents
2026-07-13 09:02:58,710 - app.services.wazuh_api - INFO - Fetched 9 alerts from Indexer
2026-07-13 09:02:59,615 - app.services.wazuh_api - INFO - Fetched 9 alerts from Indexer
2026-07-13 09:02:59,727 - app.services.wazuh_api - INFO - Fetched 9 alerts from Indexer
2026-07-13 09:02:59,786 - app.services.wazuh_api - INFO - Found 2 agents
2026-07-13 09:02:59,789 - app.main - INFO - Client connected
2026-07-13 09:02:59,834 - app.services.wazuh_api - INFO - Fetched 9 alerts from Indexer
2026-07-13 09:02:59,870 - app.services.wazuh_api - INFO - Fetched 9 alerts from Indexer
2026-07-13 09:02:59,898 - app.services.wazuh_api - INFO - Fetched 9 alerts from Indexer
2026-07-13 09:02:59,973 - app.services.wazuh_api - INFO - Fetched 9 alerts from Indexer
2026-07-13 09:03:00,024 - app.services.wazuh_api - INFO - Fetched 9 alerts from Indexer
2026-07-13 09:03:00,067 - app.services.wazuh_api - INFO - Fetched 9 alerts from Indexer
2026-07-13 09:03:00,113 - app.services.wazuh_api - INFO - Fetched 9 alerts from Indexer
2026-07-13 09:03:00,611 - app.services.wazuh_api - INFO - Fetched 9 alerts from Indexer
2026-07-13 09:03:00,658 - app.services.wazuh_api - INFO - Fetched 9 alerts from Indexer
2026-07-13 09:03:00,795 - app.services.wazuh_api - INFO - Fetched 9 alerts from Indexer
2026-07-13 09:03:00,845 - app.services.wazuh_api - INFO - Found 2 agents
2026-07-13 09:03:01,611 - app.services.wazuh_api - INFO - Fetched 9 alerts from Indexer
2026-07-13 09:03:01,661 - app.services.wazuh_api - INFO - Fetched 9 alerts from Indexer
2026-07-13 09:03:01,794 - app.services.wazuh_api - INFO - Fetched 9 alerts from Indexer
2026-07-13 09:03:01,858 - app.services.wazuh_api - INFO - Found 2 agents
2026-07-13 09:03:02,600 - app.services.wazuh_api - INFO - Fetched 9 alerts from Indexer
2026-07-13 09:03:02,646 - app.services.wazuh_api - INFO - Fetched 9 alerts from Indexer
2026-07-13 09:03:02,760 - app.services.wazuh_api - INFO - Fetched 9 alerts from Indexer
2026-07-13 09:03:02,816 - app.services.wazuh_api - INFO - Found 2 agents
2026-07-13 09:03:03,601 - app.services.wazuh_api - INFO - Fetched 9 alerts from Indexer
2026-07-13 09:03:03,648 - app.services.wazuh_api - INFO - Fetched 9 alerts from Indexer
2026-07-13 09:03:03,775 - app.services.wazuh_api - INFO - Fetched 9 alerts from Indexer
2026-07-13 09:03:03,837 - app.services.wazuh_api - INFO - Found 2 agents
2026-07-13 09:03:04,602 - app.services.wazuh_api - INFO - Fetched 9 alerts from Indexer
2026-07-13 09:03:04,685 - app.services.wazuh_api - INFO - Fetched 9 alerts from Indexer
2026-07-13 09:03:04,873 - app.services.wazuh_api - INFO - Fetched 9 alerts from Indexer
2026-07-13 09:03:04,911 - app.services.wazuh_api - INFO - Found 2 agents
2026-07-13 09:03:05,611 - app.services.wazuh_api - INFO - Fetched 9 alerts from Indexer
2026-07-13 09:03:05,655 - app.services.wazuh_api - INFO - Fetched 9 alerts from Indexer
2026-07-13 09:03:05,782 - app.services.wazuh_api - INFO - Fetched 9 alerts from Indexer
2026-07-13 09:03:05,842 - app.services.wazuh_api - INFO - Found 2 agents
2026-07-13 09:03:06,609 - app.services.wazuh_api - INFO - Fetched 9 alerts from Indexer
2026-07-13 09:03:06,654 - app.services.wazuh_api - INFO - Fetched 9 alerts from Indexer
2026-07-13 09:03:06,780 - app.services.wazuh_api - INFO - Fetched 9 alerts from Indexer
2026-07-13 09:03:06,848 - app.services.wazuh_api - INFO - Found 2 agents
2026-07-13 09:03:07,606 - app.services.wazuh_api - INFO - Fetched 9 alerts from Indexer
2026-07-13 09:03:07,652 - app.services.wazuh_api - INFO - Fetched 9 alerts from Indexer
2026-07-13 09:03:07,780 - app.services.wazuh_api - INFO - Fetched 9 alerts from Indexer
2026-07-13 09:03:07,839 - app.services.wazuh_api - INFO - Found 2 agents
2026-07-13 09:03:12,410 - app.models.detector - WARNING - Joblib failed, trying pickle: No module named 'numpy._core'
2026-07-13 09:03:12,422 - __main__ - INFO - Starting EDR Dashboard on 0.0.0.0:5000
2026-07-13 09:03:12,422 - __main__ - INFO - Wazuh API: localhost:55000
2026-07-13 09:03:12,422 - __main__ - INFO - Model: D:\EDR-Project\dashboard\models_data\knn.pkl
2026-07-13 09:03:12,425 - werkzeug - INFO -  * Restarting with stat
2026-07-13 09:03:15,325 - app.models.detector - WARNING - Joblib failed, trying pickle: No module named 'numpy._core'
2026-07-13 09:03:15,344 - __main__ - INFO - Starting EDR Dashboard on 0.0.0.0:5000
2026-07-13 09:03:15,344 - __main__ - INFO - Wazuh API: localhost:55000
2026-07-13 09:03:15,344 - __main__ - INFO - Model: D:\EDR-Project\dashboard\models_data\knn.pkl
2026-07-13 09:03:15,349 - werkzeug - WARNING -  * Debugger is active!
2026-07-13 09:03:15,354 - werkzeug - INFO -  * Debugger PIN: 243-289-687
2026-07-13 09:03:15,694 - app.services.wazuh_api - INFO - Fetched 11 alerts from Indexer
2026-07-13 09:03:15,930 - app.services.wazuh_api - INFO - Connected to Wazuh API
2026-07-13 09:03:16,011 - app.services.wazuh_api - INFO - Found 2 agents
2026-07-13 09:03:16,057 - app.services.wazuh_api - INFO - Fetched 11 alerts from Indexer
2026-07-13 09:03:16,193 - app.main - INFO - Client connected
2026-07-13 09:03:16,221 - app.services.wazuh_api - INFO - Fetched 11 alerts from Indexer
2026-07-13 09:03:16,276 - app.services.wazuh_api - INFO - Found 2 agents
2026-07-13 09:03:16,324 - app.services.wazuh_api - INFO - Fetched 11 alerts from Indexer
2026-07-13 09:03:16,465 - app.services.wazuh_api - INFO - Fetched 11 alerts from Indexer
2026-07-13 09:03:16,508 - app.services.wazuh_api - INFO - Found 2 agents
2026-07-13 09:03:16,558 - app.services.wazuh_api - INFO - Fetched 11 alerts from Indexer
2026-07-13 09:03:16,756 - app.services.wazuh_api - INFO - Fetched 11 alerts from Indexer
2026-07-13 09:03:16,810 - app.services.wazuh_api - INFO - Found 2 agents
2026-07-13 09:03:16,876 - app.services.wazuh_api - INFO - Fetched 11 alerts from Indexer
2026-07-13 09:03:16,984 - app.main - INFO - Client connected
2026-07-13 09:03:17,013 - app.services.wazuh_api - INFO - Fetched 11 alerts from Indexer
2026-07-13 09:03:17,763 - app.services.wazuh_api - INFO - Fetched 11 alerts from Indexer
2026-07-13 09:03:17,807 - app.services.wazuh_api - INFO - Fetched 11 alerts from Indexer
2026-07-13 09:03:18,024 - app.services.wazuh_api - INFO - Fetched 11 alerts from Indexer
2026-07-13 09:03:18,077 - app.services.wazuh_api - INFO - Found 2 agents
2026-07-13 09:03:18,769 - app.services.wazuh_api - INFO - Fetched 11 alerts from Indexer
2026-07-13 09:03:18,815 - app.services.wazuh_api - INFO - Fetched 11 alerts from Indexer
2026-07-13 09:03:18,990 - app.services.wazuh_api - INFO - Fetched 11 alerts from Indexer
2026-07-13 09:03:19,050 - app.services.wazuh_api - INFO - Found 2 agents
2026-07-13 09:03:19,771 - app.services.wazuh_api - INFO - Fetched 11 alerts from Indexer
2026-07-13 09:03:19,817 - app.services.wazuh_api - INFO - Fetched 11 alerts from Indexer
2026-07-13 09:03:20,017 - app.services.wazuh_api - INFO - Fetched 11 alerts from Indexer
2026-07-13 09:03:20,070 - app.services.wazuh_api - INFO - Found 2 agents
2026-07-13 09:03:21,607 - app.services.wazuh_api - INFO - Fetched 11 alerts from Indexer
2026-07-13 09:03:21,701 - app.services.wazuh_api - INFO - Fetched 11 alerts from Indexer
2026-07-13 09:03:21,918 - app.services.wazuh_api - INFO - Fetched 11 alerts from Indexer
2026-07-13 09:03:21,977 - app.services.wazuh_api - INFO - Found 2 agents
2026-07-13 09:03:22,615 - app.services.wazuh_api - INFO - Fetched 11 alerts from Indexer
2026-07-13 09:03:22,929 - app.services.wazuh_api - INFO - Fetched 11 alerts from Indexer
2026-07-13 09:03:23,088 - app.services.wazuh_api - INFO - Fetched 11 alerts from Indexer
2026-07-13 09:03:23,143 - app.services.wazuh_api - INFO - Found 2 agents
2026-07-13 09:03:23,592 - app.services.wazuh_api - INFO - Fetched 11 alerts from Indexer
2026-07-13 09:03:23,624 - app.services.wazuh_api - INFO - Fetched 11 alerts from Indexer
2026-07-13 09:03:23,785 - app.services.wazuh_api - INFO - Fetched 11 alerts from Indexer
2026-07-13 09:03:23,822 - app.services.wazuh_api - INFO - Found 2 agents
2026-07-13 09:03:24,642 - app.services.wazuh_api - INFO - Fetched 11 alerts from Indexer
2026-07-13 09:03:24,676 - app.services.wazuh_api - INFO - Fetched 11 alerts from Indexer
2026-07-13 09:03:24,820 - app.services.wazuh_api - INFO - Fetched 11 alerts from Indexer
2026-07-13 09:03:24,863 - app.services.wazuh_api - INFO - Found 2 agents
2026-07-13 09:03:25,645 - app.services.wazuh_api - INFO - Fetched 11 alerts from Indexer
2026-07-13 09:03:25,677 - app.services.wazuh_api - INFO - Fetched 11 alerts from Indexer
2026-07-13 09:03:25,861 - app.services.wazuh_api - INFO - Fetched 11 alerts from Indexer
2026-07-13 09:03:25,929 - app.services.wazuh_api - INFO - Found 2 agents
2026-07-13 09:03:26,596 - app.services.wazuh_api - INFO - Fetched 14 alerts from Indexer
2026-07-13 09:03:26,641 - app.services.wazuh_api - INFO - Fetched 14 alerts from Indexer
2026-07-13 09:03:26,865 - app.services.wazuh_api - INFO - Fetched 14 alerts from Indexer
2026-07-13 09:03:26,919 - app.services.wazuh_api - INFO - Found 2 agents
2026-07-13 09:03:27,607 - app.services.wazuh_api - INFO - Fetched 14 alerts from Indexer
2026-07-13 09:03:27,681 - app.services.wazuh_api - INFO - Fetched 14 alerts from Indexer
2026-07-13 09:03:27,850 - app.services.wazuh_api - INFO - Fetched 14 alerts from Indexer
2026-07-13 09:03:27,901 - app.services.wazuh_api - INFO - Found 2 agents
2026-07-13 09:03:28,607 - app.services.wazuh_api - INFO - Fetched 14 alerts from Indexer
2026-07-13 09:03:28,654 - app.services.wazuh_api - INFO - Fetched 14 alerts from Indexer
2026-07-13 09:03:28,830 - app.services.wazuh_api - INFO - Fetched 14 alerts from Indexer
2026-07-13 09:03:28,878 - app.services.wazuh_api - INFO - Found 2 agents
2026-07-13 09:03:29,606 - app.services.wazuh_api - INFO - Fetched 14 alerts from Indexer
2026-07-13 09:03:29,637 - app.services.wazuh_api - INFO - Fetched 14 alerts from Indexer
2026-07-13 09:03:29,813 - app.services.wazuh_api - INFO - Fetched 14 alerts from Indexer
2026-07-13 09:03:29,866 - app.services.wazuh_api - INFO - Found 2 agents
2026-07-13 09:03:30,609 - app.services.wazuh_api - INFO - Fetched 14 alerts from Indexer
2026-07-13 09:03:30,686 - app.services.wazuh_api - INFO - Fetched 14 alerts from Indexer
2026-07-13 09:03:30,889 - app.services.wazuh_api - INFO - Fetched 14 alerts from Indexer
2026-07-13 09:03:30,929 - app.services.wazuh_api - INFO - Found 2 agents
2026-07-13 09:03:31,613 - app.services.wazuh_api - INFO - Fetched 14 alerts from Indexer
2026-07-13 09:03:31,657 - app.services.wazuh_api - INFO - Fetched 14 alerts from Indexer
2026-07-13 09:03:31,833 - app.services.wazuh_api - INFO - Fetched 14 alerts from Indexer
2026-07-13 09:03:31,869 - app.services.wazuh_api - INFO - Found 2 agents
2026-07-13 09:03:32,594 - app.services.wazuh_api - INFO - Fetched 14 alerts from Indexer
2026-07-13 09:03:32,682 - app.services.wazuh_api - INFO - Fetched 14 alerts from Indexer
2026-07-13 09:03:32,843 - app.services.wazuh_api - INFO - Fetched 14 alerts from Indexer
2026-07-13 09:03:32,882 - app.services.wazuh_api - INFO - Found 2 agents
2026-07-13 09:03:33,605 - app.services.wazuh_api - INFO - Fetched 14 alerts from Indexer
2026-07-13 09:03:33,654 - app.services.wazuh_api - INFO - Fetched 14 alerts from Indexer
2026-07-13 09:03:33,884 - app.services.wazuh_api - INFO - Fetched 14 alerts from Indexer
2026-07-13 09:03:33,922 - app.services.wazuh_api - INFO - Found 2 agents
2026-07-13 09:03:34,592 - app.services.wazuh_api - INFO - Fetched 14 alerts from Indexer
2026-07-13 09:03:34,625 - app.services.wazuh_api - INFO - Fetched 14 alerts from Indexer
2026-07-13 09:03:34,807 - app.services.wazuh_api - INFO - Fetched 14 alerts from Indexer
2026-07-13 09:03:34,849 - app.services.wazuh_api - INFO - Found 2 agents
2026-07-13 09:03:35,616 - app.services.wazuh_api - INFO - Fetched 14 alerts from Indexer
2026-07-13 09:03:35,661 - app.services.wazuh_api - INFO - Fetched 14 alerts from Indexer
2026-07-13 09:03:35,874 - app.services.wazuh_api - INFO - Fetched 14 alerts from Indexer
2026-07-13 09:03:35,931 - app.services.wazuh_api - INFO - Found 2 agents
2026-07-13 09:03:36,146 - app.services.wazuh_api - INFO - Fetched 14 alerts from Indexer
2026-07-13 09:03:36,193 - app.services.wazuh_api - INFO - Fetched 14 alerts from Indexer
2026-07-13 09:03:36,355 - app.services.wazuh_api - INFO - Fetched 14 alerts from Indexer
2026-07-13 09:03:36,393 - app.services.wazuh_api - INFO - Found 2 agents
2026-07-13 09:03:36,771 - app.services.wazuh_api - INFO - Fetched 14 alerts from Indexer
2026-07-13 09:03:36,815 - app.services.wazuh_api - INFO - Fetched 14 alerts from Indexer
2026-07-13 09:03:37,028 - app.services.wazuh_api - INFO - Fetched 14 alerts from Indexer
2026-07-13 09:03:37,085 - app.services.wazuh_api - INFO - Found 2 agents
2026-07-13 09:03:37,808 - app.services.wazuh_api - INFO - Fetched 14 alerts from Indexer
2026-07-13 09:03:37,848 - app.services.wazuh_api - INFO - Fetched 14 alerts from Indexer
2026-07-13 09:03:38,034 - app.services.wazuh_api - INFO - Fetched 14 alerts from Indexer
2026-07-13 09:03:38,095 - app.services.wazuh_api - INFO - Found 2 agents
2026-07-13 09:03:39,588 - app.services.wazuh_api - INFO - Fetched 14 alerts from Indexer
2026-07-13 09:03:39,631 - app.services.wazuh_api - INFO - Fetched 14 alerts from Indexer
2026-07-13 09:03:39,819 - app.services.wazuh_api - INFO - Fetched 14 alerts from Indexer
2026-07-13 09:03:39,882 - app.services.wazuh_api - INFO - Found 2 agents
2026-07-13 09:03:40,592 - app.services.wazuh_api - INFO - Fetched 14 alerts from Indexer
2026-07-13 09:03:40,623 - app.services.wazuh_api - INFO - Fetched 14 alerts from Indexer
2026-07-13 09:03:40,816 - app.services.wazuh_api - INFO - Fetched 14 alerts from Indexer
2026-07-13 09:03:40,856 - app.services.wazuh_api - INFO - Found 2 agents
2026-07-13 09:03:41,610 - app.services.wazuh_api - INFO - Fetched 14 alerts from Indexer
2026-07-13 09:03:41,654 - app.services.wazuh_api - INFO - Fetched 14 alerts from Indexer
2026-07-13 09:03:41,876 - app.services.wazuh_api - INFO - Fetched 14 alerts from Indexer
2026-07-13 09:03:41,953 - app.services.wazuh_api - INFO - Found 2 agents
2026-07-13 09:03:42,654 - app.services.wazuh_api - INFO - Fetched 14 alerts from Indexer
2026-07-13 09:03:42,689 - app.services.wazuh_api - INFO - Fetched 14 alerts from Indexer
2026-07-13 09:03:42,846 - app.services.wazuh_api - INFO - Fetched 14 alerts from Indexer
2026-07-13 09:03:42,885 - app.services.wazuh_api - INFO - Found 2 agents
2026-07-13 09:03:43,604 - app.services.wazuh_api - INFO - Fetched 14 alerts from Indexer
2026-07-13 09:03:43,650 - app.services.wazuh_api - INFO - Fetched 14 alerts from Indexer
2026-07-13 09:03:43,824 - app.services.wazuh_api - INFO - Fetched 14 alerts from Indexer
2026-07-13 09:03:43,863 - app.services.wazuh_api - INFO - Found 2 agents
2026-07-13 09:03:44,603 - app.services.wazuh_api - INFO - Fetched 14 alerts from Indexer
2026-07-13 09:03:44,631 - app.services.wazuh_api - INFO - Fetched 14 alerts from Indexer
2026-07-13 09:03:44,845 - app.services.wazuh_api - INFO - Fetched 14 alerts from Indexer
2026-07-13 09:03:44,888 - app.services.wazuh_api - INFO - Found 2 agents
2026-07-13 09:03:45,608 - app.services.wazuh_api - INFO - Fetched 14 alerts from Indexer
2026-07-13 09:03:45,681 - app.services.wazuh_api - INFO - Fetched 14 alerts from Indexer
2026-07-13 09:03:45,879 - app.services.wazuh_api - INFO - Fetched 14 alerts from Indexer
2026-07-13 09:03:45,913 - app.services.wazuh_api - INFO - Found 2 agents
2026-07-13 09:03:46,611 - app.services.wazuh_api - INFO - Fetched 14 alerts from Indexer
2026-07-13 09:03:46,686 - app.services.wazuh_api - INFO - Fetched 14 alerts from Indexer
2026-07-13 09:03:46,870 - app.services.wazuh_api - INFO - Fetched 14 alerts from Indexer
2026-07-13 09:03:46,905 - app.services.wazuh_api - INFO - Found 2 agents
2026-07-13 09:03:47,608 - app.services.wazuh_api - INFO - Fetched 14 alerts from Indexer
2026-07-13 09:03:47,659 - app.services.wazuh_api - INFO - Fetched 14 alerts from Indexer
2026-07-13 09:03:47,844 - app.services.wazuh_api - INFO - Fetched 14 alerts from Indexer
2026-07-13 09:03:47,885 - app.services.wazuh_api - INFO - Found 2 agents
2026-07-13 09:03:48,612 - app.services.wazuh_api - INFO - Fetched 14 alerts from Indexer
2026-07-13 09:03:48,643 - app.services.wazuh_api - INFO - Fetched 14 alerts from Indexer
2026-07-13 09:03:48,819 - app.services.wazuh_api - INFO - Fetched 14 alerts from Indexer
2026-07-13 09:03:48,858 - app.services.wazuh_api - INFO - Found 2 agents
2026-07-13 09:03:49,610 - app.services.wazuh_api - INFO - Fetched 14 alerts from Indexer
2026-07-13 09:03:49,698 - app.services.wazuh_api - INFO - Fetched 14 alerts from Indexer
2026-07-13 09:03:49,886 - app.services.wazuh_api - INFO - Fetched 14 alerts from Indexer
2026-07-13 09:03:49,949 - app.services.wazuh_api - INFO - Found 2 agents
2026-07-13 09:03:50,594 - app.services.wazuh_api - INFO - Fetched 14 alerts from Indexer
2026-07-13 09:03:50,637 - app.services.wazuh_api - INFO - Fetched 14 alerts from Indexer
2026-07-13 09:03:50,845 - app.services.wazuh_api - INFO - Fetched 14 alerts from Indexer
2026-07-13 09:03:50,901 - app.services.wazuh_api - INFO - Found 2 agents
2026-07-13 09:03:51,598 - app.services.wazuh_api - INFO - Fetched 14 alerts from Indexer
2026-07-13 09:03:51,645 - app.services.wazuh_api - INFO - Fetched 14 alerts from Indexer
2026-07-13 09:03:51,820 - app.services.wazuh_api - INFO - Fetched 14 alerts from Indexer
2026-07-13 09:03:51,879 - app.services.wazuh_api - INFO - Found 2 agents
2026-07-13 09:03:52,613 - app.services.wazuh_api - INFO - Fetched 14 alerts from Indexer
2026-07-13 09:03:52,658 - app.services.wazuh_api - INFO - Fetched 14 alerts from Indexer
2026-07-13 09:03:52,843 - app.services.wazuh_api - INFO - Fetched 14 alerts from Indexer
2026-07-13 09:03:52,880 - app.services.wazuh_api - INFO - Found 2 agents
2026-07-13 09:03:53,604 - app.services.wazuh_api - INFO - Fetched 14 alerts from Indexer
2026-07-13 09:03:53,656 - app.services.wazuh_api - INFO - Fetched 14 alerts from Indexer
2026-07-13 09:03:53,827 - app.services.wazuh_api - INFO - Fetched 14 alerts from Indexer
2026-07-13 09:03:53,866 - app.services.wazuh_api - INFO - Found 2 agents
2026-07-13 09:03:54,607 - app.services.wazuh_api - INFO - Fetched 14 alerts from Indexer
2026-07-13 09:03:54,654 - app.services.wazuh_api - INFO - Fetched 14 alerts from Indexer
2026-07-13 09:03:54,843 - app.services.wazuh_api - INFO - Fetched 14 alerts from Indexer
2026-07-13 09:03:54,881 - app.services.wazuh_api - INFO - Found 2 agents
2026-07-13 09:03:55,611 - app.services.wazuh_api - INFO - Fetched 14 alerts from Indexer
2026-07-13 09:03:55,655 - app.services.wazuh_api - INFO - Fetched 14 alerts from Indexer
2026-07-13 09:03:55,841 - app.services.wazuh_api - INFO - Fetched 14 alerts from Indexer
2026-07-13 09:03:55,902 - app.services.wazuh_api - INFO - Found 2 agents
2026-07-13 09:03:56,603 - app.services.wazuh_api - INFO - Fetched 14 alerts from Indexer
2026-07-13 09:03:56,649 - app.services.wazuh_api - INFO - Fetched 14 alerts from Indexer
2026-07-13 09:03:56,817 - app.services.wazuh_api - INFO - Fetched 14 alerts from Indexer
2026-07-13 09:03:56,870 - app.services.wazuh_api - INFO - Found 2 agents
2026-07-13 09:03:57,606 - app.services.wazuh_api - INFO - Fetched 14 alerts from Indexer
2026-07-13 09:03:57,655 - app.services.wazuh_api - INFO - Fetched 14 alerts from Indexer
2026-07-13 09:03:57,824 - app.services.wazuh_api - INFO - Fetched 14 alerts from Indexer
2026-07-13 09:03:57,885 - app.services.wazuh_api - INFO - Found 2 agents
2026-07-13 09:03:58,609 - app.services.wazuh_api - INFO - Fetched 14 alerts from Indexer
2026-07-13 09:03:58,685 - app.services.wazuh_api - INFO - Fetched 14 alerts from Indexer
2026-07-13 09:03:58,903 - app.services.wazuh_api - INFO - Fetched 14 alerts from Indexer
2026-07-13 09:03:58,944 - app.services.wazuh_api - INFO - Found 2 agents
2026-07-13 09:03:59,649 - app.services.wazuh_api - INFO - Fetched 14 alerts from Indexer
2026-07-13 09:03:59,728 - app.services.wazuh_api - INFO - Fetched 14 alerts from Indexer
2026-07-13 09:03:59,937 - app.services.wazuh_api - INFO - Fetched 14 alerts from Indexer
2026-07-13 09:04:00,003 - app.services.wazuh_api - INFO - Found 2 agents
2026-07-13 09:04:00,606 - app.services.wazuh_api - INFO - Fetched 14 alerts from Indexer
2026-07-13 09:04:00,653 - app.services.wazuh_api - INFO - Fetched 14 alerts from Indexer
2026-07-13 09:04:00,861 - app.services.wazuh_api - INFO - Fetched 14 alerts from Indexer
2026-07-13 09:04:00,922 - app.services.wazuh_api - INFO - Found 2 agents
2026-07-13 09:04:01,603 - app.services.wazuh_api - INFO - Fetched 14 alerts from Indexer
2026-07-13 09:04:01,649 - app.services.wazuh_api - INFO - Fetched 14 alerts from Indexer
2026-07-13 09:04:01,877 - app.services.wazuh_api - INFO - Fetched 14 alerts from Indexer
2026-07-13 09:04:01,918 - app.services.wazuh_api - INFO - Found 2 agents
2026-07-13 09:04:02,603 - app.services.wazuh_api - INFO - Fetched 14 alerts from Indexer
2026-07-13 09:04:02,698 - app.services.wazuh_api - INFO - Fetched 14 alerts from Indexer
2026-07-13 09:04:02,863 - app.services.wazuh_api - INFO - Fetched 14 alerts from Indexer
2026-07-13 09:04:02,915 - app.services.wazuh_api - INFO - Found 2 agents
2026-07-13 09:04:03,614 - app.services.wazuh_api - INFO - Fetched 14 alerts from Indexer
2026-07-13 09:04:03,658 - app.services.wazuh_api - INFO - Fetched 14 alerts from Indexer
2026-07-13 09:04:03,830 - app.services.wazuh_api - INFO - Fetched 14 alerts from Indexer
2026-07-13 09:04:03,893 - app.services.wazuh_api - INFO - Found 2 agents
2026-07-13 09:04:04,605 - app.services.wazuh_api - INFO - Fetched 14 alerts from Indexer
2026-07-13 09:04:04,639 - app.services.wazuh_api - INFO - Fetched 14 alerts from Indexer
2026-07-13 09:04:04,809 - app.services.wazuh_api - INFO - Fetched 14 alerts from Indexer
2026-07-13 09:04:04,845 - app.services.wazuh_api - INFO - Found 2 agents
2026-07-13 09:04:05,600 - app.services.wazuh_api - INFO - Fetched 14 alerts from Indexer
2026-07-13 09:04:05,630 - app.services.wazuh_api - INFO - Fetched 14 alerts from Indexer
2026-07-13 09:04:05,809 - app.services.wazuh_api - INFO - Fetched 14 alerts from Indexer
2026-07-13 09:04:05,857 - app.services.wazuh_api - INFO - Found 2 agents
2026-07-13 09:04:06,653 - app.services.wazuh_api - INFO - Fetched 14 alerts from Indexer
2026-07-13 09:04:06,693 - app.services.wazuh_api - INFO - Fetched 14 alerts from Indexer
2026-07-13 09:04:06,878 - app.services.wazuh_api - INFO - Fetched 14 alerts from Indexer
2026-07-13 09:04:06,936 - app.services.wazuh_api - INFO - Found 2 agents
2026-07-13 09:04:07,653 - app.services.wazuh_api - INFO - Fetched 14 alerts from Indexer
2026-07-13 09:04:07,681 - app.services.wazuh_api - INFO - Fetched 14 alerts from Indexer
2026-07-13 09:04:07,865 - app.services.wazuh_api - INFO - Fetched 14 alerts from Indexer
2026-07-13 09:04:07,908 - app.services.wazuh_api - INFO - Found 2 agents
2026-07-13 09:04:08,608 - app.services.wazuh_api - INFO - Fetched 14 alerts from Indexer
2026-07-13 09:04:08,656 - app.services.wazuh_api - INFO - Fetched 14 alerts from Indexer
2026-07-13 09:04:08,832 - app.services.wazuh_api - INFO - Fetched 14 alerts from Indexer
2026-07-13 09:04:08,867 - app.services.wazuh_api - INFO - Found 2 agents
2026-07-13 09:04:09,608 - app.services.wazuh_api - INFO - Fetched 14 alerts from Indexer
2026-07-13 09:04:09,640 - app.services.wazuh_api - INFO - Fetched 14 alerts from Indexer
2026-07-13 09:04:09,815 - app.services.wazuh_api - INFO - Fetched 14 alerts from Indexer
2026-07-13 09:04:09,873 - app.services.wazuh_api - INFO - Found 2 agents
2026-07-13 09:04:10,596 - app.services.wazuh_api - INFO - Fetched 14 alerts from Indexer
2026-07-13 09:04:10,638 - app.services.wazuh_api - INFO - Fetched 14 alerts from Indexer
2026-07-13 09:04:10,850 - app.services.wazuh_api - INFO - Fetched 14 alerts from Indexer
2026-07-13 09:04:10,888 - app.services.wazuh_api - INFO - Found 2 agents
2026-07-13 09:04:11,617 - app.services.wazuh_api - INFO - Fetched 14 alerts from Indexer
2026-07-13 09:04:11,693 - app.services.wazuh_api - INFO - Fetched 14 alerts from Indexer
2026-07-13 09:04:11,873 - app.services.wazuh_api - INFO - Fetched 14 alerts from Indexer
2026-07-13 09:04:11,929 - app.services.wazuh_api - INFO - Found 2 agents
2026-07-13 09:04:12,600 - app.services.wazuh_api - INFO - Fetched 14 alerts from Indexer
2026-07-13 09:04:12,642 - app.services.wazuh_api - INFO - Fetched 14 alerts from Indexer
2026-07-13 09:04:12,837 - app.services.wazuh_api - INFO - Fetched 14 alerts from Indexer
2026-07-13 09:04:12,899 - app.services.wazuh_api - INFO - Found 2 agents
2026-07-13 09:04:13,612 - app.services.wazuh_api - INFO - Fetched 14 alerts from Indexer
2026-07-13 09:04:13,661 - app.services.wazuh_api - INFO - Fetched 14 alerts from Indexer
2026-07-13 09:04:13,835 - app.services.wazuh_api - INFO - Fetched 14 alerts from Indexer
2026-07-13 09:04:13,886 - app.services.wazuh_api - INFO - Found 2 agents
2026-07-13 09:04:14,645 - app.services.wazuh_api - INFO - Fetched 14 alerts from Indexer
2026-07-13 09:04:14,674 - app.services.wazuh_api - INFO - Fetched 14 alerts from Indexer
2026-07-13 09:04:14,874 - app.services.wazuh_api - INFO - Fetched 14 alerts from Indexer
2026-07-13 09:04:14,933 - app.services.wazuh_api - INFO - Found 2 agents
2026-07-13 09:04:15,606 - app.services.wazuh_api - INFO - Fetched 14 alerts from Indexer
2026-07-13 09:04:15,653 - app.services.wazuh_api - INFO - Fetched 14 alerts from Indexer
2026-07-13 09:04:15,848 - app.services.wazuh_api - INFO - Fetched 14 alerts from Indexer
2026-07-13 09:04:15,901 - app.services.wazuh_api - INFO - Found 2 agents
2026-07-13 09:04:16,604 - app.services.wazuh_api - INFO - Fetched 14 alerts from Indexer
2026-07-13 09:04:16,652 - app.services.wazuh_api - INFO - Fetched 14 alerts from Indexer
2026-07-13 09:04:16,826 - app.services.wazuh_api - INFO - Fetched 14 alerts from Indexer
2026-07-13 09:04:16,862 - app.services.wazuh_api - INFO - Found 2 agents
2026-07-13 09:04:17,602 - app.services.wazuh_api - INFO - Fetched 14 alerts from Indexer
2026-07-13 09:04:17,654 - app.services.wazuh_api - INFO - Fetched 14 alerts from Indexer
2026-07-13 09:04:17,870 - app.services.wazuh_api - INFO - Fetched 14 alerts from Indexer
2026-07-13 09:04:17,910 - app.services.wazuh_api - INFO - Found 2 agents
2026-07-13 09:04:18,603 - app.services.wazuh_api - INFO - Fetched 14 alerts from Indexer
2026-07-13 09:04:18,644 - app.services.wazuh_api - INFO - Fetched 14 alerts from Indexer
2026-07-13 09:04:18,821 - app.services.wazuh_api - INFO - Fetched 14 alerts from Indexer
2026-07-13 09:04:18,879 - app.services.wazuh_api - INFO - Found 2 agents
2026-07-13 09:04:19,602 - app.services.wazuh_api - INFO - Fetched 14 alerts from Indexer
2026-07-13 09:04:19,697 - app.services.wazuh_api - INFO - Fetched 14 alerts from Indexer
2026-07-13 09:04:19,888 - app.services.wazuh_api - INFO - Fetched 14 alerts from Indexer
2026-07-13 09:04:19,953 - app.services.wazuh_api - INFO - Found 2 agents
2026-07-13 09:04:20,605 - app.services.wazuh_api - INFO - Fetched 14 alerts from Indexer
2026-07-13 09:04:20,639 - app.services.wazuh_api - INFO - Fetched 14 alerts from Indexer
2026-07-13 09:04:20,812 - app.services.wazuh_api - INFO - Fetched 14 alerts from Indexer
2026-07-13 09:04:20,850 - app.services.wazuh_api - INFO - Found 2 agents
2026-07-13 09:04:21,604 - app.services.wazuh_api - INFO - Fetched 14 alerts from Indexer
2026-07-13 09:04:21,650 - app.services.wazuh_api - INFO - Fetched 14 alerts from Indexer
2026-07-13 09:04:21,839 - app.services.wazuh_api - INFO - Fetched 14 alerts from Indexer
2026-07-13 09:04:21,884 - app.services.wazuh_api - INFO - Found 2 agents
2026-07-13 09:04:22,601 - app.services.wazuh_api - INFO - Fetched 14 alerts from Indexer
2026-07-13 09:04:22,674 - app.services.wazuh_api - INFO - Fetched 14 alerts from Indexer
2026-07-13 09:04:22,849 - app.services.wazuh_api - INFO - Fetched 14 alerts from Indexer
2026-07-13 09:04:22,906 - app.services.wazuh_api - INFO - Found 2 agents
2026-07-13 09:04:27,542 - app.models.detector - WARNING - Joblib failed, trying pickle: No module named 'numpy._core'
2026-07-13 09:04:27,554 - __main__ - INFO - Starting EDR Dashboard on 0.0.0.0:5000
2026-07-13 09:04:27,554 - __main__ - INFO - Wazuh API: localhost:55000
2026-07-13 09:04:27,555 - __main__ - INFO - Model: D:\EDR-Project\dashboard\models_data\knn.pkl
2026-07-13 09:04:27,557 - werkzeug - INFO -  * Restarting with stat
2026-07-13 09:04:30,330 - app.models.detector - WARNING - Joblib failed, trying pickle: No module named 'numpy._core'
2026-07-13 09:04:30,344 - __main__ - INFO - Starting EDR Dashboard on 0.0.0.0:5000
2026-07-13 09:04:30,344 - __main__ - INFO - Wazuh API: localhost:55000
2026-07-13 09:04:30,344 - __main__ - INFO - Model: D:\EDR-Project\dashboard\models_data\knn.pkl
2026-07-13 09:04:30,347 - werkzeug - WARNING -  * Debugger is active!
2026-07-13 09:04:30,351 - werkzeug - INFO -  * Debugger PIN: 243-289-687
2026-07-13 09:04:30,629 - app.services.wazuh_api - INFO - Fetched 16 alerts from Indexer
2026-07-13 09:04:30,875 - app.services.wazuh_api - INFO - Connected to Wazuh API
2026-07-13 09:04:30,945 - app.services.wazuh_api - INFO - Found 2 agents
2026-07-13 09:04:30,993 - app.services.wazuh_api - INFO - Fetched 16 alerts from Indexer
2026-07-13 09:04:31,196 - app.services.wazuh_api - INFO - Fetched 16 alerts from Indexer
2026-07-13 09:04:31,254 - app.services.wazuh_api - INFO - Found 2 agents
2026-07-13 09:04:31,305 - app.services.wazuh_api - INFO - Fetched 16 alerts from Indexer
2026-07-13 09:04:31,455 - app.main - INFO - Client connected
2026-07-13 09:04:31,495 - app.services.wazuh_api - INFO - Fetched 16 alerts from Indexer
2026-07-13 09:04:31,555 - app.services.wazuh_api - INFO - Found 2 agents
2026-07-13 09:04:31,646 - app.services.wazuh_api - INFO - Fetched 16 alerts from Indexer
2026-07-13 09:04:31,841 - app.services.wazuh_api - INFO - Fetched 16 alerts from Indexer
2026-07-13 09:04:31,872 - app.services.wazuh_api - INFO - Fetched 16 alerts from Indexer
2026-07-13 09:04:31,914 - app.services.wazuh_api - INFO - Found 2 agents
2026-07-13 09:04:31,945 - app.services.wazuh_api - INFO - Fetched 16 alerts from Indexer
2026-07-13 09:04:32,117 - app.services.wazuh_api - INFO - Fetched 16 alerts from Indexer
2026-07-13 09:04:32,148 - app.services.wazuh_api - INFO - Fetched 16 alerts from Indexer
2026-07-13 09:04:32,178 - app.services.wazuh_api - INFO - Fetched 16 alerts from Indexer
2026-07-13 09:04:32,205 - app.services.wazuh_api - INFO - Fetched 16 alerts from Indexer
2026-07-13 09:04:32,229 - app.services.wazuh_api - INFO - Fetched 16 alerts from Indexer
2026-07-13 09:04:32,270 - app.services.wazuh_api - INFO - Fetched 16 alerts from Indexer
2026-07-13 09:04:32,303 - app.services.wazuh_api - INFO - Fetched 16 alerts from Indexer
2026-07-13 09:04:32,330 - app.services.wazuh_api - INFO - Fetched 16 alerts from Indexer
2026-07-13 09:04:32,398 - app.services.wazuh_api - INFO - Fetched 16 alerts from Indexer
2026-07-13 09:04:32,443 - app.services.wazuh_api - INFO - Fetched 16 alerts from Indexer
2026-07-13 09:04:32,505 - app.services.wazuh_api - INFO - Found 2 agents
2026-07-13 09:04:32,550 - app.services.wazuh_api - INFO - Fetched 16 alerts from Indexer
2026-07-13 09:04:32,755 - app.services.wazuh_api - INFO - Fetched 16 alerts from Indexer
2026-07-13 09:04:32,798 - app.services.wazuh_api - INFO - Fetched 16 alerts from Indexer
2026-07-13 09:04:32,863 - app.services.wazuh_api - INFO - Found 2 agents
2026-07-13 09:04:32,892 - app.services.wazuh_api - INFO - Fetched 16 alerts from Indexer
2026-07-13 09:04:33,080 - app.services.wazuh_api - INFO - Fetched 16 alerts from Indexer
2026-07-13 09:04:33,120 - app.services.wazuh_api - INFO - Found 2 agents
2026-07-13 09:04:33,148 - app.services.wazuh_api - INFO - Fetched 16 alerts from Indexer
2026-07-13 09:04:33,653 - app.services.wazuh_api - INFO - Fetched 16 alerts from Indexer
2026-07-13 09:04:33,683 - app.services.wazuh_api - INFO - Fetched 16 alerts from Indexer
2026-07-13 09:04:33,867 - app.services.wazuh_api - INFO - Fetched 16 alerts from Indexer
2026-07-13 09:04:33,906 - app.services.wazuh_api - INFO - Found 2 agents
2026-07-13 09:04:34,608 - app.services.wazuh_api - INFO - Fetched 16 alerts from Indexer
2026-07-13 09:04:34,653 - app.services.wazuh_api - INFO - Fetched 16 alerts from Indexer
2026-07-13 09:04:34,873 - app.services.wazuh_api - INFO - Fetched 16 alerts from Indexer
2026-07-13 09:04:34,931 - app.services.wazuh_api - INFO - Found 2 agents
2026-07-13 09:04:35,608 - app.services.wazuh_api - INFO - Fetched 16 alerts from Indexer
2026-07-13 09:04:35,694 - app.services.wazuh_api - INFO - Fetched 16 alerts from Indexer
2026-07-13 09:04:35,876 - app.services.wazuh_api - INFO - Fetched 16 alerts from Indexer
2026-07-13 09:04:35,931 - app.services.wazuh_api - INFO - Found 2 agents
2026-07-13 09:04:36,604 - app.services.wazuh_api - INFO - Fetched 16 alerts from Indexer
2026-07-13 09:04:36,655 - app.services.wazuh_api - INFO - Fetched 16 alerts from Indexer
2026-07-13 09:04:36,851 - app.services.wazuh_api - INFO - Fetched 16 alerts from Indexer
2026-07-13 09:04:36,892 - app.services.wazuh_api - INFO - Found 2 agents
2026-07-13 09:04:37,606 - app.services.wazuh_api - INFO - Fetched 16 alerts from Indexer
2026-07-13 09:04:37,650 - app.services.wazuh_api - INFO - Fetched 16 alerts from Indexer
2026-07-13 09:04:37,856 - app.services.wazuh_api - INFO - Fetched 16 alerts from Indexer
2026-07-13 09:04:37,897 - app.services.wazuh_api - INFO - Found 2 agents
2026-07-13 09:05:14,599 - app.services.wazuh_api - INFO - Fetched 16 alerts from Indexer
2026-07-13 09:05:14,643 - app.services.wazuh_api - INFO - Fetched 16 alerts from Indexer
2026-07-13 09:05:14,860 - app.services.wazuh_api - INFO - Fetched 16 alerts from Indexer
2026-07-13 09:05:14,929 - app.services.wazuh_api - INFO - Found 2 agents
2026-07-13 09:06:13,907 - werkzeug - INFO -  * Detected change in 'D:\\EDR-Project\\dashboard\\app\\models\\detector.py', reloading
2026-07-13 09:06:14,150 - werkzeug - INFO -  * Restarting with stat
2026-07-13 09:06:16,995 - app.models.detector - WARNING - Joblib failed, trying pickle: No module named 'numpy._core'
2026-07-13 09:06:17,007 - __main__ - INFO - Starting EDR Dashboard on 0.0.0.0:5000
2026-07-13 09:06:17,007 - __main__ - INFO - Wazuh API: localhost:55000
2026-07-13 09:06:17,007 - __main__ - INFO - Model: D:\EDR-Project\dashboard\models_data\knn.pkl
2026-07-13 09:06:17,010 - werkzeug - WARNING -  * Debugger is active!
2026-07-13 09:06:17,015 - werkzeug - INFO -  * Debugger PIN: 243-289-687
2026-07-13 09:06:17,139 - app.main - INFO - Client connected
2026-07-13 09:06:17,177 - app.services.wazuh_api - INFO - Fetched 17 alerts from Indexer
2026-07-13 09:06:17,253 - app.services.wazuh_api - INFO - Fetched 17 alerts from Indexer
2026-07-13 09:06:18,406 - werkzeug - INFO -  * Detected change in 'D:\\EDR-Project\\dashboard\\app\\models\\detector.py', reloading
2026-07-13 09:06:18,712 - werkzeug - INFO -  * Restarting with stat
2026-07-13 09:06:21,412 - app.models.detector - WARNING - Joblib failed, trying pickle: No module named 'numpy._core'
2026-07-13 09:06:21,425 - __main__ - INFO - Starting EDR Dashboard on 0.0.0.0:5000
2026-07-13 09:06:21,426 - __main__ - INFO - Wazuh API: localhost:55000
2026-07-13 09:06:21,426 - __main__ - INFO - Model: D:\EDR-Project\dashboard\models_data\knn.pkl
2026-07-13 09:06:21,430 - werkzeug - WARNING -  * Debugger is active!
2026-07-13 09:06:21,434 - werkzeug - INFO -  * Debugger PIN: 243-289-687
2026-07-13 09:06:21,637 - app.main - INFO - Client connected
2026-07-13 09:06:21,674 - app.services.wazuh_api - INFO - Fetched 17 alerts from Indexer
2026-07-13 09:06:26,050 - werkzeug - INFO -  * Detected change in 'D:\\EDR-Project\\dashboard\\app\\models\\detector.py', reloading
2026-07-13 09:06:26,320 - werkzeug - INFO -  * Restarting with stat
2026-07-13 09:06:29,008 - app.models.detector - WARNING - Joblib failed, trying pickle: No module named 'numpy._core'
2026-07-13 09:06:29,020 - __main__ - INFO - Starting EDR Dashboard on 0.0.0.0:5000
2026-07-13 09:06:29,020 - __main__ - INFO - Wazuh API: localhost:55000
2026-07-13 09:06:29,021 - __main__ - INFO - Model: D:\EDR-Project\dashboard\models_data\knn.pkl
2026-07-13 09:06:29,023 - werkzeug - WARNING -  * Debugger is active!
2026-07-13 09:06:29,028 - werkzeug - INFO -  * Debugger PIN: 243-289-687
2026-07-13 09:06:29,149 - app.main - INFO - Client connected
2026-07-13 09:06:29,187 - app.services.wazuh_api - INFO - Fetched 19 alerts from Indexer
2026-07-13 09:06:30,356 - werkzeug - INFO -  * Detected change in 'D:\\EDR-Project\\dashboard\\app\\models\\detector.py', reloading
2026-07-13 09:06:30,587 - werkzeug - INFO -  * Restarting with stat
2026-07-13 09:06:33,341 - app.models.detector - WARNING - Joblib failed, trying pickle: No module named 'numpy._core'
2026-07-13 09:06:33,352 - __main__ - INFO - Starting EDR Dashboard on 0.0.0.0:5000
2026-07-13 09:06:33,353 - __main__ - INFO - Wazuh API: localhost:55000
2026-07-13 09:06:33,353 - __main__ - INFO - Model: D:\EDR-Project\dashboard\models_data\knn.pkl
2026-07-13 09:06:33,356 - werkzeug - WARNING -  * Debugger is active!
2026-07-13 09:06:33,360 - werkzeug - INFO -  * Debugger PIN: 243-289-687
2026-07-13 09:06:33,651 - app.main - INFO - Client connected
2026-07-13 09:06:33,689 - app.services.wazuh_api - INFO - Fetched 19 alerts from Indexer
2026-07-13 09:06:47,920 - app.models.detector - WARNING - Joblib failed, trying pickle: No module named 'numpy._core'
2026-07-13 09:06:47,934 - __main__ - INFO - Starting EDR Dashboard on 0.0.0.0:5000
2026-07-13 09:06:47,934 - __main__ - INFO - Wazuh API: localhost:55000
2026-07-13 09:06:47,934 - __main__ - INFO - Model: D:\EDR-Project\dashboard\models_data\knn.pkl
2026-07-13 09:06:47,938 - werkzeug - INFO -  * Restarting with stat
2026-07-13 09:06:50,754 - app.models.detector - WARNING - Joblib failed, trying pickle: No module named 'numpy._core'
2026-07-13 09:06:50,768 - __main__ - INFO - Starting EDR Dashboard on 0.0.0.0:5000
2026-07-13 09:06:50,769 - __main__ - INFO - Wazuh API: localhost:55000
2026-07-13 09:06:50,769 - __main__ - INFO - Model: D:\EDR-Project\dashboard\models_data\knn.pkl
2026-07-13 09:06:50,772 - werkzeug - WARNING -  * Debugger is active!
2026-07-13 09:06:50,777 - werkzeug - INFO -  * Debugger PIN: 243-289-687
2026-07-13 09:06:50,885 - app.main - INFO - Client connected
2026-07-13 09:06:50,926 - app.services.wazuh_api - INFO - Fetched 20 alerts from Indexer
2026-07-13 09:07:14,611 - app.services.wazuh_api - INFO - Fetched 20 alerts from Indexer
2026-07-13 09:07:14,658 - app.services.wazuh_api - INFO - Fetched 20 alerts from Indexer
2026-07-13 09:07:14,924 - app.services.wazuh_api - INFO - Fetched 22 alerts from Indexer
2026-07-13 09:07:15,145 - app.services.wazuh_api - INFO - Connected to Wazuh API
2026-07-13 09:07:15,446 - app.services.wazuh_api - INFO - Found 2 agents
2026-07-13 09:08:08,464 - werkzeug - INFO -  * Detected change in 'D:\\EDR-Project\\dashboard\\app\\models\\feature_extractor.py', reloading
2026-07-13 09:08:08,740 - werkzeug - INFO -  * Restarting with stat
2026-07-13 09:08:11,800 - app.models.detector - WARNING - Joblib failed, trying pickle: No module named 'numpy._core'
2026-07-13 09:08:11,814 - __main__ - INFO - Starting EDR Dashboard on 0.0.0.0:5000
2026-07-13 09:08:11,814 - __main__ - INFO - Wazuh API: localhost:55000
2026-07-13 09:08:11,814 - __main__ - INFO - Model: D:\EDR-Project\dashboard\models_data\knn.pkl
2026-07-13 09:08:11,817 - werkzeug - WARNING -  * Debugger is active!
2026-07-13 09:08:11,821 - werkzeug - INFO -  * Debugger PIN: 243-289-687
2026-07-13 09:08:12,176 - app.main - INFO - Client connected
2026-07-13 09:08:12,812 - app.services.wazuh_api - INFO - Fetched 20 alerts from Indexer
2026-07-13 09:08:14,607 - app.services.wazuh_api - INFO - Fetched 20 alerts from Indexer
2026-07-13 09:08:14,694 - app.services.wazuh_api - INFO - Fetched 20 alerts from Indexer
2026-07-13 09:08:14,900 - app.services.wazuh_api - INFO - Fetched 23 alerts from Indexer
2026-07-13 09:08:15,124 - app.services.wazuh_api - INFO - Connected to Wazuh API
2026-07-13 09:08:15,191 - app.services.wazuh_api - INFO - Found 2 agents
2026-07-13 09:08:19,716 - werkzeug - INFO -  * Detected change in 'D:\\EDR-Project\\dashboard\\app\\models\\feature_extractor.py', reloading
2026-07-13 09:08:19,998 - werkzeug - INFO -  * Restarting with stat
2026-07-13 09:08:22,939 - app.models.detector - WARNING - Joblib failed, trying pickle: No module named 'numpy._core'
2026-07-13 09:08:22,951 - __main__ - INFO - Starting EDR Dashboard on 0.0.0.0:5000
2026-07-13 09:08:22,951 - __main__ - INFO - Wazuh API: localhost:55000
2026-07-13 09:08:22,952 - __main__ - INFO - Model: D:\EDR-Project\dashboard\models_data\knn.pkl
2026-07-13 09:08:22,955 - werkzeug - WARNING -  * Debugger is active!
2026-07-13 09:08:22,958 - werkzeug - INFO -  * Debugger PIN: 243-289-687
2026-07-13 09:08:23,161 - app.main - INFO - Client connected
2026-07-13 09:08:23,193 - app.services.wazuh_api - INFO - Fetched 20 alerts from Indexer
2026-07-13 09:09:14,607 - app.services.wazuh_api - INFO - Fetched 20 alerts from Indexer
2026-07-13 09:09:14,697 - app.services.wazuh_api - INFO - Fetched 20 alerts from Indexer
2026-07-13 09:09:15,153 - app.services.wazuh_api - INFO - Fetched 24 alerts from Indexer
2026-07-13 09:09:15,365 - app.services.wazuh_api - INFO - Connected to Wazuh API
2026-07-13 09:09:15,447 - app.services.wazuh_api - INFO - Found 2 agents
2026-07-13 09:09:26,706 - app.models.detector - WARNING - Joblib failed, trying pickle: No module named 'numpy._core'
2026-07-13 09:09:26,718 - __main__ - INFO - Starting EDR Dashboard on 0.0.0.0:5000
2026-07-13 09:09:26,718 - __main__ - INFO - Wazuh API: localhost:55000
2026-07-13 09:09:26,718 - __main__ - INFO - Model: D:\EDR-Project\dashboard\models_data\knn.pkl
2026-07-13 09:09:26,722 - werkzeug - INFO -  * Restarting with stat
2026-07-13 09:09:29,480 - app.models.detector - WARNING - Joblib failed, trying pickle: No module named 'numpy._core'
2026-07-13 09:09:29,492 - __main__ - INFO - Starting EDR Dashboard on 0.0.0.0:5000
2026-07-13 09:09:29,492 - __main__ - INFO - Wazuh API: localhost:55000
2026-07-13 09:09:29,492 - __main__ - INFO - Model: D:\EDR-Project\dashboard\models_data\knn.pkl
2026-07-13 09:09:29,496 - werkzeug - WARNING -  * Debugger is active!
2026-07-13 09:09:29,499 - werkzeug - INFO -  * Debugger PIN: 243-289-687
2026-07-13 09:09:29,641 - app.main - INFO - Client connected
2026-07-13 09:09:29,678 - app.services.wazuh_api - INFO - Fetched 20 alerts from Indexer
2026-07-13 09:10:14,618 - app.services.wazuh_api - INFO - Fetched 20 alerts from Indexer
2026-07-13 09:10:14,660 - app.services.wazuh_api - INFO - Fetched 20 alerts from Indexer
2026-07-13 09:10:15,166 - app.services.wazuh_api - INFO - Fetched 26 alerts from Indexer
2026-07-13 09:10:15,404 - app.services.wazuh_api - INFO - Connected to Wazuh API
2026-07-13 09:10:15,472 - app.services.wazuh_api - INFO - Found 2 agents
2026-07-13 09:11:08,457 - app.services.wazuh_api - INFO - Fetched 20 alerts from Indexer
2026-07-13 09:11:08,486 - app.services.wazuh_api - INFO - Fetched 20 alerts from Indexer
2026-07-13 09:11:08,879 - app.services.wazuh_api - INFO - Fetched 26 alerts from Indexer
2026-07-13 09:11:08,916 - app.services.wazuh_api - INFO - Found 2 agents
2026-07-13 09:11:08,963 - app.services.wazuh_api - INFO - Fetched 20 alerts from Indexer
2026-07-13 09:11:09,403 - app.services.wazuh_api - INFO - Fetched 26 alerts from Indexer
2026-07-13 09:11:09,448 - app.services.wazuh_api - INFO - Found 2 agents
2026-07-13 09:11:09,499 - app.services.wazuh_api - INFO - Fetched 20 alerts from Indexer
2026-07-13 09:11:09,752 - app.services.wazuh_api - INFO - Fetched 20 alerts from Indexer
2026-07-13 09:11:09,794 - app.services.wazuh_api - INFO - Fetched 20 alerts from Indexer
2026-07-13 09:11:10,215 - app.services.wazuh_api - INFO - Fetched 26 alerts from Indexer
2026-07-13 09:11:10,275 - app.services.wazuh_api - INFO - Found 2 agents
2026-07-13 09:11:11,612 - app.services.wazuh_api - INFO - Fetched 20 alerts from Indexer
2026-07-13 09:11:11,719 - app.services.wazuh_api - INFO - Fetched 20 alerts from Indexer
2026-07-13 09:11:12,106 - app.services.wazuh_api - INFO - Fetched 26 alerts from Indexer
2026-07-13 09:11:12,156 - app.services.wazuh_api - INFO - Found 2 agents
2026-07-13 09:11:12,596 - app.services.wazuh_api - INFO - Fetched 20 alerts from Indexer
2026-07-13 09:11:12,628 - app.services.wazuh_api - INFO - Fetched 20 alerts from Indexer
2026-07-13 09:11:13,114 - app.services.wazuh_api - INFO - Fetched 26 alerts from Indexer
2026-07-13 09:11:13,178 - app.services.wazuh_api - INFO - Found 2 agents
2026-07-13 09:11:13,608 - app.services.wazuh_api - INFO - Fetched 20 alerts from Indexer
2026-07-13 09:11:13,653 - app.services.wazuh_api - INFO - Fetched 20 alerts from Indexer
2026-07-13 09:11:14,064 - app.services.wazuh_api - INFO - Fetched 26 alerts from Indexer
2026-07-13 09:11:14,102 - app.services.wazuh_api - INFO - Found 2 agents
2026-07-13 09:11:14,608 - app.services.wazuh_api - INFO - Fetched 20 alerts from Indexer
2026-07-13 09:11:14,638 - app.services.wazuh_api - INFO - Fetched 20 alerts from Indexer
2026-07-13 09:11:15,102 - app.services.wazuh_api - INFO - Fetched 26 alerts from Indexer
2026-07-13 09:11:15,168 - app.services.wazuh_api - INFO - Found 2 agents
2026-07-13 09:11:15,602 - app.services.wazuh_api - INFO - Fetched 20 alerts from Indexer
2026-07-13 09:11:15,634 - app.services.wazuh_api - INFO - Fetched 20 alerts from Indexer
2026-07-13 09:11:16,033 - app.services.wazuh_api - INFO - Fetched 26 alerts from Indexer
2026-07-13 09:11:16,093 - app.services.wazuh_api - INFO - Found 2 agents
2026-07-13 09:11:16,609 - app.services.wazuh_api - INFO - Fetched 20 alerts from Indexer
2026-07-13 09:11:16,701 - app.services.wazuh_api - INFO - Fetched 20 alerts from Indexer
2026-07-13 09:11:17,079 - app.services.wazuh_api - INFO - Fetched 26 alerts from Indexer
2026-07-13 09:11:17,138 - app.services.wazuh_api - INFO - Found 2 agents
2026-07-13 09:11:17,650 - app.services.wazuh_api - INFO - Fetched 20 alerts from Indexer
2026-07-13 09:11:17,679 - app.services.wazuh_api - INFO - Fetched 20 alerts from Indexer
2026-07-13 09:11:18,103 - app.services.wazuh_api - INFO - Fetched 26 alerts from Indexer
2026-07-13 09:11:18,162 - app.services.wazuh_api - INFO - Found 2 agents
2026-07-13 09:11:18,589 - app.services.wazuh_api - INFO - Fetched 20 alerts from Indexer
2026-07-13 09:11:18,636 - app.services.wazuh_api - INFO - Fetched 20 alerts from Indexer
2026-07-13 09:11:19,041 - app.services.wazuh_api - INFO - Fetched 26 alerts from Indexer
2026-07-13 09:11:19,085 - app.services.wazuh_api - INFO - Found 2 agents
2026-07-13 09:11:19,600 - app.services.wazuh_api - INFO - Fetched 20 alerts from Indexer
2026-07-13 09:11:19,649 - app.services.wazuh_api - INFO - Fetched 20 alerts from Indexer
2026-07-13 09:11:20,098 - app.services.wazuh_api - INFO - Fetched 26 alerts from Indexer
2026-07-13 09:11:20,165 - app.services.wazuh_api - INFO - Found 2 agents
2026-07-13 09:11:20,599 - app.services.wazuh_api - INFO - Fetched 20 alerts from Indexer
2026-07-13 09:11:20,669 - app.services.wazuh_api - INFO - Fetched 20 alerts from Indexer
2026-07-13 09:21:29,622 - app.models.detector - INFO - [OK] Model loaded with joblib: D:\EDR-Project\dashboard\models_data\knn.pkl
2026-07-13 09:21:29,676 - __main__ - INFO - Starting EDR Dashboard on 0.0.0.0:5000
2026-07-13 09:21:29,676 - __main__ - INFO - Wazuh API: localhost:55000
2026-07-13 09:21:29,676 - __main__ - INFO - Model: D:\EDR-Project\dashboard\models_data\knn.pkl
2026-07-13 09:21:29,681 - werkzeug - INFO -  * Restarting with stat
2026-07-13 09:21:32,426 - app.models.detector - INFO - [OK] Model loaded with joblib: D:\EDR-Project\dashboard\models_data\knn.pkl
2026-07-13 09:21:32,439 - __main__ - INFO - Starting EDR Dashboard on 0.0.0.0:5000
2026-07-13 09:21:32,439 - __main__ - INFO - Wazuh API: localhost:55000
2026-07-13 09:21:32,439 - __main__ - INFO - Model: D:\EDR-Project\dashboard\models_data\knn.pkl
2026-07-13 09:21:32,442 - werkzeug - WARNING -  * Debugger is active!
2026-07-13 09:21:32,446 - werkzeug - INFO -  * Debugger PIN: 506-881-550
2026-07-13 09:21:33,897 - app.main - INFO - Client connected
2026-07-13 09:21:33,949 - app.services.wazuh_api - INFO - Fetched 20 alerts from Indexer
2026-07-13 09:21:33,955 - engineio.server - ERROR - post request handler error
Traceback (most recent call last):
  File "C:\Users\Admin\AppData\Local\Programs\Python\Python313\Lib\site-packages\engineio\server.py", line 308, in handle_request
    socket.handle_post_request(environ)
    ~~~~~~~~~~~~~~~~~~~~~~~~~~^^^^^^^^^
  File "C:\Users\Admin\AppData\Local\Programs\Python\Python313\Lib\site-packages\engineio\socket.py", line 113, in handle_post_request
    p = payload.Payload(encoded_payload=body)
  File "C:\Users\Admin\AppData\Local\Programs\Python\Python313\Lib\site-packages\engineio\payload.py", line 13, in __init__
    self.decode(encoded_payload)
    ~~~~~~~~~~~^^^^^^^^^^^^^^^^^
  File "C:\Users\Admin\AppData\Local\Programs\Python\Python313\Lib\site-packages\engineio\payload.py", line 44, in decode
    raise ValueError('Too many packets in payload')
ValueError: Too many packets in payload
2026-07-13 09:21:46,917 - app.services.wazuh_api - INFO - Fetched 20 alerts from Indexer
2026-07-13 09:21:46,982 - app.services.wazuh_api - INFO - Fetched 20 alerts from Indexer
2026-07-13 09:21:47,496 - app.services.wazuh_api - INFO - Fetched 71 alerts from Indexer
2026-07-13 09:21:47,753 - app.services.wazuh_api - INFO - Connected to Wazuh API
2026-07-13 09:21:47,834 - app.services.wazuh_api - INFO - Found 2 agents
2026-07-13 09:21:47,899 - app.services.wazuh_api - INFO - Fetched 20 alerts from Indexer
2026-07-13 09:21:48,361 - app.services.wazuh_api - INFO - Fetched 20 alerts from Indexer
2026-07-13 09:21:48,423 - app.services.wazuh_api - INFO - Fetched 71 alerts from Indexer
2026-07-13 09:21:48,498 - app.services.wazuh_api - INFO - Found 2 agents
2026-07-13 09:21:48,785 - app.services.wazuh_api - INFO - Fetched 20 alerts from Indexer
2026-07-13 09:21:48,848 - app.services.wazuh_api - INFO - Fetched 20 alerts from Indexer
2026-07-13 09:21:49,317 - app.services.wazuh_api - INFO - Fetched 71 alerts from Indexer
2026-07-13 09:21:49,389 - app.services.wazuh_api - INFO - Found 2 agents
2026-07-13 09:21:49,782 - app.services.wazuh_api - INFO - Fetched 20 alerts from Indexer
2026-07-13 09:21:49,839 - app.services.wazuh_api - INFO - Fetched 20 alerts from Indexer
2026-07-13 09:21:50,341 - app.services.wazuh_api - INFO - Fetched 71 alerts from Indexer
2026-07-13 09:21:50,419 - app.services.wazuh_api - INFO - Found 2 agents
2026-07-13 09:21:51,482 - app.services.wazuh_api - INFO - Fetched 20 alerts from Indexer
2026-07-13 09:21:51,540 - app.services.wazuh_api - INFO - Fetched 20 alerts from Indexer
2026-07-13 09:21:51,982 - app.services.wazuh_api - INFO - Fetched 71 alerts from Indexer
2026-07-13 09:21:52,053 - app.services.wazuh_api - INFO - Found 2 agents
2026-07-13 09:21:52,106 - app.services.wazuh_api - INFO - Fetched 20 alerts from Indexer
2026-07-13 09:21:52,565 - app.services.wazuh_api - INFO - Fetched 71 alerts from Indexer
2026-07-13 09:21:52,627 - app.services.wazuh_api - INFO - Found 2 agents
2026-07-13 09:21:52,690 - app.services.wazuh_api - INFO - Fetched 20 alerts from Indexer
2026-07-13 09:21:53,620 - app.services.wazuh_api - INFO - Fetched 20 alerts from Indexer
2026-07-13 09:21:53,670 - app.services.wazuh_api - INFO - Fetched 20 alerts from Indexer
2026-07-13 09:21:54,104 - app.services.wazuh_api - INFO - Fetched 71 alerts from Indexer
2026-07-13 09:21:54,162 - app.services.wazuh_api - INFO - Found 2 agents
2026-07-13 09:21:54,616 - app.services.wazuh_api - INFO - Fetched 20 alerts from Indexer
2026-07-13 09:21:54,679 - app.services.wazuh_api - INFO - Fetched 20 alerts from Indexer
2026-07-13 09:21:55,083 - app.services.wazuh_api - INFO - Fetched 71 alerts from Indexer
2026-07-13 09:21:55,157 - app.services.wazuh_api - INFO - Found 2 agents
2026-07-13 09:21:55,616 - app.services.wazuh_api - INFO - Fetched 20 alerts from Indexer
2026-07-13 09:21:55,678 - app.services.wazuh_api - INFO - Fetched 20 alerts from Indexer
2026-07-13 09:21:56,085 - app.services.wazuh_api - INFO - Fetched 71 alerts from Indexer
2026-07-13 09:21:56,160 - app.services.wazuh_api - INFO - Found 2 agents
2026-07-13 09:21:56,623 - app.services.wazuh_api - INFO - Fetched 20 alerts from Indexer
2026-07-13 09:21:56,686 - app.services.wazuh_api - INFO - Fetched 20 alerts from Indexer
2026-07-13 09:21:57,075 - app.services.wazuh_api - INFO - Fetched 71 alerts from Indexer
2026-07-13 09:21:57,157 - app.services.wazuh_api - INFO - Found 2 agents
2026-07-13 09:21:57,616 - app.services.wazuh_api - INFO - Fetched 20 alerts from Indexer
2026-07-13 09:21:57,680 - app.services.wazuh_api - INFO - Fetched 20 alerts from Indexer
2026-07-13 09:21:58,105 - app.services.wazuh_api - INFO - Fetched 71 alerts from Indexer
2026-07-13 09:21:58,182 - app.services.wazuh_api - INFO - Found 2 agents
2026-07-13 09:21:58,605 - app.services.wazuh_api - INFO - Fetched 20 alerts from Indexer
2026-07-13 09:21:58,665 - app.services.wazuh_api - INFO - Fetched 20 alerts from Indexer
2026-07-13 09:21:59,064 - app.services.wazuh_api - INFO - Fetched 71 alerts from Indexer
2026-07-13 09:21:59,135 - app.services.wazuh_api - INFO - Found 2 agents
2026-07-13 09:21:59,632 - app.services.wazuh_api - INFO - Fetched 20 alerts from Indexer
2026-07-13 09:21:59,681 - app.services.wazuh_api - INFO - Fetched 20 alerts from Indexer
2026-07-13 09:22:00,118 - app.services.wazuh_api - INFO - Fetched 71 alerts from Indexer
2026-07-13 09:22:00,202 - app.services.wazuh_api - INFO - Found 2 agents
2026-07-13 09:22:00,631 - app.services.wazuh_api - INFO - Fetched 20 alerts from Indexer
2026-07-13 09:22:00,678 - app.services.wazuh_api - INFO - Fetched 20 alerts from Indexer
2026-07-13 09:22:01,084 - app.services.wazuh_api - INFO - Fetched 71 alerts from Indexer
2026-07-13 09:22:01,155 - app.services.wazuh_api - INFO - Found 2 agents
2026-07-13 09:22:01,624 - app.services.wazuh_api - INFO - Fetched 20 alerts from Indexer
2026-07-13 09:22:01,672 - app.services.wazuh_api - INFO - Fetched 20 alerts from Indexer
2026-07-13 09:22:02,095 - app.services.wazuh_api - INFO - Fetched 71 alerts from Indexer
2026-07-13 09:22:02,470 - app.services.wazuh_api - INFO - Found 2 agents
2026-07-13 09:22:02,624 - app.services.wazuh_api - INFO - Fetched 20 alerts from Indexer
2026-07-13 09:22:02,672 - app.services.wazuh_api - INFO - Fetched 20 alerts from Indexer
2026-07-13 09:22:03,066 - app.services.wazuh_api - INFO - Fetched 71 alerts from Indexer
2026-07-13 09:22:03,140 - app.services.wazuh_api - INFO - Found 2 agents
2026-07-13 09:22:03,625 - app.services.wazuh_api - INFO - Fetched 20 alerts from Indexer
2026-07-13 09:22:03,686 - app.services.wazuh_api - INFO - Fetched 20 alerts from Indexer
2026-07-13 09:22:04,132 - app.services.wazuh_api - INFO - Fetched 71 alerts from Indexer
2026-07-13 09:22:04,210 - app.services.wazuh_api - INFO - Found 2 agents
2026-07-13 09:22:04,616 - app.services.wazuh_api - INFO - Fetched 20 alerts from Indexer
2026-07-13 09:22:04,678 - app.services.wazuh_api - INFO - Fetched 20 alerts from Indexer
2026-07-13 09:22:05,083 - app.services.wazuh_api - INFO - Fetched 71 alerts from Indexer
2026-07-13 09:22:05,161 - app.services.wazuh_api - INFO - Found 2 agents
2026-07-13 09:22:05,618 - app.services.wazuh_api - INFO - Fetched 20 alerts from Indexer
2026-07-13 09:22:05,678 - app.services.wazuh_api - INFO - Fetched 20 alerts from Indexer
2026-07-13 09:22:06,146 - app.services.wazuh_api - INFO - Fetched 71 alerts from Indexer
2026-07-13 09:22:06,202 - app.services.wazuh_api - INFO - Found 2 agents
2026-07-13 09:22:06,622 - app.services.wazuh_api - INFO - Fetched 20 alerts from Indexer
2026-07-13 09:22:06,710 - app.services.wazuh_api - INFO - Fetched 20 alerts from Indexer
2026-07-13 09:22:07,124 - app.services.wazuh_api - INFO - Fetched 71 alerts from Indexer
2026-07-13 09:22:07,179 - app.services.wazuh_api - INFO - Found 2 agents
2026-07-13 09:22:07,621 - app.services.wazuh_api - INFO - Fetched 20 alerts from Indexer
2026-07-13 09:22:07,675 - app.services.wazuh_api - INFO - Fetched 20 alerts from Indexer
2026-07-13 09:22:08,120 - app.services.wazuh_api - INFO - Fetched 71 alerts from Indexer
2026-07-13 09:22:08,196 - app.services.wazuh_api - INFO - Found 2 agents
2026-07-13 09:22:08,628 - app.services.wazuh_api - INFO - Fetched 20 alerts from Indexer
2026-07-13 09:22:08,688 - app.services.wazuh_api - INFO - Fetched 20 alerts from Indexer
2026-07-13 09:22:09,093 - app.services.wazuh_api - INFO - Fetched 71 alerts from Indexer
2026-07-13 09:22:09,173 - app.services.wazuh_api - INFO - Found 2 agents
2026-07-13 09:22:09,613 - app.services.wazuh_api - INFO - Fetched 20 alerts from Indexer
2026-07-13 09:22:09,678 - app.services.wazuh_api - INFO - Fetched 20 alerts from Indexer
2026-07-13 09:22:10,081 - app.services.wazuh_api - INFO - Fetched 71 alerts from Indexer
2026-07-13 09:22:10,152 - app.services.wazuh_api - INFO - Found 2 agents
2026-07-13 09:22:10,669 - app.services.wazuh_api - INFO - Fetched 20 alerts from Indexer
2026-07-13 09:22:10,733 - app.services.wazuh_api - INFO - Fetched 20 alerts from Indexer
2026-07-13 09:22:11,166 - app.services.wazuh_api - INFO - Fetched 71 alerts from Indexer
2026-07-13 09:22:11,242 - app.services.wazuh_api - INFO - Found 2 agents
2026-07-13 09:22:11,619 - app.services.wazuh_api - INFO - Fetched 20 alerts from Indexer
2026-07-13 09:22:11,673 - app.services.wazuh_api - INFO - Fetched 20 alerts from Indexer
2026-07-13 09:22:12,065 - app.services.wazuh_api - INFO - Fetched 71 alerts from Indexer
2026-07-13 09:22:12,148 - app.services.wazuh_api - INFO - Found 2 agents
2026-07-13 09:22:12,629 - app.services.wazuh_api - INFO - Fetched 20 alerts from Indexer
2026-07-13 09:22:12,696 - app.services.wazuh_api - INFO - Fetched 20 alerts from Indexer
2026-07-13 09:22:13,121 - app.services.wazuh_api - INFO - Fetched 71 alerts from Indexer
2026-07-13 09:22:13,194 - app.services.wazuh_api - INFO - Found 2 agents
2026-07-13 09:22:13,633 - app.services.wazuh_api - INFO - Fetched 20 alerts from Indexer
2026-07-13 09:22:13,695 - app.services.wazuh_api - INFO - Fetched 20 alerts from Indexer
2026-07-13 09:22:14,109 - app.services.wazuh_api - INFO - Fetched 71 alerts from Indexer
2026-07-13 09:22:14,179 - app.services.wazuh_api - INFO - Found 2 agents
2026-07-13 09:22:14,641 - app.services.wazuh_api - INFO - Fetched 20 alerts from Indexer
2026-07-13 09:22:14,694 - app.services.wazuh_api - INFO - Fetched 20 alerts from Indexer
2026-07-13 09:22:15,133 - app.services.wazuh_api - INFO - Fetched 71 alerts from Indexer
2026-07-13 09:22:15,187 - app.services.wazuh_api - INFO - Found 2 agents
2026-07-13 09:22:15,627 - app.services.wazuh_api - INFO - Fetched 20 alerts from Indexer
2026-07-13 09:26:50,284 - app.models.detector - INFO - [OK] Model loaded with joblib: D:\EDR-Project\dashboard\models_data\knn.pkl
2026-07-13 09:26:50,298 - __main__ - INFO - Starting EDR Dashboard on 0.0.0.0:5000
2026-07-13 09:26:50,299 - __main__ - INFO - Wazuh API: localhost:55000
2026-07-13 09:26:50,299 - __main__ - INFO - Model: D:\EDR-Project\dashboard\models_data\knn.pkl
2026-07-13 09:26:50,302 - werkzeug - INFO -  * Restarting with stat
2026-07-13 09:26:53,177 - app.models.detector - INFO - [OK] Model loaded with joblib: D:\EDR-Project\dashboard\models_data\knn.pkl
2026-07-13 09:26:53,190 - __main__ - INFO - Starting EDR Dashboard on 0.0.0.0:5000
2026-07-13 09:26:53,191 - __main__ - INFO - Wazuh API: localhost:55000
2026-07-13 09:26:53,191 - __main__ - INFO - Model: D:\EDR-Project\dashboard\models_data\knn.pkl
2026-07-13 09:26:53,195 - werkzeug - WARNING -  * Debugger is active!
2026-07-13 09:26:53,200 - werkzeug - INFO -  * Debugger PIN: 506-881-550
2026-07-13 09:26:58,881 - app.main - INFO - Client connected
2026-07-13 09:26:58,952 - app.services.wazuh_api - INFO - Fetched 20 alerts from Indexer
2026-07-13 09:26:58,960 - engineio.server - ERROR - post request handler error
Traceback (most recent call last):
  File "C:\Users\Admin\AppData\Local\Programs\Python\Python313\Lib\site-packages\engineio\server.py", line 308, in handle_request
    socket.handle_post_request(environ)
    ~~~~~~~~~~~~~~~~~~~~~~~~~~^^^^^^^^^
  File "C:\Users\Admin\AppData\Local\Programs\Python\Python313\Lib\site-packages\engineio\socket.py", line 113, in handle_post_request
    p = payload.Payload(encoded_payload=body)
  File "C:\Users\Admin\AppData\Local\Programs\Python\Python313\Lib\site-packages\engineio\payload.py", line 13, in __init__
    self.decode(encoded_payload)
    ~~~~~~~~~~~^^^^^^^^^^^^^^^^^
  File "C:\Users\Admin\AppData\Local\Programs\Python\Python313\Lib\site-packages\engineio\payload.py", line 44, in decode
    raise ValueError('Too many packets in payload')
ValueError: Too many packets in payload
2026-07-13 09:27:14,662 - app.services.wazuh_api - INFO - Fetched 20 alerts from Indexer
2026-07-13 09:27:14,723 - app.services.wazuh_api - INFO - Fetched 20 alerts from Indexer
2026-07-13 09:27:15,360 - app.services.wazuh_api - INFO - Fetched 71 alerts from Indexer
2026-07-13 09:27:15,633 - app.services.wazuh_api - INFO - Connected to Wazuh API
2026-07-13 09:27:15,718 - app.services.wazuh_api - INFO - Found 2 agents
2026-07-13 09:27:17,506 - app.services.wazuh_api - INFO - Fetched 20 alerts from Indexer
2026-07-13 09:27:17,570 - app.services.wazuh_api - INFO - Fetched 20 alerts from Indexer
2026-07-13 09:27:18,217 - app.services.wazuh_api - INFO - Fetched 71 alerts from Indexer
2026-07-13 09:27:18,288 - app.services.wazuh_api - INFO - Found 2 agents
2026-07-13 09:27:18,356 - app.services.wazuh_api - INFO - Fetched 20 alerts from Indexer
2026-07-13 09:27:18,981 - app.services.wazuh_api - INFO - Fetched 71 alerts from Indexer
2026-07-13 09:27:19,056 - app.services.wazuh_api - INFO - Found 2 agents
2026-07-13 09:27:19,119 - app.services.wazuh_api - INFO - Fetched 20 alerts from Indexer
2026-07-13 09:27:19,181 - app.services.wazuh_api - INFO - Fetched 20 alerts from Indexer
2026-07-13 09:27:19,886 - app.services.wazuh_api - INFO - Fetched 71 alerts from Indexer
2026-07-13 09:27:19,960 - app.services.wazuh_api - INFO - Found 2 agents
2026-07-13 09:27:20,024 - app.services.wazuh_api - INFO - Fetched 20 alerts from Indexer
2026-07-13 09:27:20,072 - app.services.wazuh_api - INFO - Fetched 20 alerts from Indexer
2026-07-13 09:27:20,731 - app.services.wazuh_api - INFO - Fetched 71 alerts from Indexer
2026-07-13 09:27:20,803 - app.services.wazuh_api - INFO - Found 2 agents
2026-07-13 09:27:20,894 - app.services.wazuh_api - INFO - Fetched 20 alerts from Indexer
2026-07-13 09:27:20,960 - app.services.wazuh_api - INFO - Fetched 20 alerts from Indexer
2026-07-13 09:27:21,559 - app.services.wazuh_api - INFO - Fetched 71 alerts from Indexer
2026-07-13 09:27:21,644 - app.services.wazuh_api - INFO - Found 2 agents
2026-07-13 09:27:21,718 - app.services.wazuh_api - INFO - Fetched 71 alerts from Indexer
2026-07-13 09:27:21,785 - app.services.wazuh_api - INFO - Found 2 agents
2026-07-13 09:27:21,848 - app.services.wazuh_api - INFO - Fetched 20 alerts from Indexer
2026-07-13 09:27:22,400 - app.main - INFO - Client connected
2026-07-13 09:27:22,447 - app.services.wazuh_api - INFO - Fetched 71 alerts from Indexer
2026-07-13 09:27:22,507 - app.services.wazuh_api - INFO - Found 2 agents
2026-07-13 09:27:22,557 - app.services.wazuh_api - INFO - Fetched 20 alerts from Indexer
2026-07-13 09:27:22,612 - app.services.wazuh_api - INFO - Fetched 20 alerts from Indexer
2026-07-13 09:27:22,989 - app.services.wazuh_api - INFO - Fetched 20 alerts from Indexer
2026-07-13 09:27:23,041 - app.services.wazuh_api - INFO - Fetched 71 alerts from Indexer
2026-07-13 09:27:23,110 - app.services.wazuh_api - INFO - Found 2 agents
2026-07-13 09:27:23,964 - app.services.wazuh_api - INFO - Fetched 20 alerts from Indexer
2026-07-13 09:27:24,032 - app.services.wazuh_api - INFO - Fetched 71 alerts from Indexer
2026-07-13 09:27:24,093 - app.services.wazuh_api - INFO - Found 2 agents
2026-07-13 09:27:24,979 - app.services.wazuh_api - INFO - Fetched 20 alerts from Indexer
2026-07-13 09:27:25,028 - app.services.wazuh_api - INFO - Fetched 71 alerts from Indexer
2026-07-13 09:27:25,099 - app.services.wazuh_api - INFO - Found 2 agents
2026-07-13 09:27:25,964 - app.services.wazuh_api - INFO - Fetched 20 alerts from Indexer
2026-07-13 09:27:26,025 - app.services.wazuh_api - INFO - Fetched 71 alerts from Indexer
2026-07-13 09:27:26,082 - app.services.wazuh_api - INFO - Found 2 agents
2026-07-13 09:27:26,972 - app.services.wazuh_api - INFO - Fetched 20 alerts from Indexer
2026-07-13 09:27:27,030 - app.services.wazuh_api - INFO - Fetched 71 alerts from Indexer
2026-07-13 09:27:27,088 - app.services.wazuh_api - INFO - Found 2 agents
2026-07-13 09:27:27,972 - app.services.wazuh_api - INFO - Fetched 20 alerts from Indexer
2026-07-13 09:27:28,034 - app.services.wazuh_api - INFO - Fetched 71 alerts from Indexer
2026-07-13 09:27:28,106 - app.services.wazuh_api - INFO - Found 2 agents
2026-07-13 09:27:28,974 - app.services.wazuh_api - INFO - Fetched 20 alerts from Indexer
2026-07-13 09:27:29,033 - app.services.wazuh_api - INFO - Fetched 71 alerts from Indexer
2026-07-13 09:27:29,091 - app.services.wazuh_api - INFO - Found 2 agents
2026-07-13 09:27:29,980 - app.services.wazuh_api - INFO - Fetched 20 alerts from Indexer
2026-07-13 09:27:30,041 - app.services.wazuh_api - INFO - Fetched 71 alerts from Indexer
2026-07-13 09:27:30,118 - app.services.wazuh_api - INFO - Found 2 agents
2026-07-13 09:27:30,979 - app.services.wazuh_api - INFO - Fetched 20 alerts from Indexer
2026-07-13 09:27:31,041 - app.services.wazuh_api - INFO - Fetched 20 alerts from Indexer
2026-07-13 09:27:31,687 - app.services.wazuh_api - INFO - Fetched 71 alerts from Indexer
2026-07-13 09:27:31,750 - app.services.wazuh_api - INFO - Found 2 agents
2026-07-13 09:27:31,983 - app.services.wazuh_api - INFO - Fetched 20 alerts from Indexer
2026-07-13 09:27:32,041 - app.services.wazuh_api - INFO - Fetched 71 alerts from Indexer
2026-07-13 09:27:32,117 - app.services.wazuh_api - INFO - Found 2 agents
2026-07-13 09:27:32,982 - app.services.wazuh_api - INFO - Fetched 20 alerts from Indexer
2026-07-13 09:27:33,084 - app.services.wazuh_api - INFO - Fetched 71 alerts from Indexer
2026-07-13 09:27:33,163 - app.services.wazuh_api - INFO - Found 2 agents
2026-07-13 09:27:33,984 - app.services.wazuh_api - ERROR - Failed: 404
2026-07-13 09:27:34,043 - app.services.wazuh_api - ERROR - Failed: 404
2026-07-13 09:27:34,122 - app.services.wazuh_api - INFO - Found 2 agents
2026-07-13 09:27:35,024 - app.services.wazuh_api - ERROR - Failed: 404
2026-07-13 09:27:35,073 - app.services.wazuh_api - ERROR - Failed: 404
2026-07-13 09:27:35,154 - app.services.wazuh_api - INFO - Found 2 agents
2026-07-13 09:27:35,986 - app.services.wazuh_api - ERROR - Failed: 400
2026-07-13 09:27:36,044 - app.services.wazuh_api - ERROR - Failed: 400
2026-07-13 09:27:36,102 - app.services.wazuh_api - INFO - Found 2 agents
2026-07-13 09:27:36,979 - app.services.wazuh_api - ERROR - Failed: 400
2026-07-13 09:27:37,043 - app.services.wazuh_api - ERROR - Failed: 400
2026-07-13 09:27:37,120 - app.services.wazuh_api - INFO - Found 2 agents
2026-07-13 09:27:37,979 - app.services.wazuh_api - ERROR - Failed: 400
2026-07-13 09:27:38,041 - app.services.wazuh_api - ERROR - Failed: 400
2026-07-13 09:27:38,119 - app.services.wazuh_api - INFO - Found 2 agents
2026-07-13 09:27:38,986 - app.services.wazuh_api - ERROR - Failed: 400
2026-07-13 09:27:39,036 - app.services.wazuh_api - ERROR - Failed: 400
2026-07-13 09:27:39,090 - app.services.wazuh_api - INFO - Found 2 agents
2026-07-13 09:27:40,613 - app.services.wazuh_api - ERROR - Failed: 400
2026-07-13 09:27:40,679 - app.services.wazuh_api - ERROR - Failed: 400
2026-07-13 09:27:40,743 - app.services.wazuh_api - INFO - Found 2 agents
2026-07-13 09:27:41,634 - app.services.wazuh_api - ERROR - Failed: 400
2026-07-13 09:27:41,682 - app.services.wazuh_api - ERROR - Failed: 400
2026-07-13 09:27:41,738 - app.services.wazuh_api - ERROR - Failed: 400
2026-07-13 09:27:41,796 - app.services.wazuh_api - INFO - Found 2 agents
2026-07-13 09:27:42,634 - app.services.wazuh_api - ERROR - Failed: 400
2026-07-13 09:27:42,694 - app.services.wazuh_api - ERROR - Failed: 400
2026-07-13 09:27:42,773 - app.services.wazuh_api - INFO - Found 2 agents
2026-07-13 09:27:43,618 - app.services.wazuh_api - ERROR - Failed: 400
2026-07-13 09:27:43,673 - app.services.wazuh_api - ERROR - Failed: 400
2026-07-13 09:27:43,746 - app.services.wazuh_api - INFO - Found 2 agents
2026-07-13 09:27:44,626 - app.services.wazuh_api - ERROR - Failed: 400
2026-07-13 09:27:44,672 - app.services.wazuh_api - ERROR - Failed: 400
2026-07-13 09:27:44,727 - app.services.wazuh_api - INFO - Found 2 agents
2026-07-13 09:27:45,608 - app.services.wazuh_api - ERROR - Failed: 400
2026-07-13 09:27:45,658 - app.services.wazuh_api - ERROR - Failed: 400
2026-07-13 09:27:45,736 - app.services.wazuh_api - INFO - Found 2 agents
2026-07-13 09:27:46,623 - app.services.wazuh_api - ERROR - Failed: 400
2026-07-13 09:27:46,680 - app.services.wazuh_api - ERROR - Failed: 400
2026-07-13 09:27:46,757 - app.services.wazuh_api - INFO - Found 2 agents
2026-07-13 09:27:51,299 - app.models.detector - INFO - [OK] Model loaded with joblib: D:\EDR-Project\dashboard\models_data\knn.pkl
2026-07-13 09:27:51,314 - __main__ - INFO - Starting EDR Dashboard on 0.0.0.0:5000
2026-07-13 09:27:51,314 - __main__ - INFO - Wazuh API: localhost:55000
2026-07-13 09:27:51,314 - __main__ - INFO - Model: D:\EDR-Project\dashboard\models_data\knn.pkl
2026-07-13 09:27:51,318 - werkzeug - INFO -  * Restarting with stat
2026-07-13 09:27:54,148 - app.models.detector - INFO - [OK] Model loaded with joblib: D:\EDR-Project\dashboard\models_data\knn.pkl
2026-07-13 09:27:54,162 - __main__ - INFO - Starting EDR Dashboard on 0.0.0.0:5000
2026-07-13 09:27:54,162 - __main__ - INFO - Wazuh API: localhost:55000
2026-07-13 09:27:54,163 - __main__ - INFO - Model: D:\EDR-Project\dashboard\models_data\knn.pkl
2026-07-13 09:27:54,167 - werkzeug - WARNING -  * Debugger is active!
2026-07-13 09:27:54,170 - werkzeug - INFO -  * Debugger PIN: 506-881-550
2026-07-13 09:27:54,656 - app.services.wazuh_api - ERROR - Failed: 400
2026-07-13 09:27:54,919 - app.services.wazuh_api - INFO - Connected to Wazuh API
2026-07-13 09:27:55,016 - app.services.wazuh_api - INFO - Found 2 agents
2026-07-13 09:27:55,081 - app.services.wazuh_api - ERROR - Failed: 400
2026-07-13 09:27:55,139 - app.services.wazuh_api - INFO - Found 2 agents
2026-07-13 09:27:55,186 - app.services.wazuh_api - ERROR - Failed: 400
2026-07-13 09:27:55,262 - app.services.wazuh_api - INFO - Found 2 agents
2026-07-13 09:27:55,324 - app.services.wazuh_api - ERROR - Failed: 400
2026-07-13 09:27:55,328 - app.main - INFO - Client connected
2026-07-13 09:27:55,388 - app.services.wazuh_api - ERROR - Failed: 400
2026-07-13 09:27:56,612 - app.services.wazuh_api - ERROR - Failed: 400
2026-07-13 09:27:56,659 - app.services.wazuh_api - ERROR - Failed: 400
2026-07-13 09:27:56,743 - app.services.wazuh_api - INFO - Found 2 agents
2026-07-13 09:27:57,634 - app.services.wazuh_api - ERROR - Failed: 400
2026-07-13 09:27:57,686 - app.services.wazuh_api - ERROR - Failed: 400
2026-07-13 09:27:57,747 - app.services.wazuh_api - INFO - Found 2 agents
2026-07-13 09:27:58,624 - app.services.wazuh_api - ERROR - Failed: 400
2026-07-13 09:27:58,683 - app.services.wazuh_api - ERROR - Failed: 400
2026-07-13 09:27:58,761 - app.services.wazuh_api - INFO - Found 2 agents
2026-07-13 09:27:59,624 - app.services.wazuh_api - ERROR - Failed: 400
2026-07-13 09:27:59,685 - app.services.wazuh_api - ERROR - Failed: 400
2026-07-13 09:27:59,765 - app.services.wazuh_api - INFO - Found 2 agents
2026-07-13 09:28:00,612 - app.services.wazuh_api - ERROR - Failed: 400
2026-07-13 09:28:00,669 - app.services.wazuh_api - ERROR - Failed: 400
2026-07-13 09:28:00,744 - app.services.wazuh_api - INFO - Found 2 agents
2026-07-13 09:28:01,622 - app.services.wazuh_api - ERROR - Failed: 400
2026-07-13 09:28:01,680 - app.services.wazuh_api - ERROR - Failed: 400
2026-07-13 09:28:01,760 - app.services.wazuh_api - INFO - Found 2 agents
2026-07-13 09:28:02,610 - app.services.wazuh_api - ERROR - Failed: 400
2026-07-13 09:28:02,720 - app.services.wazuh_api - ERROR - Failed: 400
2026-07-13 09:28:02,794 - app.services.wazuh_api - INFO - Found 2 agents
2026-07-13 09:28:03,618 - app.services.wazuh_api - ERROR - Failed: 400
2026-07-13 09:28:03,662 - app.services.wazuh_api - ERROR - Failed: 400
2026-07-13 09:28:03,745 - app.services.wazuh_api - INFO - Found 2 agents
2026-07-13 09:28:04,623 - app.services.wazuh_api - ERROR - Failed: 400
2026-07-13 09:28:04,683 - app.services.wazuh_api - ERROR - Failed: 400
2026-07-13 09:28:04,760 - app.services.wazuh_api - INFO - Found 2 agents
2026-07-13 09:28:05,625 - app.services.wazuh_api - ERROR - Failed: 400
2026-07-13 09:28:05,675 - app.services.wazuh_api - ERROR - Failed: 400
2026-07-13 09:28:05,718 - app.services.wazuh_api - ERROR - Failed: 400
2026-07-13 09:28:05,789 - app.services.wazuh_api - INFO - Found 2 agents
2026-07-13 09:28:06,640 - app.services.wazuh_api - ERROR - Failed: 400
2026-07-13 09:28:06,706 - app.services.wazuh_api - ERROR - Failed: 400
2026-07-13 09:28:06,791 - app.services.wazuh_api - INFO - Found 2 agents
2026-07-13 09:28:07,630 - app.services.wazuh_api - ERROR - Failed: 400
2026-07-13 09:28:07,687 - app.services.wazuh_api - ERROR - Failed: 400
2026-07-13 09:28:07,761 - app.services.wazuh_api - INFO - Found 2 agents
2026-07-13 09:28:08,624 - app.services.wazuh_api - ERROR - Failed: 400
2026-07-13 09:28:08,682 - app.services.wazuh_api - ERROR - Failed: 400
2026-07-13 09:28:08,761 - app.services.wazuh_api - INFO - Found 2 agents
2026-07-13 09:28:09,630 - app.services.wazuh_api - ERROR - Failed: 400
2026-07-13 09:28:09,693 - app.services.wazuh_api - ERROR - Failed: 400
2026-07-13 09:28:09,750 - app.services.wazuh_api - INFO - Found 2 agents
2026-07-13 09:28:10,616 - app.services.wazuh_api - ERROR - Failed: 400
2026-07-13 09:28:10,688 - app.services.wazuh_api - ERROR - Failed: 400
2026-07-13 09:28:10,771 - app.services.wazuh_api - INFO - Found 2 agents
2026-07-13 09:28:11,618 - app.services.wazuh_api - ERROR - Failed: 400
2026-07-13 09:28:11,680 - app.services.wazuh_api - ERROR - Failed: 400
2026-07-13 09:28:11,756 - app.services.wazuh_api - INFO - Found 2 agents
2026-07-13 09:28:12,640 - app.services.wazuh_api - ERROR - Failed: 400
2026-07-13 09:28:12,706 - app.services.wazuh_api - ERROR - Failed: 400
2026-07-13 09:28:12,787 - app.services.wazuh_api - INFO - Found 2 agents
2026-07-13 09:28:13,098 - app.services.wazuh_api - ERROR - Failed: 400
2026-07-13 09:28:13,161 - app.services.wazuh_api - ERROR - Failed: 400
2026-07-13 09:28:13,242 - app.services.wazuh_api - INFO - Found 2 agents
2026-07-13 09:28:14,640 - app.services.wazuh_api - ERROR - Failed: 400
2026-07-13 09:28:14,699 - app.services.wazuh_api - ERROR - Failed: 400
2026-07-13 09:28:14,759 - app.services.wazuh_api - INFO - Found 2 agents
2026-07-13 09:28:15,629 - app.services.wazuh_api - ERROR - Failed: 400
2026-07-13 09:28:15,688 - app.services.wazuh_api - ERROR - Failed: 400
2026-07-13 09:28:15,732 - app.services.wazuh_api - ERROR - Failed: 400
2026-07-13 09:28:15,787 - app.services.wazuh_api - INFO - Found 2 agents
2026-07-13 09:28:16,610 - app.services.wazuh_api - ERROR - Failed: 400
2026-07-13 09:28:16,670 - app.services.wazuh_api - ERROR - Failed: 400
2026-07-13 09:28:16,742 - app.services.wazuh_api - INFO - Found 2 agents
2026-07-13 09:28:17,622 - app.services.wazuh_api - ERROR - Failed: 400
2026-07-13 09:28:17,724 - app.services.wazuh_api - ERROR - Failed: 400
2026-07-13 09:28:17,789 - app.services.wazuh_api - INFO - Found 2 agents
2026-07-13 09:28:18,618 - app.services.wazuh_api - ERROR - Failed: 400
2026-07-13 09:28:18,668 - app.services.wazuh_api - ERROR - Failed: 400
2026-07-13 09:28:18,739 - app.services.wazuh_api - INFO - Found 2 agents
2026-07-13 09:28:19,636 - app.services.wazuh_api - ERROR - Failed: 400
2026-07-13 09:28:19,698 - app.services.wazuh_api - ERROR - Failed: 400
2026-07-13 09:28:19,771 - app.services.wazuh_api - INFO - Found 2 agents
2026-07-13 09:28:20,637 - app.services.wazuh_api - ERROR - Failed: 400
2026-07-13 09:28:20,695 - app.services.wazuh_api - ERROR - Failed: 400
2026-07-13 09:28:20,758 - app.services.wazuh_api - INFO - Found 2 agents
2026-07-13 09:28:21,676 - app.services.wazuh_api - ERROR - Failed: 400
2026-07-13 09:28:21,730 - app.services.wazuh_api - ERROR - Failed: 400
2026-07-13 09:28:21,806 - app.services.wazuh_api - INFO - Found 2 agents
2026-07-13 09:28:22,617 - app.services.wazuh_api - ERROR - Failed: 400
2026-07-13 09:28:22,673 - app.services.wazuh_api - ERROR - Failed: 400
2026-07-13 09:28:22,747 - app.services.wazuh_api - INFO - Found 2 agents
2026-07-13 09:28:23,626 - app.services.wazuh_api - ERROR - Failed: 400
2026-07-13 09:28:23,685 - app.services.wazuh_api - ERROR - Failed: 400
2026-07-13 09:28:23,760 - app.services.wazuh_api - INFO - Found 2 agents
2026-07-13 09:28:24,627 - app.services.wazuh_api - ERROR - Failed: 400
2026-07-13 09:28:24,671 - app.services.wazuh_api - ERROR - Failed: 400
2026-07-13 09:28:24,754 - app.services.wazuh_api - INFO - Found 2 agents
2026-07-13 09:28:25,614 - app.services.wazuh_api - ERROR - Failed: 400
2026-07-13 09:28:25,685 - app.services.wazuh_api - ERROR - Failed: 400
2026-07-13 09:28:25,731 - app.services.wazuh_api - ERROR - Failed: 400
2026-07-13 09:28:25,804 - app.services.wazuh_api - INFO - Found 2 agents
2026-07-13 09:28:26,618 - app.services.wazuh_api - ERROR - Failed: 400
2026-07-13 09:28:26,669 - app.services.wazuh_api - ERROR - Failed: 400
2026-07-13 09:28:26,739 - app.services.wazuh_api - INFO - Found 2 agents
2026-07-13 09:28:27,617 - app.services.wazuh_api - ERROR - Failed: 400
2026-07-13 09:28:27,676 - app.services.wazuh_api - ERROR - Failed: 400
2026-07-13 09:28:27,733 - app.services.wazuh_api - INFO - Found 2 agents
2026-07-13 09:28:28,635 - app.services.wazuh_api - ERROR - Failed: 400
2026-07-13 09:28:28,692 - app.services.wazuh_api - ERROR - Failed: 400
2026-07-13 09:28:28,765 - app.services.wazuh_api - INFO - Found 2 agents
2026-07-13 09:28:29,633 - app.services.wazuh_api - ERROR - Failed: 400
2026-07-13 09:28:29,692 - app.services.wazuh_api - ERROR - Failed: 400
2026-07-13 09:28:29,766 - app.services.wazuh_api - INFO - Found 2 agents
2026-07-13 09:28:30,635 - app.services.wazuh_api - ERROR - Failed: 400
2026-07-13 09:28:30,694 - app.services.wazuh_api - ERROR - Failed: 400
2026-07-13 09:28:30,771 - app.services.wazuh_api - INFO - Found 2 agents
2026-07-13 09:28:31,635 - app.services.wazuh_api - ERROR - Failed: 400
2026-07-13 09:28:31,694 - app.services.wazuh_api - ERROR - Failed: 400
2026-07-13 09:28:31,769 - app.services.wazuh_api - INFO - Found 2 agents
2026-07-13 09:28:32,632 - app.services.wazuh_api - ERROR - Failed: 400
2026-07-13 09:28:32,679 - app.services.wazuh_api - ERROR - Failed: 400
2026-07-13 09:28:32,738 - app.services.wazuh_api - INFO - Found 2 agents
2026-07-13 09:28:33,626 - app.services.wazuh_api - ERROR - Failed: 400
2026-07-13 09:28:33,685 - app.services.wazuh_api - ERROR - Failed: 400
2026-07-13 09:28:33,740 - app.services.wazuh_api - INFO - Found 2 agents
2026-07-13 09:28:34,627 - app.services.wazuh_api - ERROR - Failed: 400
2026-07-13 09:28:34,685 - app.services.wazuh_api - ERROR - Failed: 400
2026-07-13 09:28:34,766 - app.services.wazuh_api - INFO - Found 2 agents
2026-07-13 09:28:35,632 - app.services.wazuh_api - ERROR - Failed: 400
2026-07-13 09:28:35,689 - app.services.wazuh_api - ERROR - Failed: 400
2026-07-13 09:28:35,747 - app.services.wazuh_api - ERROR - Failed: 400
2026-07-13 09:28:35,803 - app.services.wazuh_api - INFO - Found 2 agents
2026-07-13 09:28:36,628 - app.services.wazuh_api - ERROR - Failed: 400
2026-07-13 09:28:36,684 - app.services.wazuh_api - ERROR - Failed: 400
2026-07-13 09:28:36,758 - app.services.wazuh_api - INFO - Found 2 agents
2026-07-13 09:28:37,630 - app.services.wazuh_api - ERROR - Failed: 400
2026-07-13 09:28:37,679 - app.services.wazuh_api - ERROR - Failed: 400
2026-07-13 09:28:37,757 - app.services.wazuh_api - INFO - Found 2 agents
2026-07-13 09:28:38,609 - app.services.wazuh_api - ERROR - Failed: 400
2026-07-13 09:28:38,652 - app.services.wazuh_api - ERROR - Failed: 400
2026-07-13 09:28:38,715 - app.services.wazuh_api - INFO - Found 2 agents
2026-07-13 09:28:39,632 - app.services.wazuh_api - ERROR - Failed: 400
2026-07-13 09:28:39,676 - app.services.wazuh_api - ERROR - Failed: 400
2026-07-13 09:28:39,748 - app.services.wazuh_api - INFO - Found 2 agents
2026-07-13 09:28:40,625 - app.services.wazuh_api - ERROR - Failed: 400
2026-07-13 09:28:40,671 - app.services.wazuh_api - ERROR - Failed: 400
2026-07-13 09:28:40,745 - app.services.wazuh_api - INFO - Found 2 agents
2026-07-13 09:28:41,636 - app.services.wazuh_api - ERROR - Failed: 400
2026-07-13 09:28:41,697 - app.services.wazuh_api - ERROR - Failed: 400
2026-07-13 09:28:41,771 - app.services.wazuh_api - INFO - Found 2 agents
2026-07-13 09:28:42,633 - app.services.wazuh_api - ERROR - Failed: 400
2026-07-13 09:28:42,681 - app.services.wazuh_api - ERROR - Failed: 400
2026-07-13 09:28:42,752 - app.services.wazuh_api - INFO - Found 2 agents
2026-07-13 09:28:43,619 - app.services.wazuh_api - ERROR - Failed: 400
2026-07-13 09:28:43,677 - app.services.wazuh_api - ERROR - Failed: 400
2026-07-13 09:28:43,729 - app.services.wazuh_api - INFO - Found 2 agents
2026-07-13 09:28:44,634 - app.services.wazuh_api - ERROR - Failed: 400
2026-07-13 09:28:44,681 - app.services.wazuh_api - ERROR - Failed: 400
2026-07-13 09:28:44,751 - app.services.wazuh_api - INFO - Found 2 agents
2026-07-13 09:28:45,634 - app.services.wazuh_api - ERROR - Failed: 400
2026-07-13 09:28:45,707 - app.services.wazuh_api - ERROR - Failed: 400
2026-07-13 09:28:45,762 - app.services.wazuh_api - ERROR - Failed: 400
2026-07-13 09:28:45,840 - app.services.wazuh_api - INFO - Found 2 agents
2026-07-13 09:28:46,624 - app.services.wazuh_api - ERROR - Failed: 400
2026-07-13 09:28:46,688 - app.services.wazuh_api - ERROR - Failed: 400
2026-07-13 09:28:46,759 - app.services.wazuh_api - INFO - Found 2 agents
2026-07-13 09:28:47,637 - app.services.wazuh_api - ERROR - Failed: 400
2026-07-13 09:28:47,689 - app.services.wazuh_api - ERROR - Failed: 400
2026-07-13 09:28:47,745 - app.services.wazuh_api - INFO - Found 2 agents
2026-07-13 09:28:48,618 - app.services.wazuh_api - ERROR - Failed: 400
2026-07-13 09:28:48,712 - app.services.wazuh_api - ERROR - Failed: 400
2026-07-13 09:28:48,779 - app.services.wazuh_api - INFO - Found 2 agents
2026-07-13 09:28:49,626 - app.services.wazuh_api - ERROR - Failed: 400
2026-07-13 09:28:49,689 - app.services.wazuh_api - ERROR - Failed: 400
2026-07-13 09:28:49,763 - app.services.wazuh_api - INFO - Found 2 agents
2026-07-13 09:28:50,634 - app.services.wazuh_api - ERROR - Failed: 400
2026-07-13 09:28:50,695 - app.services.wazuh_api - ERROR - Failed: 400
2026-07-13 09:28:50,777 - app.services.wazuh_api - INFO - Found 2 agents
2026-07-13 09:28:51,636 - app.services.wazuh_api - ERROR - Failed: 400
2026-07-13 09:28:51,704 - app.services.wazuh_api - ERROR - Failed: 400
2026-07-13 09:28:51,762 - app.services.wazuh_api - INFO - Found 2 agents
2026-07-13 09:28:52,625 - app.services.wazuh_api - ERROR - Failed: 400
2026-07-13 09:28:52,687 - app.services.wazuh_api - ERROR - Failed: 400
2026-07-13 09:28:52,763 - app.services.wazuh_api - INFO - Found 2 agents
2026-07-13 09:28:53,639 - app.services.wazuh_api - ERROR - Failed: 400
2026-07-13 09:28:53,691 - app.services.wazuh_api - ERROR - Failed: 400
2026-07-13 09:28:53,758 - app.services.wazuh_api - INFO - Found 2 agents
2026-07-13 09:28:54,619 - app.services.wazuh_api - ERROR - Failed: 400
2026-07-13 09:28:54,680 - app.services.wazuh_api - ERROR - Failed: 400
2026-07-13 09:28:54,743 - app.services.wazuh_api - INFO - Found 2 agents
2026-07-13 09:28:55,631 - app.services.wazuh_api - ERROR - Failed: 400
2026-07-13 09:28:55,682 - app.services.wazuh_api - ERROR - Failed: 400
2026-07-13 09:28:55,740 - app.services.wazuh_api - ERROR - Failed: 400
2026-07-13 09:28:55,829 - app.services.wazuh_api - INFO - Found 2 agents
2026-07-13 09:28:56,624 - app.services.wazuh_api - ERROR - Failed: 400
2026-07-13 09:28:56,698 - app.services.wazuh_api - ERROR - Failed: 400
2026-07-13 09:28:56,766 - app.services.wazuh_api - INFO - Found 2 agents
2026-07-13 09:28:57,629 - app.services.wazuh_api - ERROR - Failed: 400
2026-07-13 09:28:57,698 - app.services.wazuh_api - ERROR - Failed: 400
2026-07-13 09:28:57,774 - app.services.wazuh_api - INFO - Found 2 agents
2026-07-13 09:28:58,634 - app.services.wazuh_api - ERROR - Failed: 400
2026-07-13 09:28:58,694 - app.services.wazuh_api - ERROR - Failed: 400
2026-07-13 09:28:58,747 - app.services.wazuh_api - INFO - Found 2 agents
2026-07-13 09:28:59,622 - app.services.wazuh_api - ERROR - Failed: 400
2026-07-13 09:28:59,691 - app.services.wazuh_api - ERROR - Failed: 400
2026-07-13 09:28:59,776 - app.services.wazuh_api - INFO - Found 2 agents
2026-07-13 09:29:00,620 - app.services.wazuh_api - ERROR - Failed: 400
2026-07-13 09:29:00,708 - app.services.wazuh_api - ERROR - Failed: 400
2026-07-13 09:29:00,778 - app.services.wazuh_api - INFO - Found 2 agents
2026-07-13 09:29:00,859 - werkzeug - INFO -  * Detected change in 'D:\\EDR-Project\\dashboard\\app\\services\\wazuh_api.py', reloading
2026-07-13 09:29:01,166 - werkzeug - INFO -  * Restarting with stat
2026-07-13 09:29:04,267 - app.models.detector - INFO - [OK] Model loaded with joblib: D:\EDR-Project\dashboard\models_data\knn.pkl
2026-07-13 09:29:04,279 - __main__ - INFO - Starting EDR Dashboard on 0.0.0.0:5000
2026-07-13 09:29:04,280 - __main__ - INFO - Wazuh API: localhost:55000
2026-07-13 09:29:04,280 - __main__ - INFO - Model: D:\EDR-Project\dashboard\models_data\knn.pkl
2026-07-13 09:29:04,283 - werkzeug - WARNING -  * Debugger is active!
2026-07-13 09:29:04,288 - werkzeug - INFO -  * Debugger PIN: 506-881-550
2026-07-13 09:29:04,457 - app.services.wazuh_api - ERROR - Failed: 400
2026-07-13 09:29:04,763 - app.services.wazuh_api - INFO - Connected to Wazuh API
2026-07-13 09:29:04,862 - app.services.wazuh_api - INFO - Found 2 agents
2026-07-13 09:29:04,925 - app.services.wazuh_api - ERROR - Failed: 400
2026-07-13 09:29:04,984 - app.services.wazuh_api - INFO - Found 2 agents
2026-07-13 09:29:05,048 - app.services.wazuh_api - ERROR - Failed: 400
2026-07-13 09:29:05,106 - app.services.wazuh_api - INFO - Found 2 agents
2026-07-13 09:29:10,186 - app.models.detector - INFO - [OK] Model loaded with joblib: D:\EDR-Project\dashboard\models_data\knn.pkl
2026-07-13 09:29:10,200 - __main__ - INFO - Starting EDR Dashboard on 0.0.0.0:5000
2026-07-13 09:29:10,201 - __main__ - INFO - Wazuh API: localhost:55000
2026-07-13 09:29:10,201 - __main__ - INFO - Model: D:\EDR-Project\dashboard\models_data\knn.pkl
2026-07-13 09:29:10,205 - werkzeug - INFO -  * Restarting with stat
2026-07-13 09:29:13,121 - app.models.detector - INFO - [OK] Model loaded with joblib: D:\EDR-Project\dashboard\models_data\knn.pkl
2026-07-13 09:29:13,135 - __main__ - INFO - Starting EDR Dashboard on 0.0.0.0:5000
2026-07-13 09:29:13,135 - __main__ - INFO - Wazuh API: localhost:55000
2026-07-13 09:29:13,136 - __main__ - INFO - Model: D:\EDR-Project\dashboard\models_data\knn.pkl
2026-07-13 09:29:13,140 - werkzeug - WARNING -  * Debugger is active!
2026-07-13 09:29:13,144 - werkzeug - INFO -  * Debugger PIN: 506-881-550
2026-07-13 09:29:13,477 - app.services.wazuh_api - ERROR - Failed: 400
2026-07-13 09:29:13,757 - app.services.wazuh_api - INFO - Connected to Wazuh API
2026-07-13 09:29:13,853 - app.services.wazuh_api - INFO - Found 2 agents
2026-07-13 09:29:13,904 - app.services.wazuh_api - ERROR - Failed: 400
2026-07-13 09:29:13,973 - app.services.wazuh_api - INFO - Found 2 agents
2026-07-13 09:29:13,976 - app.main - INFO - Client connected
2026-07-13 09:29:14,035 - app.services.wazuh_api - ERROR - Failed: 400
2026-07-13 09:29:14,117 - app.services.wazuh_api - INFO - Found 2 agents
2026-07-13 09:29:14,160 - app.services.wazuh_api - ERROR - Failed: 400
2026-07-13 09:29:14,222 - app.services.wazuh_api - ERROR - Failed: 400
2026-07-13 09:29:14,291 - app.services.wazuh_api - INFO - Found 2 agents
2026-07-13 09:29:14,333 - app.services.wazuh_api - ERROR - Failed: 400
2026-07-13 09:29:14,386 - app.services.wazuh_api - ERROR - Failed: 400
2026-07-13 09:29:14,449 - app.services.wazuh_api - ERROR - Failed: 400
2026-07-13 09:29:14,493 - app.services.wazuh_api - ERROR - Failed: 400
2026-07-13 09:29:14,533 - app.services.wazuh_api - ERROR - Failed: 400
2026-07-13 09:29:14,571 - app.services.wazuh_api - ERROR - Failed: 400
2026-07-13 09:29:14,636 - app.services.wazuh_api - ERROR - Failed: 400
2026-07-13 09:29:14,696 - app.services.wazuh_api - ERROR - Failed: 400
2026-07-13 09:29:14,761 - app.services.wazuh_api - ERROR - Failed: 400
2026-07-13 09:29:14,824 - app.services.wazuh_api - ERROR - Failed: 400
2026-07-13 09:29:14,888 - app.services.wazuh_api - ERROR - Failed: 400
2026-07-13 09:29:14,948 - app.services.wazuh_api - ERROR - Failed: 400
2026-07-13 09:29:15,012 - app.services.wazuh_api - ERROR - Failed: 400
2026-07-13 09:29:15,073 - app.services.wazuh_api - INFO - Found 2 agents
2026-07-13 09:29:15,136 - app.services.wazuh_api - ERROR - Failed: 400
2026-07-13 09:30:05,647 - app.services.wazuh_api - ERROR - Failed: 400
2026-07-13 09:30:05,721 - app.services.wazuh_api - INFO - Found 2 agents
2026-07-13 09:30:05,765 - app.services.wazuh_api - ERROR - Failed: 400
2026-07-13 09:30:05,828 - app.services.wazuh_api - ERROR - Failed: 400
2026-07-13 09:30:06,085 - app.services.wazuh_api - ERROR - Failed: 400
2026-07-13 09:30:06,145 - app.services.wazuh_api - ERROR - Failed: 400
2026-07-13 09:30:06,219 - app.services.wazuh_api - INFO - Found 2 agents
2026-07-13 09:30:07,089 - app.services.wazuh_api - ERROR - Failed: 400
2026-07-13 09:30:07,154 - app.services.wazuh_api - ERROR - Failed: 400
2026-07-13 09:30:07,237 - app.services.wazuh_api - INFO - Found 2 agents
2026-07-13 09:30:07,369 - app.services.wazuh_api - ERROR - Failed: 400
2026-07-13 09:30:07,439 - app.services.wazuh_api - INFO - Found 2 agents
2026-07-13 09:30:07,502 - app.services.wazuh_api - ERROR - Failed: 400
2026-07-13 09:30:07,505 - app.main - INFO - Client connected
2026-07-13 09:30:07,554 - app.services.wazuh_api - ERROR - Failed: 400
2026-07-13 09:30:08,625 - app.services.wazuh_api - ERROR - Failed: 400
2026-07-13 09:30:08,672 - app.services.wazuh_api - ERROR - Failed: 400
2026-07-13 09:30:08,761 - app.services.wazuh_api - INFO - Found 2 agents
2026-07-13 09:30:09,624 - app.services.wazuh_api - ERROR - Failed: 400
2026-07-13 09:30:09,690 - app.services.wazuh_api - ERROR - Failed: 400
2026-07-13 09:30:09,767 - app.services.wazuh_api - INFO - Found 2 agents
2026-07-13 09:30:10,622 - app.services.wazuh_api - ERROR - Failed: 400
2026-07-13 09:30:10,673 - app.services.wazuh_api - ERROR - Failed: 400
2026-07-13 09:30:10,748 - app.services.wazuh_api - INFO - Found 2 agents
2026-07-13 09:30:11,619 - app.services.wazuh_api - ERROR - Failed: 400
2026-07-13 09:30:11,689 - app.services.wazuh_api - ERROR - Failed: 400
2026-07-13 09:30:11,766 - app.services.wazuh_api - INFO - Found 2 agents
2026-07-13 09:30:12,609 - app.services.wazuh_api - ERROR - Failed: 400
2026-07-13 09:30:12,667 - app.services.wazuh_api - ERROR - Failed: 400
2026-07-13 09:30:12,743 - app.services.wazuh_api - INFO - Found 2 agents
2026-07-13 09:30:13,620 - app.services.wazuh_api - ERROR - Failed: 400
2026-07-13 09:30:13,684 - app.services.wazuh_api - ERROR - Failed: 400
2026-07-13 09:30:13,761 - app.services.wazuh_api - INFO - Found 2 agents
2026-07-13 09:30:14,650 - app.services.wazuh_api - ERROR - Failed: 400
2026-07-13 09:30:14,708 - app.services.wazuh_api - ERROR - Failed: 400
2026-07-13 09:30:14,782 - app.services.wazuh_api - INFO - Found 2 agents
2026-07-13 09:30:15,633 - app.services.wazuh_api - ERROR - Failed: 400
2026-07-13 09:30:15,676 - app.services.wazuh_api - ERROR - Failed: 400
2026-07-13 09:30:15,756 - app.services.wazuh_api - INFO - Found 2 agents
2026-07-13 09:30:16,621 - app.services.wazuh_api - ERROR - Failed: 400
2026-07-13 09:30:16,677 - app.services.wazuh_api - ERROR - Failed: 400
2026-07-13 09:30:16,750 - app.services.wazuh_api - INFO - Found 2 agents
2026-07-13 09:30:17,630 - app.services.wazuh_api - ERROR - Failed: 400
2026-07-13 09:30:17,690 - app.services.wazuh_api - ERROR - Failed: 400
2026-07-13 09:30:17,733 - app.services.wazuh_api - ERROR - Failed: 400
2026-07-13 09:30:17,800 - app.services.wazuh_api - INFO - Found 2 agents
2026-07-13 09:30:18,626 - app.services.wazuh_api - ERROR - Failed: 400
2026-07-13 09:30:18,672 - app.services.wazuh_api - ERROR - Failed: 400
2026-07-13 09:30:18,754 - app.services.wazuh_api - INFO - Found 2 agents
2026-07-13 09:30:19,615 - app.services.wazuh_api - ERROR - Failed: 400
2026-07-13 09:30:19,660 - app.services.wazuh_api - ERROR - Failed: 400
2026-07-13 09:30:19,719 - app.services.wazuh_api - INFO - Found 2 agents
2026-07-13 09:30:20,621 - app.services.wazuh_api - ERROR - Failed: 400
2026-07-13 09:30:20,681 - app.services.wazuh_api - ERROR - Failed: 400
2026-07-13 09:30:20,759 - app.services.wazuh_api - INFO - Found 2 agents
2026-07-13 09:30:21,620 - app.services.wazuh_api - ERROR - Failed: 400
2026-07-13 09:30:21,666 - app.services.wazuh_api - ERROR - Failed: 400
2026-07-13 09:30:21,724 - app.services.wazuh_api - INFO - Found 2 agents
2026-07-13 09:30:22,628 - app.services.wazuh_api - ERROR - Failed: 400
2026-07-13 09:30:22,675 - app.services.wazuh_api - ERROR - Failed: 400
2026-07-13 09:30:22,762 - app.services.wazuh_api - INFO - Found 2 agents
2026-07-13 09:30:23,637 - app.services.wazuh_api - ERROR - Failed: 400
2026-07-13 09:30:23,692 - app.services.wazuh_api - ERROR - Failed: 400
2026-07-13 09:30:23,752 - app.services.wazuh_api - INFO - Found 2 agents
2026-07-13 09:30:24,628 - app.services.wazuh_api - ERROR - Failed: 400
2026-07-13 09:30:24,699 - app.services.wazuh_api - ERROR - Failed: 400
2026-07-13 09:30:24,775 - app.services.wazuh_api - INFO - Found 2 agents
2026-07-13 09:30:25,616 - app.services.wazuh_api - ERROR - Failed: 400
2026-07-13 09:30:25,666 - app.services.wazuh_api - ERROR - Failed: 400
2026-07-13 09:30:25,759 - app.services.wazuh_api - INFO - Found 2 agents
2026-07-13 09:30:26,631 - app.services.wazuh_api - ERROR - Failed: 400
2026-07-13 09:30:26,694 - app.services.wazuh_api - ERROR - Failed: 400
2026-07-13 09:30:26,785 - app.services.wazuh_api - INFO - Found 2 agents
2026-07-13 09:30:27,633 - app.services.wazuh_api - ERROR - Failed: 400
2026-07-13 09:30:27,685 - app.services.wazuh_api - ERROR - Failed: 400
2026-07-13 09:30:27,737 - app.services.wazuh_api - ERROR - Failed: 400
2026-07-13 09:30:27,802 - app.services.wazuh_api - INFO - Found 2 agents
2026-07-13 09:30:28,639 - app.services.wazuh_api - ERROR - Failed: 400
2026-07-13 09:30:28,697 - app.services.wazuh_api - ERROR - Failed: 400
2026-07-13 09:30:28,776 - app.services.wazuh_api - INFO - Found 2 agents
2026-07-13 09:30:29,630 - app.services.wazuh_api - ERROR - Failed: 400
2026-07-13 09:30:29,693 - app.services.wazuh_api - ERROR - Failed: 400
2026-07-13 09:30:29,751 - app.services.wazuh_api - INFO - Found 2 agents
2026-07-13 09:30:30,634 - app.services.wazuh_api - ERROR - Failed: 400
2026-07-13 09:30:30,685 - app.services.wazuh_api - ERROR - Failed: 400
2026-07-13 09:30:30,768 - app.services.wazuh_api - INFO - Found 2 agents
2026-07-13 09:30:31,627 - app.services.wazuh_api - ERROR - Failed: 400
2026-07-13 09:30:31,681 - app.services.wazuh_api - ERROR - Failed: 400
2026-07-13 09:30:31,764 - app.services.wazuh_api - INFO - Found 2 agents
2026-07-13 09:30:32,620 - app.services.wazuh_api - ERROR - Failed: 400
2026-07-13 09:30:32,681 - app.services.wazuh_api - ERROR - Failed: 400
2026-07-13 09:30:32,758 - app.services.wazuh_api - INFO - Found 2 agents
2026-07-13 09:30:33,629 - app.services.wazuh_api - ERROR - Failed: 400
2026-07-13 09:30:33,684 - app.services.wazuh_api - ERROR - Failed: 400
2026-07-13 09:30:33,761 - app.services.wazuh_api - INFO - Found 2 agents
2026-07-13 09:30:34,618 - app.services.wazuh_api - ERROR - Failed: 400
2026-07-13 09:30:34,677 - app.services.wazuh_api - ERROR - Failed: 400
2026-07-13 09:30:34,755 - app.services.wazuh_api - INFO - Found 2 agents
2026-07-13 09:30:35,623 - app.services.wazuh_api - ERROR - Failed: 400
2026-07-13 09:30:35,684 - app.services.wazuh_api - ERROR - Failed: 400
2026-07-13 09:30:35,757 - app.services.wazuh_api - INFO - Found 2 agents
2026-07-13 09:30:36,618 - app.services.wazuh_api - ERROR - Failed: 400
2026-07-13 09:30:36,687 - app.services.wazuh_api - ERROR - Failed: 400
2026-07-13 09:30:36,771 - app.services.wazuh_api - INFO - Found 2 agents
2026-07-13 09:30:37,634 - app.services.wazuh_api - ERROR - Failed: 400
2026-07-13 09:30:37,682 - app.services.wazuh_api - ERROR - Failed: 400
2026-07-13 09:30:37,729 - app.services.wazuh_api - ERROR - Failed: 400
2026-07-13 09:30:37,798 - app.services.wazuh_api - INFO - Found 2 agents
2026-07-13 09:30:38,643 - app.services.wazuh_api - ERROR - Failed: 400
2026-07-13 09:30:38,703 - app.services.wazuh_api - ERROR - Failed: 400
2026-07-13 09:30:38,774 - app.services.wazuh_api - INFO - Found 2 agents
2026-07-13 09:30:39,613 - app.services.wazuh_api - INFO - Fetched 2 alerts from Indexer
2026-07-13 09:30:39,710 - app.services.wazuh_api - INFO - Fetched 2 alerts from Indexer
2026-07-13 09:30:39,796 - app.services.wazuh_api - INFO - Found 2 agents
2026-07-13 09:30:40,635 - app.services.wazuh_api - INFO - Fetched 2 alerts from Indexer
2026-07-13 09:30:40,695 - app.services.wazuh_api - INFO - Fetched 2 alerts from Indexer
2026-07-13 09:30:40,773 - app.services.wazuh_api - INFO - Found 2 agents
2026-07-13 09:30:41,366 - app.services.wazuh_api - INFO - Fetched 2 alerts from Indexer
2026-07-13 09:30:41,421 - app.services.wazuh_api - INFO - Fetched 2 alerts from Indexer
2026-07-13 09:30:41,502 - app.services.wazuh_api - INFO - Found 2 agents
2026-07-13 09:30:42,363 - app.services.wazuh_api - INFO - Fetched 2 alerts from Indexer
2026-07-13 09:30:42,419 - app.services.wazuh_api - INFO - Fetched 2 alerts from Indexer
2026-07-13 09:30:42,478 - app.services.wazuh_api - INFO - Found 2 agents
2026-07-13 09:30:43,623 - app.services.wazuh_api - INFO - Fetched 2 alerts from Indexer
2026-07-13 09:30:43,686 - app.services.wazuh_api - INFO - Fetched 2 alerts from Indexer
2026-07-13 09:30:43,764 - app.services.wazuh_api - INFO - Found 2 agents
2026-07-13 09:30:44,615 - app.services.wazuh_api - INFO - Fetched 2 alerts from Indexer
2026-07-13 09:30:44,680 - app.services.wazuh_api - INFO - Fetched 2 alerts from Indexer
2026-07-13 09:30:44,749 - app.services.wazuh_api - INFO - Found 2 agents
2026-07-13 09:30:45,624 - app.services.wazuh_api - INFO - Fetched 2 alerts from Indexer
2026-07-13 09:30:45,671 - app.services.wazuh_api - INFO - Fetched 2 alerts from Indexer
2026-07-13 09:30:45,740 - app.services.wazuh_api - INFO - Found 2 agents
2026-07-13 09:30:46,642 - app.services.wazuh_api - INFO - Fetched 2 alerts from Indexer
2026-07-13 09:30:46,710 - app.services.wazuh_api - INFO - Fetched 2 alerts from Indexer
2026-07-13 09:30:46,785 - app.services.wazuh_api - INFO - Found 2 agents
2026-07-13 09:30:47,653 - app.services.wazuh_api - INFO - Fetched 2 alerts from Indexer
2026-07-13 09:30:47,722 - app.services.wazuh_api - INFO - Fetched 2 alerts from Indexer
2026-07-13 09:30:47,846 - app.services.wazuh_api - INFO - Fetched 2 alerts from Indexer
2026-07-13 09:30:47,901 - app.services.wazuh_api - INFO - Found 2 agents
2026-07-13 09:30:48,626 - app.services.wazuh_api - INFO - Fetched 2 alerts from Indexer
2026-07-13 09:30:48,687 - app.services.wazuh_api - INFO - Fetched 2 alerts from Indexer
2026-07-13 09:30:48,767 - app.services.wazuh_api - INFO - Found 2 agents
2026-07-13 09:30:49,633 - app.services.wazuh_api - INFO - Fetched 2 alerts from Indexer
2026-07-13 09:30:49,682 - app.services.wazuh_api - INFO - Fetched 2 alerts from Indexer
2026-07-13 09:30:49,739 - app.services.wazuh_api - INFO - Found 2 agents
2026-07-13 09:30:50,629 - app.services.wazuh_api - INFO - Fetched 2 alerts from Indexer
2026-07-13 09:30:50,673 - app.services.wazuh_api - INFO - Fetched 2 alerts from Indexer
2026-07-13 09:30:50,747 - app.services.wazuh_api - INFO - Found 2 agents
2026-07-13 09:30:51,612 - app.services.wazuh_api - INFO - Fetched 2 alerts from Indexer
2026-07-13 09:30:51,663 - app.services.wazuh_api - INFO - Fetched 2 alerts from Indexer
2026-07-13 09:30:51,744 - app.services.wazuh_api - INFO - Found 2 agents
2026-07-13 09:30:52,626 - app.services.wazuh_api - INFO - Fetched 2 alerts from Indexer
2026-07-13 09:30:52,681 - app.services.wazuh_api - INFO - Fetched 2 alerts from Indexer
2026-07-13 09:30:52,740 - app.services.wazuh_api - INFO - Found 2 agents
2026-07-13 09:30:53,637 - app.services.wazuh_api - INFO - Fetched 2 alerts from Indexer
2026-07-13 09:30:53,689 - app.services.wazuh_api - INFO - Fetched 2 alerts from Indexer
2026-07-13 09:30:53,763 - app.services.wazuh_api - INFO - Found 2 agents
2026-07-13 09:30:54,625 - app.services.wazuh_api - INFO - Fetched 2 alerts from Indexer
2026-07-13 09:30:54,687 - app.services.wazuh_api - INFO - Fetched 2 alerts from Indexer
2026-07-13 09:30:54,761 - app.services.wazuh_api - INFO - Found 2 agents
2026-07-13 09:30:55,628 - app.services.wazuh_api - INFO - Fetched 2 alerts from Indexer
2026-07-13 09:30:55,695 - app.services.wazuh_api - INFO - Fetched 2 alerts from Indexer
2026-07-13 09:30:55,766 - app.services.wazuh_api - INFO - Found 2 agents
2026-07-13 09:30:56,640 - app.services.wazuh_api - INFO - Fetched 2 alerts from Indexer
2026-07-13 09:30:56,711 - app.services.wazuh_api - INFO - Fetched 2 alerts from Indexer
2026-07-13 09:30:56,787 - app.services.wazuh_api - INFO - Found 2 agents
2026-07-13 09:30:57,643 - app.services.wazuh_api - INFO - Fetched 2 alerts from Indexer
2026-07-13 09:30:57,716 - app.services.wazuh_api - INFO - Fetched 2 alerts from Indexer
2026-07-13 09:30:57,836 - app.services.wazuh_api - INFO - Fetched 2 alerts from Indexer
2026-07-13 09:30:57,906 - app.services.wazuh_api - INFO - Found 2 agents
2026-07-13 09:30:58,631 - app.services.wazuh_api - INFO - Fetched 2 alerts from Indexer
2026-07-13 09:30:58,686 - app.services.wazuh_api - INFO - Fetched 2 alerts from Indexer
2026-07-13 09:30:58,760 - app.services.wazuh_api - INFO - Found 2 agents
2026-07-13 09:30:59,630 - app.services.wazuh_api - INFO - Fetched 2 alerts from Indexer
2026-07-13 09:30:59,685 - app.services.wazuh_api - INFO - Fetched 2 alerts from Indexer
2026-07-13 09:30:59,748 - app.services.wazuh_api - INFO - Found 2 agents
2026-07-13 09:31:00,617 - app.services.wazuh_api - INFO - Fetched 2 alerts from Indexer
2026-07-13 09:31:00,672 - app.services.wazuh_api - INFO - Fetched 2 alerts from Indexer
2026-07-13 09:31:00,742 - app.services.wazuh_api - INFO - Found 2 agents
2026-07-13 09:31:01,361 - app.services.wazuh_api - INFO - Fetched 2 alerts from Indexer
2026-07-13 09:31:01,419 - app.services.wazuh_api - INFO - Fetched 2 alerts from Indexer
2026-07-13 09:31:01,498 - app.services.wazuh_api - INFO - Found 2 agents
2026-07-13 09:31:02,632 - app.services.wazuh_api - INFO - Fetched 2 alerts from Indexer
2026-07-13 09:31:02,684 - app.services.wazuh_api - INFO - Fetched 2 alerts from Indexer
2026-07-13 09:31:02,751 - app.services.wazuh_api - INFO - Found 2 agents
2026-07-13 09:31:03,636 - app.services.wazuh_api - INFO - Fetched 2 alerts from Indexer
2026-07-13 09:31:03,686 - app.services.wazuh_api - INFO - Fetched 2 alerts from Indexer
2026-07-13 09:31:03,751 - app.services.wazuh_api - INFO - Found 2 agents
2026-07-13 09:31:04,626 - app.services.wazuh_api - INFO - Fetched 2 alerts from Indexer
2026-07-13 09:31:04,676 - app.services.wazuh_api - INFO - Fetched 2 alerts from Indexer
2026-07-13 09:31:04,734 - app.services.wazuh_api - INFO - Found 2 agents
2026-07-13 09:31:05,625 - app.services.wazuh_api - INFO - Fetched 2 alerts from Indexer
2026-07-13 09:31:05,688 - app.services.wazuh_api - INFO - Fetched 2 alerts from Indexer
2026-07-13 09:31:05,762 - app.services.wazuh_api - INFO - Found 2 agents
2026-07-13 09:31:06,637 - app.services.wazuh_api - INFO - Fetched 2 alerts from Indexer
2026-07-13 09:31:06,685 - app.services.wazuh_api - INFO - Fetched 2 alerts from Indexer
2026-07-13 09:31:06,756 - app.services.wazuh_api - INFO - Found 2 agents
2026-07-13 09:31:07,637 - app.services.wazuh_api - INFO - Fetched 2 alerts from Indexer
2026-07-13 09:31:07,687 - app.services.wazuh_api - INFO - Fetched 2 alerts from Indexer
2026-07-13 09:31:07,817 - app.services.wazuh_api - INFO - Fetched 2 alerts from Indexer
2026-07-13 09:31:07,894 - app.services.wazuh_api - INFO - Found 2 agents
2026-07-13 09:31:08,638 - app.services.wazuh_api - INFO - Fetched 2 alerts from Indexer
2026-07-13 09:31:08,696 - app.services.wazuh_api - INFO - Fetched 2 alerts from Indexer
2026-07-13 09:31:08,752 - app.services.wazuh_api - INFO - Found 2 agents
2026-07-13 09:31:09,625 - app.services.wazuh_api - INFO - Fetched 2 alerts from Indexer
2026-07-13 09:31:09,679 - app.services.wazuh_api - INFO - Fetched 2 alerts from Indexer
2026-07-13 09:31:09,761 - app.services.wazuh_api - INFO - Found 2 agents
2026-07-13 09:31:10,642 - app.services.wazuh_api - INFO - Fetched 2 alerts from Indexer
2026-07-13 09:31:10,713 - app.services.wazuh_api - INFO - Fetched 2 alerts from Indexer
2026-07-13 09:31:10,785 - app.services.wazuh_api - INFO - Found 2 agents
2026-07-13 09:31:11,631 - app.services.wazuh_api - INFO - Fetched 2 alerts from Indexer
2026-07-13 09:31:11,683 - app.services.wazuh_api - INFO - Fetched 2 alerts from Indexer
2026-07-13 09:31:11,742 - app.services.wazuh_api - INFO - Found 2 agents
2026-07-13 09:31:12,632 - app.services.wazuh_api - INFO - Fetched 2 alerts from Indexer
2026-07-13 09:31:12,679 - app.services.wazuh_api - INFO - Fetched 2 alerts from Indexer
2026-07-13 09:31:12,751 - app.services.wazuh_api - INFO - Found 2 agents
2026-07-13 09:31:13,610 - app.services.wazuh_api - INFO - Fetched 2 alerts from Indexer
2026-07-13 09:31:13,664 - app.services.wazuh_api - INFO - Fetched 2 alerts from Indexer
2026-07-13 09:31:13,743 - app.services.wazuh_api - INFO - Found 2 agents
2026-07-13 09:31:14,625 - app.services.wazuh_api - INFO - Fetched 2 alerts from Indexer
2026-07-13 09:31:14,688 - app.services.wazuh_api - INFO - Fetched 2 alerts from Indexer
2026-07-13 09:31:14,742 - app.services.wazuh_api - INFO - Found 2 agents
2026-07-13 09:31:15,631 - app.services.wazuh_api - INFO - Fetched 2 alerts from Indexer
2026-07-13 09:31:15,681 - app.services.wazuh_api - INFO - Fetched 2 alerts from Indexer
2026-07-13 09:31:15,750 - app.services.wazuh_api - INFO - Found 2 agents
2026-07-13 09:31:16,615 - app.services.wazuh_api - INFO - Fetched 2 alerts from Indexer
2026-07-13 09:31:16,659 - app.services.wazuh_api - INFO - Fetched 2 alerts from Indexer
2026-07-13 09:31:16,715 - app.services.wazuh_api - INFO - Found 2 agents
2026-07-13 09:31:17,628 - app.services.wazuh_api - INFO - Fetched 2 alerts from Indexer
2026-07-13 09:31:17,685 - app.services.wazuh_api - INFO - Fetched 2 alerts from Indexer
2026-07-13 09:31:17,788 - app.services.wazuh_api - INFO - Fetched 2 alerts from Indexer
2026-07-13 09:31:17,872 - app.services.wazuh_api - INFO - Found 2 agents
2026-07-13 09:31:18,619 - app.services.wazuh_api - INFO - Fetched 2 alerts from Indexer
2026-07-13 09:31:18,671 - app.services.wazuh_api - INFO - Fetched 2 alerts from Indexer
2026-07-13 09:31:18,745 - app.services.wazuh_api - INFO - Found 2 agents
2026-07-13 09:31:19,605 - app.services.wazuh_api - INFO - Fetched 2 alerts from Indexer
2026-07-13 09:31:19,662 - app.services.wazuh_api - INFO - Fetched 2 alerts from Indexer
2026-07-13 09:31:19,713 - app.services.wazuh_api - INFO - Found 2 agents
2026-07-13 09:31:20,615 - app.services.wazuh_api - INFO - Fetched 2 alerts from Indexer
2026-07-13 09:31:20,680 - app.services.wazuh_api - INFO - Fetched 2 alerts from Indexer
2026-07-13 09:31:20,749 - app.services.wazuh_api - INFO - Found 2 agents
2026-07-13 09:31:21,620 - app.services.wazuh_api - INFO - Fetched 2 alerts from Indexer
2026-07-13 09:31:21,679 - app.services.wazuh_api - INFO - Fetched 2 alerts from Indexer
2026-07-13 09:31:21,757 - app.services.wazuh_api - INFO - Found 2 agents
2026-07-13 09:31:22,627 - app.services.wazuh_api - INFO - Fetched 2 alerts from Indexer
2026-07-13 09:31:22,673 - app.services.wazuh_api - INFO - Fetched 2 alerts from Indexer
2026-07-13 09:31:22,733 - app.services.wazuh_api - INFO - Found 2 agents
2026-07-13 09:31:23,643 - app.services.wazuh_api - INFO - Fetched 2 alerts from Indexer
2026-07-13 09:31:23,712 - app.services.wazuh_api - INFO - Fetched 2 alerts from Indexer
2026-07-13 09:31:23,786 - app.services.wazuh_api - INFO - Found 2 agents
2026-07-13 09:31:24,632 - app.services.wazuh_api - INFO - Fetched 2 alerts from Indexer
2026-07-13 09:31:24,690 - app.services.wazuh_api - INFO - Fetched 2 alerts from Indexer
2026-07-13 09:31:24,749 - app.services.wazuh_api - INFO - Found 2 agents
2026-07-13 09:31:25,619 - app.services.wazuh_api - INFO - Fetched 2 alerts from Indexer
2026-07-13 09:31:25,668 - app.services.wazuh_api - INFO - Fetched 2 alerts from Indexer
2026-07-13 09:31:25,741 - app.services.wazuh_api - INFO - Found 2 agents
2026-07-13 09:31:26,645 - app.services.wazuh_api - INFO - Fetched 2 alerts from Indexer
2026-07-13 09:31:26,709 - app.services.wazuh_api - INFO - Fetched 2 alerts from Indexer
2026-07-13 09:31:26,788 - app.services.wazuh_api - INFO - Found 2 agents
2026-07-13 09:31:27,637 - app.services.wazuh_api - INFO - Fetched 2 alerts from Indexer
2026-07-13 09:31:27,704 - app.services.wazuh_api - INFO - Fetched 2 alerts from Indexer
2026-07-13 09:31:27,810 - app.services.wazuh_api - INFO - Fetched 2 alerts from Indexer
2026-07-13 09:31:27,898 - app.services.wazuh_api - INFO - Found 2 agents
2026-07-13 09:31:28,639 - app.services.wazuh_api - INFO - Fetched 2 alerts from Indexer
2026-07-13 09:31:28,710 - app.services.wazuh_api - INFO - Fetched 2 alerts from Indexer
2026-07-13 09:31:28,810 - app.services.wazuh_api - INFO - Found 2 agents
2026-07-13 09:31:29,619 - app.services.wazuh_api - INFO - Fetched 2 alerts from Indexer
2026-07-13 09:31:29,686 - app.services.wazuh_api - INFO - Fetched 2 alerts from Indexer
2026-07-13 09:31:29,745 - app.services.wazuh_api - INFO - Found 2 agents
2026-07-13 09:31:30,629 - app.services.wazuh_api - INFO - Fetched 2 alerts from Indexer
2026-07-13 09:31:30,689 - app.services.wazuh_api - INFO - Fetched 2 alerts from Indexer
2026-07-13 09:31:30,772 - app.services.wazuh_api - INFO - Found 2 agents
2026-07-13 09:31:31,619 - app.services.wazuh_api - INFO - Fetched 2 alerts from Indexer
2026-07-13 09:31:31,676 - app.services.wazuh_api - INFO - Fetched 2 alerts from Indexer
2026-07-13 09:31:31,752 - app.services.wazuh_api - INFO - Found 2 agents
2026-07-13 09:31:32,628 - app.services.wazuh_api - INFO - Fetched 2 alerts from Indexer
2026-07-13 09:31:32,694 - app.services.wazuh_api - INFO - Fetched 2 alerts from Indexer
2026-07-13 09:31:32,759 - app.services.wazuh_api - INFO - Found 2 agents
2026-07-13 09:31:33,631 - app.services.wazuh_api - INFO - Fetched 2 alerts from Indexer
2026-07-13 09:31:33,698 - app.services.wazuh_api - INFO - Fetched 2 alerts from Indexer
2026-07-13 09:31:33,756 - app.services.wazuh_api - INFO - Found 2 agents
2026-07-13 09:31:34,624 - app.services.wazuh_api - INFO - Fetched 2 alerts from Indexer
2026-07-13 09:31:34,673 - app.services.wazuh_api - INFO - Fetched 2 alerts from Indexer
2026-07-13 09:31:34,728 - app.services.wazuh_api - INFO - Found 2 agents
2026-07-13 09:31:35,643 - app.services.wazuh_api - INFO - Fetched 2 alerts from Indexer
2026-07-13 09:31:35,709 - app.services.wazuh_api - INFO - Fetched 2 alerts from Indexer
2026-07-13 09:31:35,765 - app.services.wazuh_api - INFO - Found 2 agents
2026-07-13 09:31:36,657 - app.services.wazuh_api - INFO - Fetched 2 alerts from Indexer
2026-07-13 09:31:36,713 - app.services.wazuh_api - INFO - Fetched 2 alerts from Indexer
2026-07-13 09:31:36,792 - app.services.wazuh_api - INFO - Found 2 agents
2026-07-13 09:31:37,663 - app.services.wazuh_api - INFO - Fetched 2 alerts from Indexer
2026-07-13 09:31:37,717 - app.services.wazuh_api - INFO - Fetched 2 alerts from Indexer
2026-07-13 09:31:37,844 - app.services.wazuh_api - INFO - Fetched 2 alerts from Indexer
2026-07-13 09:31:37,903 - app.services.wazuh_api - INFO - Found 2 agents
2026-07-13 09:31:38,633 - app.services.wazuh_api - INFO - Fetched 2 alerts from Indexer
2026-07-13 09:31:38,699 - app.services.wazuh_api - INFO - Fetched 2 alerts from Indexer
2026-07-13 09:31:38,762 - app.services.wazuh_api - INFO - Found 2 agents
2026-07-13 09:31:39,614 - app.services.wazuh_api - INFO - Fetched 2 alerts from Indexer
2026-07-13 09:31:39,673 - app.services.wazuh_api - INFO - Fetched 2 alerts from Indexer
2026-07-13 09:31:39,749 - app.services.wazuh_api - INFO - Found 2 agents
2026-07-13 09:31:40,609 - app.services.wazuh_api - INFO - Fetched 2 alerts from Indexer
2026-07-13 09:31:40,652 - app.services.wazuh_api - INFO - Fetched 2 alerts from Indexer
2026-07-13 09:31:40,725 - app.services.wazuh_api - INFO - Found 2 agents
2026-07-13 09:31:41,614 - app.services.wazuh_api - INFO - Fetched 2 alerts from Indexer
2026-07-13 09:31:41,680 - app.services.wazuh_api - INFO - Fetched 2 alerts from Indexer
2026-07-13 09:31:41,759 - app.services.wazuh_api - INFO - Found 2 agents
2026-07-13 09:31:42,617 - app.services.wazuh_api - INFO - Fetched 2 alerts from Indexer
2026-07-13 09:31:42,659 - app.services.wazuh_api - INFO - Fetched 2 alerts from Indexer
2026-07-13 09:31:42,736 - app.services.wazuh_api - INFO - Found 2 agents
2026-07-13 09:31:43,607 - app.services.wazuh_api - INFO - Fetched 2 alerts from Indexer
2026-07-13 09:31:43,680 - app.services.wazuh_api - INFO - Fetched 2 alerts from Indexer
2026-07-13 09:31:43,776 - app.services.wazuh_api - INFO - Found 2 agents
2026-07-13 09:31:44,524 - werkzeug - INFO -  * Detected change in 'D:\\EDR-Project\\dashboard\\app\\models\\feature_extractor.py', reloading
2026-07-13 09:31:44,864 - werkzeug - INFO -  * Restarting with stat
2026-07-13 09:31:47,771 - app.models.detector - INFO - [OK] Model loaded with joblib: D:\EDR-Project\dashboard\models_data\knn.pkl
2026-07-13 09:31:47,784 - __main__ - INFO - Starting EDR Dashboard on 0.0.0.0:5000
2026-07-13 09:31:47,784 - __main__ - INFO - Wazuh API: localhost:55000
2026-07-13 09:31:47,784 - __main__ - INFO - Model: D:\EDR-Project\dashboard\models_data\knn.pkl
2026-07-13 09:31:47,787 - werkzeug - WARNING -  * Debugger is active!
2026-07-13 09:31:47,792 - werkzeug - INFO -  * Debugger PIN: 506-881-550
2026-07-13 09:31:47,942 - app.services.wazuh_api - INFO - Fetched 2 alerts from Indexer
2026-07-13 09:31:48,167 - app.services.wazuh_api - INFO - Connected to Wazuh API
2026-07-13 09:31:48,252 - app.services.wazuh_api - INFO - Found 2 agents
2026-07-13 09:31:48,314 - app.services.wazuh_api - INFO - Fetched 2 alerts from Indexer
2026-07-13 09:31:48,428 - app.services.wazuh_api - INFO - Fetched 2 alerts from Indexer
2026-07-13 09:31:48,488 - app.services.wazuh_api - INFO - Found 2 agents
2026-07-13 09:31:48,553 - app.services.wazuh_api - INFO - Fetched 2 alerts from Indexer
2026-07-13 09:31:48,638 - app.services.wazuh_api - INFO - Found 2 agents
2026-07-13 09:31:48,681 - app.services.wazuh_api - INFO - Fetched 2 alerts from Indexer
2026-07-13 09:31:48,755 - app.services.wazuh_api - INFO - Found 2 agents
2026-07-13 09:31:49,632 - app.services.wazuh_api - INFO - Fetched 2 alerts from Indexer
2026-07-13 09:31:49,710 - app.services.wazuh_api - INFO - Found 2 agents
2026-07-13 09:31:50,613 - app.services.wazuh_api - INFO - Fetched 2 alerts from Indexer
2026-07-13 09:31:50,691 - app.services.wazuh_api - INFO - Found 2 agents
2026-07-13 09:31:50,696 - app.main - INFO - Client connected
2026-07-13 09:31:50,766 - app.services.wazuh_api - INFO - Fetched 2 alerts from Indexer
2026-07-13 09:31:50,830 - app.services.wazuh_api - INFO - Fetched 2 alerts from Indexer
2026-07-13 09:31:50,891 - app.services.wazuh_api - INFO - Fetched 2 alerts from Indexer
2026-07-13 09:31:50,953 - app.services.wazuh_api - INFO - Fetched 2 alerts from Indexer
2026-07-13 09:31:51,013 - app.services.wazuh_api - INFO - Fetched 2 alerts from Indexer
2026-07-13 09:31:51,086 - app.services.wazuh_api - INFO - Fetched 2 alerts from Indexer
2026-07-13 09:31:51,129 - app.services.wazuh_api - INFO - Fetched 2 alerts from Indexer
2026-07-13 09:31:51,338 - werkzeug - INFO -  * Detected change in 'D:\\EDR-Project\\dashboard\\app\\models\\feature_extractor.py', reloading
2026-07-13 09:31:51,643 - werkzeug - INFO -  * Restarting with stat
2026-07-13 09:31:54,685 - app.models.detector - INFO - [OK] Model loaded with joblib: D:\EDR-Project\dashboard\models_data\knn.pkl
2026-07-13 09:31:54,697 - __main__ - INFO - Starting EDR Dashboard on 0.0.0.0:5000
2026-07-13 09:31:54,697 - __main__ - INFO - Wazuh API: localhost:55000
2026-07-13 09:31:54,697 - __main__ - INFO - Model: D:\EDR-Project\dashboard\models_data\knn.pkl
2026-07-13 09:31:54,702 - werkzeug - WARNING -  * Debugger is active!
2026-07-13 09:31:54,706 - werkzeug - INFO -  * Debugger PIN: 506-881-550
2026-07-13 09:31:54,944 - app.services.wazuh_api - INFO - Fetched 2 alerts from Indexer
2026-07-13 09:31:55,191 - app.services.wazuh_api - INFO - Connected to Wazuh API
2026-07-13 09:31:55,288 - app.services.wazuh_api - INFO - Found 2 agents
2026-07-13 09:31:55,345 - app.services.wazuh_api - INFO - Fetched 2 alerts from Indexer
2026-07-13 09:31:55,428 - app.services.wazuh_api - INFO - Found 2 agents
2026-07-13 09:31:55,480 - app.services.wazuh_api - INFO - Fetched 2 alerts from Indexer
2026-07-13 09:31:55,548 - app.services.wazuh_api - INFO - Found 2 agents
2026-07-13 09:31:55,618 - app.services.wazuh_api - INFO - Fetched 2 alerts from Indexer
2026-07-13 09:31:55,683 - app.services.wazuh_api - INFO - Found 2 agents
2026-07-13 09:31:56,632 - app.services.wazuh_api - INFO - Fetched 2 alerts from Indexer
2026-07-13 09:31:56,694 - app.services.wazuh_api - INFO - Found 2 agents
2026-07-13 09:31:56,698 - app.main - INFO - Client connected
2026-07-13 09:31:56,763 - app.services.wazuh_api - INFO - Fetched 2 alerts from Indexer
2026-07-13 09:31:56,807 - app.services.wazuh_api - INFO - Fetched 2 alerts from Indexer
2026-07-13 09:31:56,858 - app.services.wazuh_api - INFO - Fetched 2 alerts from Indexer
2026-07-13 09:31:56,923 - app.services.wazuh_api - INFO - Fetched 2 alerts from Indexer
2026-07-13 09:31:56,988 - app.services.wazuh_api - INFO - Fetched 2 alerts from Indexer
2026-07-13 09:31:57,044 - app.services.wazuh_api - INFO - Fetched 2 alerts from Indexer
2026-07-13 09:31:57,618 - app.services.wazuh_api - INFO - Fetched 2 alerts from Indexer
2026-07-13 09:31:57,683 - app.services.wazuh_api - INFO - Fetched 2 alerts from Indexer
2026-07-13 09:31:57,906 - app.services.wazuh_api - INFO - Fetched 2 alerts from Indexer
2026-07-13 09:31:57,985 - app.services.wazuh_api - INFO - Found 2 agents
2026-07-13 09:31:58,617 - app.services.wazuh_api - INFO - Fetched 2 alerts from Indexer
2026-07-13 09:31:58,661 - app.services.wazuh_api - INFO - Fetched 2 alerts from Indexer
2026-07-13 09:31:58,724 - app.services.wazuh_api - INFO - Found 2 agents
2026-07-13 09:31:59,604 - app.services.wazuh_api - INFO - Fetched 2 alerts from Indexer
2026-07-13 09:31:59,649 - app.services.wazuh_api - INFO - Fetched 2 alerts from Indexer
2026-07-13 09:31:59,728 - app.services.wazuh_api - INFO - Found 2 agents
2026-07-13 09:32:00,627 - app.services.wazuh_api - INFO - Fetched 2 alerts from Indexer
2026-07-13 09:32:00,670 - app.services.wazuh_api - INFO - Fetched 2 alerts from Indexer
2026-07-13 09:32:00,746 - app.services.wazuh_api - INFO - Found 2 agents
2026-07-13 09:32:01,618 - app.services.wazuh_api - INFO - Fetched 2 alerts from Indexer
2026-07-13 09:32:01,681 - app.services.wazuh_api - INFO - Fetched 2 alerts from Indexer
2026-07-13 09:32:01,769 - app.services.wazuh_api - INFO - Found 2 agents
2026-07-13 09:32:04,782 - werkzeug - INFO -  * Detected change in 'D:\\EDR-Project\\dashboard\\app\\models\\detector.py', reloading
2026-07-13 09:32:05,100 - werkzeug - INFO -  * Restarting with stat
2026-07-13 09:32:59,017 - app.models.detector - INFO - [OK] Model loaded with joblib: D:\EDR-Project\dashboard\models_data\knn.pkl
2026-07-13 09:32:59,032 - __main__ - INFO - Starting EDR Dashboard on 0.0.0.0:5000
2026-07-13 09:32:59,032 - __main__ - INFO - Wazuh API: localhost:55000
2026-07-13 09:32:59,032 - __main__ - INFO - Model: D:\EDR-Project\dashboard\models_data\knn.pkl
2026-07-13 09:32:59,035 - werkzeug - INFO -  * Restarting with stat
2026-07-13 09:33:01,787 - app.models.detector - INFO - [OK] Model loaded with joblib: D:\EDR-Project\dashboard\models_data\knn.pkl
2026-07-13 09:33:01,800 - __main__ - INFO - Starting EDR Dashboard on 0.0.0.0:5000
2026-07-13 09:33:01,800 - __main__ - INFO - Wazuh API: localhost:55000
2026-07-13 09:33:01,800 - __main__ - INFO - Model: D:\EDR-Project\dashboard\models_data\knn.pkl
2026-07-13 09:33:01,804 - werkzeug - WARNING -  * Debugger is active!
2026-07-13 09:33:01,809 - werkzeug - INFO -  * Debugger PIN: 506-881-550
2026-07-13 09:33:05,882 - app.main - INFO - Client connected
2026-07-13 09:33:05,931 - app.services.wazuh_api - INFO - Fetched 2 alerts from Indexer
2026-07-13 09:33:05,992 - app.services.wazuh_api - INFO - Fetched 2 alerts from Indexer
2026-07-13 09:33:14,630 - app.services.wazuh_api - INFO - Fetched 2 alerts from Indexer
2026-07-13 09:33:14,689 - app.services.wazuh_api - INFO - Fetched 2 alerts from Indexer
2026-07-13 09:33:14,949 - app.services.wazuh_api - INFO - Fetched 2 alerts from Indexer
2026-07-13 09:33:15,188 - app.services.wazuh_api - INFO - Connected to Wazuh API
2026-07-13 09:33:15,274 - app.services.wazuh_api - INFO - Found 2 agents
2026-07-13 09:33:48,907 - werkzeug - INFO -  * Detected change in 'D:\\EDR-Project\\dashboard\\app\\config.py', reloading
2026-07-13 09:33:49,208 - werkzeug - INFO -  * Restarting with stat
2026-07-13 09:33:50,808 - app.models.detector - WARNING - Joblib failed, trying pickle: No module named 'pyod'
2026-07-13 09:33:50,839 - __main__ - INFO - Starting EDR Dashboard on 0.0.0.0:5000
2026-07-13 09:33:50,839 - __main__ - INFO - Wazuh API: localhost:55000
2026-07-13 09:33:50,839 - __main__ - INFO - Model: D:\EDR-Project\dashboard\models_data\ecod.pkl
2026-07-13 09:33:50,842 - werkzeug - WARNING -  * Debugger is active!
2026-07-13 09:33:50,846 - werkzeug - INFO -  * Debugger PIN: 506-881-550
2026-07-13 09:33:51,131 - app.main - INFO - Client connected
2026-07-13 09:33:51,196 - app.services.wazuh_api - INFO - Fetched 2 alerts from Indexer
2026-07-13 09:34:50,299 - app.models.detector - INFO - [OK] Model loaded with joblib: D:\EDR-Project\dashboard\models_data\ecod.pkl
2026-07-13 09:34:50,311 - __main__ - INFO - Starting EDR Dashboard on 0.0.0.0:5000
2026-07-13 09:34:50,311 - __main__ - INFO - Wazuh API: localhost:55000
2026-07-13 09:34:50,311 - __main__ - INFO - Model: D:\EDR-Project\dashboard\models_data\ecod.pkl
2026-07-13 09:34:50,315 - werkzeug - INFO -  * Restarting with stat
2026-07-13 09:34:54,026 - app.models.detector - INFO - [OK] Model loaded with joblib: D:\EDR-Project\dashboard\models_data\ecod.pkl
2026-07-13 09:34:54,038 - __main__ - INFO - Starting EDR Dashboard on 0.0.0.0:5000
2026-07-13 09:34:54,038 - __main__ - INFO - Wazuh API: localhost:55000
2026-07-13 09:34:54,039 - __main__ - INFO - Model: D:\EDR-Project\dashboard\models_data\ecod.pkl
2026-07-13 09:34:54,042 - werkzeug - WARNING -  * Debugger is active!
2026-07-13 09:34:54,047 - werkzeug - INFO -  * Debugger PIN: 506-881-550
2026-07-13 09:34:57,879 - app.main - INFO - Client connected
2026-07-13 09:34:57,933 - app.services.wazuh_api - INFO - Fetched 2 alerts from Indexer
2026-07-13 09:34:57,977 - app.services.wazuh_api - INFO - Fetched 2 alerts from Indexer
2026-07-13 09:35:14,637 - app.services.wazuh_api - INFO - Fetched 2 alerts from Indexer
2026-07-13 09:35:14,699 - app.services.wazuh_api - INFO - Fetched 2 alerts from Indexer
2026-07-13 09:35:14,931 - app.services.wazuh_api - INFO - Fetched 2 alerts from Indexer
2026-07-13 09:35:15,180 - app.services.wazuh_api - INFO - Connected to Wazuh API
2026-07-13 09:35:15,257 - app.services.wazuh_api - INFO - Found 2 agents
2026-07-13 09:36:14,624 - app.services.wazuh_api - INFO - Fetched 2 alerts from Indexer
2026-07-13 09:36:14,671 - app.services.wazuh_api - INFO - Fetched 2 alerts from Indexer
2026-07-13 09:36:14,860 - app.services.wazuh_api - INFO - Fetched 2 alerts from Indexer
2026-07-13 09:36:14,931 - app.services.wazuh_api - INFO - Found 2 agents
2026-07-13 09:37:14,624 - app.services.wazuh_api - INFO - Fetched 2 alerts from Indexer
2026-07-13 09:37:14,681 - app.services.wazuh_api - INFO - Fetched 2 alerts from Indexer
2026-07-13 09:37:14,868 - app.services.wazuh_api - INFO - Fetched 2 alerts from Indexer
2026-07-13 09:37:14,945 - app.services.wazuh_api - INFO - Found 2 agents
2026-07-13 09:37:54,252 - werkzeug - INFO -  * Detected change in 'D:\\EDR-Project\\dashboard\\app\\models\\feature_extractor.py', reloading
2026-07-13 09:37:54,624 - werkzeug - INFO -  * Restarting with stat
2026-07-13 09:37:58,223 - app.models.detector - INFO - [OK] Model loaded with joblib: D:\EDR-Project\dashboard\models_data\ecod.pkl
2026-07-13 09:37:58,234 - __main__ - INFO - Starting EDR Dashboard on 0.0.0.0:5000
2026-07-13 09:37:58,234 - __main__ - INFO - Wazuh API: localhost:55000
2026-07-13 09:37:58,235 - __main__ - INFO - Model: D:\EDR-Project\dashboard\models_data\ecod.pkl
2026-07-13 09:37:58,239 - werkzeug - WARNING -  * Debugger is active!
2026-07-13 09:37:58,243 - werkzeug - INFO -  * Debugger PIN: 506-881-550
2026-07-13 09:37:58,406 - app.main - INFO - Client connected
2026-07-13 09:37:58,454 - app.services.wazuh_api - INFO - Fetched 2 alerts from Indexer
2026-07-13 09:38:14,632 - app.services.wazuh_api - INFO - Fetched 2 alerts from Indexer
2026-07-13 09:38:14,675 - app.services.wazuh_api - INFO - Fetched 2 alerts from Indexer
2026-07-13 09:38:14,913 - app.services.wazuh_api - INFO - Fetched 2 alerts from Indexer
2026-07-13 09:38:15,134 - app.services.wazuh_api - INFO - Connected to Wazuh API
2026-07-13 09:38:15,223 - app.services.wazuh_api - INFO - Found 2 agents
2026-07-13 09:39:14,608 - app.services.wazuh_api - INFO - Fetched 2 alerts from Indexer
2026-07-13 09:39:14,668 - app.services.wazuh_api - INFO - Fetched 2 alerts from Indexer
2026-07-13 09:39:14,867 - app.services.wazuh_api - INFO - Fetched 2 alerts from Indexer
2026-07-13 09:39:14,951 - app.services.wazuh_api - INFO - Found 2 agents
2026-07-13 09:40:14,625 - app.services.wazuh_api - INFO - Fetched 2 alerts from Indexer
2026-07-13 09:40:14,683 - app.services.wazuh_api - INFO - Fetched 2 alerts from Indexer
2026-07-13 09:40:14,915 - app.services.wazuh_api - INFO - Fetched 2 alerts from Indexer
2026-07-13 09:40:14,979 - app.services.wazuh_api - INFO - Found 2 agents
2026-07-13 09:41:04,061 - werkzeug - INFO -  * Detected change in 'D:\\EDR-Project\\dashboard\\app\\models\\detector.py', reloading
2026-07-13 09:41:04,464 - werkzeug - INFO -  * Restarting with stat
2026-07-13 09:42:49,646 - app.models.detector - INFO - [OK] Model loaded with joblib: D:\EDR-Project\dashboard\models_data\ecod.pkl
2026-07-13 09:42:49,659 - __main__ - INFO - Starting EDR Dashboard on 0.0.0.0:5000
2026-07-13 09:42:49,660 - __main__ - INFO - Wazuh API: localhost:55000
2026-07-13 09:42:49,660 - __main__ - INFO - Model: D:\EDR-Project\dashboard\models_data\ecod.pkl
2026-07-13 09:42:49,663 - werkzeug - INFO -  * Restarting with stat
2026-07-13 09:42:53,509 - app.models.detector - INFO - [OK] Model loaded with joblib: D:\EDR-Project\dashboard\models_data\ecod.pkl
2026-07-13 09:42:53,522 - __main__ - INFO - Starting EDR Dashboard on 0.0.0.0:5000
2026-07-13 09:42:53,522 - __main__ - INFO - Wazuh API: localhost:55000
2026-07-13 09:42:53,523 - __main__ - INFO - Model: D:\EDR-Project\dashboard\models_data\ecod.pkl
2026-07-13 09:42:53,526 - werkzeug - WARNING -  * Debugger is active!
2026-07-13 09:42:53,531 - werkzeug - INFO -  * Debugger PIN: 506-881-550
2026-07-13 09:42:58,883 - app.main - INFO - Client connected
2026-07-13 09:42:58,932 - app.services.wazuh_api - INFO - Fetched 2 alerts from Indexer
2026-07-13 09:42:58,978 - app.services.wazuh_api - INFO - Fetched 2 alerts from Indexer
2026-07-13 09:42:59,043 - app.services.wazuh_api - INFO - Fetched 2 alerts from Indexer
2026-07-13 09:43:14,607 - app.services.wazuh_api - INFO - Fetched 2 alerts from Indexer
2026-07-13 09:43:14,652 - app.services.wazuh_api - INFO - Fetched 2 alerts from Indexer
2026-07-13 09:43:14,873 - app.services.wazuh_api - INFO - Fetched 2 alerts from Indexer
2026-07-13 09:43:15,117 - app.services.wazuh_api - INFO - Connected to Wazuh API
2026-07-13 09:43:15,217 - app.services.wazuh_api - INFO - Found 2 agents
2026-07-13 09:43:58,002 - werkzeug - INFO -  * Detected change in 'D:\\EDR-Project\\dashboard\\app\\models\\detector.py', reloading
2026-07-13 09:43:58,383 - werkzeug - INFO -  * Restarting with stat
2026-07-13 09:44:02,012 - app.models.detector - INFO - [OK] Model loaded with joblib: D:\EDR-Project\dashboard\models_data\ecod.pkl
2026-07-13 09:44:02,025 - __main__ - INFO - Starting EDR Dashboard on 0.0.0.0:5000
2026-07-13 09:44:02,026 - __main__ - INFO - Wazuh API: localhost:55000
2026-07-13 09:44:02,026 - __main__ - INFO - Model: D:\EDR-Project\dashboard\models_data\ecod.pkl
2026-07-13 09:44:02,029 - werkzeug - WARNING -  * Debugger is active!
2026-07-13 09:44:02,033 - werkzeug - INFO -  * Debugger PIN: 506-881-550
2026-07-13 09:44:05,573 - app.main - INFO - Client connected
2026-07-13 09:44:05,621 - app.services.wazuh_api - INFO - Fetched 2 alerts from Indexer
2026-07-13 09:44:14,624 - app.services.wazuh_api - INFO - Fetched 2 alerts from Indexer
2026-07-13 09:44:14,668 - app.services.wazuh_api - INFO - Fetched 2 alerts from Indexer
2026-07-13 09:44:14,926 - app.services.wazuh_api - INFO - Fetched 2 alerts from Indexer
2026-07-13 09:44:15,175 - app.services.wazuh_api - INFO - Connected to Wazuh API
2026-07-13 09:44:15,264 - app.services.wazuh_api - INFO - Found 2 agents
2026-07-13 09:45:14,620 - app.services.wazuh_api - INFO - Fetched 2 alerts from Indexer
2026-07-13 09:45:14,674 - app.services.wazuh_api - INFO - Fetched 2 alerts from Indexer
2026-07-13 09:45:14,924 - app.services.wazuh_api - INFO - Fetched 2 alerts from Indexer
2026-07-13 09:45:15,030 - app.services.wazuh_api - INFO - Found 2 agents
2026-07-13 09:45:19,590 - werkzeug - INFO -  * Detected change in 'D:\\EDR-Project\\dashboard\\app\\config.py', reloading
2026-07-13 09:45:19,991 - werkzeug - INFO -  * Restarting with stat
2026-07-13 09:45:22,891 - app.models.detector - INFO - [OK] Model loaded with joblib: D:\EDR-Project\dashboard\models_data\local_outlier_factor.pkl
2026-07-13 09:45:22,902 - __main__ - INFO - Starting EDR Dashboard on 0.0.0.0:5000
2026-07-13 09:45:22,903 - __main__ - INFO - Wazuh API: localhost:55000
2026-07-13 09:45:22,903 - __main__ - INFO - Model: D:\EDR-Project\dashboard\models_data\local_outlier_factor.pkl
2026-07-13 09:45:22,906 - werkzeug - WARNING -  * Debugger is active!
2026-07-13 09:45:22,910 - werkzeug - INFO -  * Debugger PIN: 506-881-550
2026-07-13 09:45:23,163 - app.main - INFO - Client connected
2026-07-13 09:45:23,211 - app.services.wazuh_api - INFO - Fetched 2 alerts from Indexer
2026-07-13 09:45:32,599 - app.services.wazuh_api - INFO - Fetched 2 alerts from Indexer
2026-07-13 09:45:32,640 - app.services.wazuh_api - INFO - Fetched 2 alerts from Indexer
2026-07-13 09:45:32,927 - app.services.wazuh_api - INFO - Fetched 2 alerts from Indexer
2026-07-13 09:45:33,190 - app.services.wazuh_api - INFO - Connected to Wazuh API
2026-07-13 09:45:33,271 - app.services.wazuh_api - INFO - Found 2 agents
2026-07-13 09:45:33,381 - app.services.wazuh_api - INFO - Fetched 2 alerts from Indexer
2026-07-13 09:45:33,443 - app.services.wazuh_api - INFO - Fetched 2 alerts from Indexer
2026-07-13 09:45:33,515 - app.services.wazuh_api - INFO - Found 2 agents
2026-07-13 09:45:34,375 - app.services.wazuh_api - INFO - Fetched 2 alerts from Indexer
2026-07-13 09:45:34,441 - app.services.wazuh_api - INFO - Fetched 2 alerts from Indexer
2026-07-13 09:45:34,501 - app.services.wazuh_api - INFO - Found 2 agents
2026-07-13 09:45:35,622 - app.services.wazuh_api - INFO - Fetched 2 alerts from Indexer
2026-07-13 09:45:35,682 - app.services.wazuh_api - INFO - Fetched 2 alerts from Indexer
2026-07-13 09:45:35,750 - app.services.wazuh_api - INFO - Found 2 agents
2026-07-13 09:45:36,608 - app.services.wazuh_api - INFO - Fetched 2 alerts from Indexer
2026-07-13 09:45:36,665 - app.services.wazuh_api - INFO - Fetched 2 alerts from Indexer
2026-07-13 09:45:36,740 - app.services.wazuh_api - INFO - Found 2 agents
2026-07-13 09:45:37,618 - app.services.wazuh_api - INFO - Fetched 2 alerts from Indexer
2026-07-13 09:45:37,679 - app.services.wazuh_api - INFO - Fetched 2 alerts from Indexer
2026-07-13 09:45:37,899 - app.services.wazuh_api - INFO - Fetched 2 alerts from Indexer
2026-07-13 09:45:37,974 - app.services.wazuh_api - INFO - Found 2 agents
2026-07-13 09:45:38,619 - app.services.wazuh_api - INFO - Fetched 2 alerts from Indexer
2026-07-13 09:45:38,660 - app.services.wazuh_api - INFO - Fetched 2 alerts from Indexer
2026-07-13 09:45:38,717 - app.services.wazuh_api - INFO - Found 2 agents
2026-07-13 09:45:39,617 - app.services.wazuh_api - INFO - Fetched 2 alerts from Indexer
2026-07-13 09:45:39,678 - app.services.wazuh_api - INFO - Fetched 2 alerts from Indexer
2026-07-13 09:45:39,732 - app.services.wazuh_api - INFO - Found 2 agents
2026-07-13 09:45:40,613 - app.services.wazuh_api - INFO - Fetched 2 alerts from Indexer
2026-07-13 09:45:40,652 - app.services.wazuh_api - INFO - Fetched 2 alerts from Indexer
2026-07-13 09:45:40,720 - app.services.wazuh_api - INFO - Found 2 agents
2026-07-13 09:45:41,625 - app.services.wazuh_api - INFO - Fetched 2 alerts from Indexer
2026-07-13 09:45:41,685 - app.services.wazuh_api - INFO - Fetched 2 alerts from Indexer
2026-07-13 09:45:41,763 - app.services.wazuh_api - INFO - Found 2 agents
2026-07-13 09:45:42,620 - app.services.wazuh_api - INFO - Fetched 2 alerts from Indexer
2026-07-13 09:45:42,680 - app.services.wazuh_api - INFO - Fetched 2 alerts from Indexer
2026-07-13 09:45:42,734 - app.services.wazuh_api - INFO - Found 2 agents
2026-07-13 09:45:43,631 - app.services.wazuh_api - INFO - Fetched 2 alerts from Indexer
2026-07-13 09:45:43,671 - app.services.wazuh_api - INFO - Fetched 2 alerts from Indexer
2026-07-13 09:45:43,739 - app.services.wazuh_api - INFO - Found 2 agents
2026-07-13 09:45:44,627 - app.services.wazuh_api - INFO - Fetched 2 alerts from Indexer
2026-07-13 09:45:44,688 - app.services.wazuh_api - INFO - Fetched 2 alerts from Indexer
2026-07-13 09:45:44,743 - app.services.wazuh_api - INFO - Found 2 agents
2026-07-13 09:45:45,612 - app.services.wazuh_api - INFO - Fetched 2 alerts from Indexer
2026-07-13 09:45:45,677 - app.services.wazuh_api - INFO - Fetched 2 alerts from Indexer
2026-07-13 09:45:45,750 - app.services.wazuh_api - INFO - Found 2 agents
2026-07-13 09:45:46,626 - app.services.wazuh_api - INFO - Fetched 2 alerts from Indexer
2026-07-13 09:45:46,687 - app.services.wazuh_api - INFO - Fetched 2 alerts from Indexer
2026-07-13 09:45:46,763 - app.services.wazuh_api - INFO - Found 2 agents
2026-07-13 09:45:47,617 - app.services.wazuh_api - INFO - Fetched 2 alerts from Indexer
2026-07-13 09:45:47,677 - app.services.wazuh_api - INFO - Fetched 2 alerts from Indexer
2026-07-13 09:45:47,930 - app.services.wazuh_api - INFO - Fetched 2 alerts from Indexer
2026-07-13 09:45:48,005 - app.services.wazuh_api - INFO - Found 2 agents
2026-07-13 09:45:48,618 - app.services.wazuh_api - INFO - Fetched 2 alerts from Indexer
2026-07-13 09:45:48,678 - app.services.wazuh_api - INFO - Fetched 2 alerts from Indexer
2026-07-13 09:45:48,744 - app.services.wazuh_api - INFO - Found 2 agents
2026-07-13 09:45:49,627 - app.services.wazuh_api - INFO - Fetched 2 alerts from Indexer
2026-07-13 09:45:49,691 - app.services.wazuh_api - INFO - Fetched 2 alerts from Indexer
2026-07-13 09:45:49,772 - app.services.wazuh_api - INFO - Found 2 agents
2026-07-13 09:45:50,624 - app.services.wazuh_api - INFO - Fetched 2 alerts from Indexer
2026-07-13 09:45:50,684 - app.services.wazuh_api - INFO - Fetched 2 alerts from Indexer
2026-07-13 09:45:50,762 - app.services.wazuh_api - INFO - Found 2 agents
2026-07-13 09:45:51,619 - app.services.wazuh_api - INFO - Fetched 2 alerts from Indexer
2026-07-13 09:45:51,675 - app.services.wazuh_api - INFO - Fetched 2 alerts from Indexer
2026-07-13 09:45:51,753 - app.services.wazuh_api - INFO - Found 2 agents
2026-07-13 09:45:52,612 - app.services.wazuh_api - INFO - Fetched 2 alerts from Indexer
2026-07-13 09:45:52,652 - app.services.wazuh_api - INFO - Fetched 2 alerts from Indexer
2026-07-13 09:45:52,733 - app.services.wazuh_api - INFO - Found 2 agents
2026-07-13 09:45:53,621 - app.services.wazuh_api - INFO - Fetched 2 alerts from Indexer
2026-07-13 09:45:53,681 - app.services.wazuh_api - INFO - Fetched 2 alerts from Indexer
2026-07-13 09:45:53,760 - app.services.wazuh_api - INFO - Found 2 agents
2026-07-13 09:45:54,616 - app.services.wazuh_api - INFO - Fetched 2 alerts from Indexer
2026-07-13 09:45:54,655 - app.services.wazuh_api - INFO - Fetched 2 alerts from Indexer
2026-07-13 09:45:54,723 - app.services.wazuh_api - INFO - Found 2 agents
2026-07-13 09:45:55,619 - app.services.wazuh_api - INFO - Fetched 2 alerts from Indexer
2026-07-13 09:45:55,677 - app.services.wazuh_api - INFO - Fetched 2 alerts from Indexer
2026-07-13 09:45:55,756 - app.services.wazuh_api - INFO - Found 2 agents
2026-07-13 09:45:56,628 - app.services.wazuh_api - INFO - Fetched 2 alerts from Indexer
2026-07-13 09:45:56,692 - app.services.wazuh_api - INFO - Fetched 2 alerts from Indexer
2026-07-13 09:45:56,770 - app.services.wazuh_api - INFO - Found 2 agents
2026-07-13 09:45:57,614 - app.services.wazuh_api - INFO - Fetched 2 alerts from Indexer
2026-07-13 09:45:57,670 - app.services.wazuh_api - INFO - Fetched 2 alerts from Indexer
2026-07-13 09:45:57,893 - app.services.wazuh_api - INFO - Fetched 2 alerts from Indexer
2026-07-13 09:45:57,947 - app.services.wazuh_api - INFO - Found 2 agents
2026-07-13 09:45:58,623 - app.services.wazuh_api - INFO - Fetched 2 alerts from Indexer
2026-07-13 09:45:58,685 - app.services.wazuh_api - INFO - Fetched 2 alerts from Indexer
2026-07-13 09:45:58,755 - app.services.wazuh_api - INFO - Found 2 agents
2026-07-13 09:45:59,590 - app.services.wazuh_api - INFO - Fetched 2 alerts from Indexer
2026-07-13 09:45:59,654 - app.services.wazuh_api - INFO - Fetched 2 alerts from Indexer
2026-07-13 09:45:59,711 - app.services.wazuh_api - INFO - Found 2 agents
2026-07-13 09:46:00,384 - app.services.wazuh_api - INFO - Fetched 2 alerts from Indexer
2026-07-13 09:46:00,458 - app.services.wazuh_api - INFO - Fetched 2 alerts from Indexer
2026-07-13 09:46:00,519 - app.services.wazuh_api - INFO - Found 2 agents
2026-07-13 09:46:01,628 - app.services.wazuh_api - INFO - Fetched 2 alerts from Indexer
2026-07-13 09:46:01,668 - app.services.wazuh_api - INFO - Fetched 2 alerts from Indexer
2026-07-13 09:46:01,741 - app.services.wazuh_api - INFO - Found 2 agents
2026-07-13 09:46:02,618 - app.services.wazuh_api - INFO - Fetched 2 alerts from Indexer
2026-07-13 09:46:02,679 - app.services.wazuh_api - INFO - Fetched 2 alerts from Indexer
2026-07-13 09:46:02,758 - app.services.wazuh_api - INFO - Found 2 agents
2026-07-13 09:46:03,634 - app.services.wazuh_api - INFO - Fetched 2 alerts from Indexer
2026-07-13 09:46:03,690 - app.services.wazuh_api - INFO - Fetched 2 alerts from Indexer
2026-07-13 09:46:03,744 - app.services.wazuh_api - INFO - Found 2 agents
2026-07-13 09:46:04,625 - app.services.wazuh_api - INFO - Fetched 2 alerts from Indexer
2026-07-13 09:46:04,673 - app.services.wazuh_api - INFO - Fetched 2 alerts from Indexer
2026-07-13 09:46:04,747 - app.services.wazuh_api - INFO - Found 2 agents
2026-07-13 09:46:05,618 - app.services.wazuh_api - INFO - Fetched 2 alerts from Indexer
2026-07-13 09:46:05,678 - app.services.wazuh_api - INFO - Fetched 2 alerts from Indexer
2026-07-13 09:46:05,758 - app.services.wazuh_api - INFO - Found 2 agents
2026-07-13 09:46:06,620 - app.services.wazuh_api - INFO - Fetched 2 alerts from Indexer
2026-07-13 09:46:06,676 - app.services.wazuh_api - INFO - Fetched 2 alerts from Indexer
2026-07-13 09:46:06,757 - app.services.wazuh_api - INFO - Found 2 agents
2026-07-13 09:46:07,624 - app.services.wazuh_api - INFO - Fetched 2 alerts from Indexer
2026-07-13 09:46:07,683 - app.services.wazuh_api - INFO - Fetched 2 alerts from Indexer
2026-07-13 09:46:07,919 - app.services.wazuh_api - INFO - Fetched 2 alerts from Indexer
2026-07-13 09:46:07,986 - app.services.wazuh_api - INFO - Found 2 agents
2026-07-13 09:46:08,627 - app.services.wazuh_api - INFO - Fetched 2 alerts from Indexer
2026-07-13 09:46:08,665 - app.services.wazuh_api - INFO - Fetched 2 alerts from Indexer
2026-07-13 09:46:08,735 - app.services.wazuh_api - INFO - Found 2 agents
2026-07-13 09:46:09,627 - app.services.wazuh_api - INFO - Fetched 2 alerts from Indexer
2026-07-13 09:46:09,691 - app.services.wazuh_api - INFO - Fetched 2 alerts from Indexer
2026-07-13 09:46:09,754 - app.services.wazuh_api - INFO - Found 2 agents
2026-07-13 09:46:10,629 - app.services.wazuh_api - INFO - Fetched 2 alerts from Indexer
2026-07-13 09:46:10,693 - app.services.wazuh_api - INFO - Fetched 2 alerts from Indexer
2026-07-13 09:46:10,772 - app.services.wazuh_api - INFO - Found 2 agents
2026-07-13 09:46:11,625 - app.services.wazuh_api - INFO - Fetched 2 alerts from Indexer
2026-07-13 09:46:11,680 - app.services.wazuh_api - INFO - Fetched 2 alerts from Indexer
2026-07-13 09:46:11,735 - app.services.wazuh_api - INFO - Found 2 agents
2026-07-13 09:46:12,603 - app.services.wazuh_api - INFO - Fetched 2 alerts from Indexer
2026-07-13 09:46:12,645 - app.services.wazuh_api - INFO - Fetched 2 alerts from Indexer
2026-07-13 09:46:12,725 - app.services.wazuh_api - INFO - Found 2 agents
2026-07-13 09:46:13,612 - app.services.wazuh_api - INFO - Fetched 2 alerts from Indexer
2026-07-13 09:46:13,657 - app.services.wazuh_api - INFO - Fetched 2 alerts from Indexer
2026-07-13 09:46:13,731 - app.services.wazuh_api - INFO - Found 2 agents
2026-07-13 09:46:14,629 - app.services.wazuh_api - INFO - Fetched 2 alerts from Indexer
2026-07-13 09:46:14,693 - app.services.wazuh_api - INFO - Fetched 2 alerts from Indexer
2026-07-13 09:46:14,763 - app.services.wazuh_api - INFO - Found 2 agents
2026-07-13 09:46:15,630 - app.services.wazuh_api - INFO - Fetched 2 alerts from Indexer
2026-07-13 09:46:15,700 - app.services.wazuh_api - INFO - Fetched 2 alerts from Indexer
2026-07-13 09:46:15,775 - app.services.wazuh_api - INFO - Found 2 agents
2026-07-13 09:46:16,629 - app.services.wazuh_api - INFO - Fetched 2 alerts from Indexer
2026-07-13 09:46:16,686 - app.services.wazuh_api - INFO - Fetched 2 alerts from Indexer
2026-07-13 09:46:16,744 - app.services.wazuh_api - INFO - Found 2 agents
2026-07-13 09:46:17,604 - app.services.wazuh_api - INFO - Fetched 2 alerts from Indexer
2026-07-13 09:46:17,646 - app.services.wazuh_api - INFO - Fetched 2 alerts from Indexer
2026-07-13 09:46:17,924 - app.services.wazuh_api - INFO - Fetched 2 alerts from Indexer
2026-07-13 09:46:17,980 - app.services.wazuh_api - INFO - Found 2 agents
2026-07-13 09:46:18,624 - app.services.wazuh_api - INFO - Fetched 2 alerts from Indexer
2026-07-13 09:46:18,678 - app.services.wazuh_api - INFO - Fetched 2 alerts from Indexer
2026-07-13 09:46:18,762 - app.services.wazuh_api - INFO - Found 2 agents
2026-07-13 09:46:19,619 - app.services.wazuh_api - INFO - Fetched 2 alerts from Indexer
2026-07-13 09:46:19,719 - app.services.wazuh_api - INFO - Fetched 2 alerts from Indexer
2026-07-13 09:46:19,797 - app.services.wazuh_api - INFO - Found 2 agents
2026-07-13 09:46:20,643 - app.services.wazuh_api - INFO - Fetched 2 alerts from Indexer
2026-07-13 09:46:20,700 - app.services.wazuh_api - INFO - Fetched 2 alerts from Indexer
2026-07-13 09:46:20,781 - app.services.wazuh_api - INFO - Found 2 agents
2026-07-13 09:46:21,616 - app.services.wazuh_api - INFO - Fetched 2 alerts from Indexer
2026-07-13 09:46:21,679 - app.services.wazuh_api - INFO - Fetched 2 alerts from Indexer
2026-07-13 09:46:21,737 - app.services.wazuh_api - INFO - Found 2 agents
2026-07-13 09:46:22,623 - app.services.wazuh_api - INFO - Fetched 2 alerts from Indexer
2026-07-13 09:46:22,661 - app.services.wazuh_api - INFO - Fetched 2 alerts from Indexer
2026-07-13 09:46:22,736 - app.services.wazuh_api - INFO - Found 2 agents
2026-07-13 09:46:23,618 - app.services.wazuh_api - INFO - Fetched 2 alerts from Indexer
2026-07-13 09:46:23,678 - app.services.wazuh_api - INFO - Fetched 2 alerts from Indexer
2026-07-13 09:46:23,749 - app.services.wazuh_api - INFO - Found 2 agents
2026-07-13 09:46:24,613 - app.services.wazuh_api - INFO - Fetched 2 alerts from Indexer
2026-07-13 09:46:24,680 - app.services.wazuh_api - INFO - Fetched 2 alerts from Indexer
2026-07-13 09:46:24,754 - app.services.wazuh_api - INFO - Found 2 agents
2026-07-13 09:46:25,615 - app.services.wazuh_api - INFO - Fetched 2 alerts from Indexer
2026-07-13 09:46:25,677 - app.services.wazuh_api - INFO - Fetched 2 alerts from Indexer
2026-07-13 09:46:25,752 - app.services.wazuh_api - INFO - Found 2 agents
2026-07-13 09:46:26,625 - app.services.wazuh_api - INFO - Fetched 2 alerts from Indexer
2026-07-13 09:46:26,682 - app.services.wazuh_api - INFO - Fetched 2 alerts from Indexer
2026-07-13 09:46:26,746 - app.services.wazuh_api - INFO - Found 2 agents
2026-07-13 09:46:27,620 - app.services.wazuh_api - INFO - Fetched 2 alerts from Indexer
2026-07-13 09:46:27,681 - app.services.wazuh_api - INFO - Fetched 2 alerts from Indexer
2026-07-13 09:46:27,917 - app.services.wazuh_api - INFO - Fetched 2 alerts from Indexer
2026-07-13 09:46:27,980 - app.services.wazuh_api - INFO - Found 2 agents
2026-07-13 09:46:28,624 - app.services.wazuh_api - INFO - Fetched 2 alerts from Indexer
2026-07-13 09:46:28,690 - app.services.wazuh_api - INFO - Fetched 2 alerts from Indexer
2026-07-13 09:46:28,766 - app.services.wazuh_api - INFO - Found 2 agents
2026-07-13 09:46:29,629 - app.services.wazuh_api - INFO - Fetched 2 alerts from Indexer
2026-07-13 09:46:29,682 - app.services.wazuh_api - INFO - Fetched 2 alerts from Indexer
2026-07-13 09:46:29,742 - app.services.wazuh_api - INFO - Found 2 agents
2026-07-13 09:46:30,617 - app.services.wazuh_api - INFO - Fetched 2 alerts from Indexer
2026-07-13 09:46:30,659 - app.services.wazuh_api - INFO - Fetched 2 alerts from Indexer
2026-07-13 09:46:30,716 - app.services.wazuh_api - INFO - Found 2 agents
2026-07-13 09:46:31,615 - app.services.wazuh_api - INFO - Fetched 2 alerts from Indexer
2026-07-13 09:46:31,657 - app.services.wazuh_api - INFO - Fetched 2 alerts from Indexer
2026-07-13 09:46:31,722 - app.services.wazuh_api - INFO - Found 2 agents
2026-07-13 09:46:32,626 - app.services.wazuh_api - INFO - Fetched 2 alerts from Indexer
2026-07-13 09:46:32,687 - app.services.wazuh_api - INFO - Fetched 2 alerts from Indexer
2026-07-13 09:46:32,763 - app.services.wazuh_api - INFO - Found 2 agents
2026-07-13 09:46:33,613 - app.services.wazuh_api - INFO - Fetched 2 alerts from Indexer
2026-07-13 09:46:33,657 - app.services.wazuh_api - INFO - Fetched 2 alerts from Indexer
2026-07-13 09:46:33,732 - app.services.wazuh_api - INFO - Found 2 agents
2026-07-13 09:46:34,609 - app.services.wazuh_api - INFO - Fetched 2 alerts from Indexer
2026-07-13 09:46:34,669 - app.services.wazuh_api - INFO - Fetched 2 alerts from Indexer
2026-07-13 09:46:34,752 - app.services.wazuh_api - INFO - Found 2 agents
2026-07-13 09:46:35,618 - app.services.wazuh_api - INFO - Fetched 2 alerts from Indexer
2026-07-13 09:46:35,678 - app.services.wazuh_api - INFO - Fetched 2 alerts from Indexer
2026-07-13 09:46:35,741 - app.services.wazuh_api - INFO - Found 2 agents
2026-07-13 09:46:36,613 - app.services.wazuh_api - INFO - Fetched 2 alerts from Indexer
2026-07-13 09:46:36,653 - app.services.wazuh_api - INFO - Fetched 2 alerts from Indexer
2026-07-13 09:46:36,717 - app.services.wazuh_api - INFO - Found 2 agents
2026-07-13 09:46:37,628 - app.services.wazuh_api - INFO - Fetched 2 alerts from Indexer
2026-07-13 09:46:37,669 - app.services.wazuh_api - INFO - Fetched 2 alerts from Indexer
2026-07-13 09:46:37,897 - app.services.wazuh_api - INFO - Fetched 2 alerts from Indexer
2026-07-13 09:46:37,958 - app.services.wazuh_api - INFO - Found 2 agents
2026-07-13 09:46:38,625 - app.services.wazuh_api - INFO - Fetched 2 alerts from Indexer
2026-07-13 09:46:38,679 - app.services.wazuh_api - INFO - Fetched 2 alerts from Indexer
2026-07-13 09:46:38,749 - app.services.wazuh_api - INFO - Found 2 agents
2026-07-13 09:46:39,629 - app.services.wazuh_api - INFO - Fetched 2 alerts from Indexer
2026-07-13 09:46:39,684 - app.services.wazuh_api - INFO - Fetched 2 alerts from Indexer
2026-07-13 09:46:39,757 - app.services.wazuh_api - INFO - Found 2 agents
2026-07-13 09:46:40,610 - app.services.wazuh_api - INFO - Fetched 2 alerts from Indexer
2026-07-13 09:46:40,672 - app.services.wazuh_api - INFO - Fetched 2 alerts from Indexer
2026-07-13 09:46:40,747 - app.services.wazuh_api - INFO - Found 2 agents
2026-07-13 09:46:41,633 - app.services.wazuh_api - INFO - Fetched 2 alerts from Indexer
2026-07-13 09:46:41,701 - app.services.wazuh_api - INFO - Fetched 2 alerts from Indexer
2026-07-13 09:46:41,758 - app.services.wazuh_api - INFO - Found 2 agents
2026-07-13 09:46:42,684 - app.services.wazuh_api - INFO - Fetched 2 alerts from Indexer
2026-07-13 09:46:42,738 - app.services.wazuh_api - INFO - Fetched 2 alerts from Indexer
2026-07-13 09:46:42,816 - app.services.wazuh_api - INFO - Found 2 agents
2026-07-13 09:46:43,630 - app.services.wazuh_api - INFO - Fetched 2 alerts from Indexer
2026-07-13 09:46:43,692 - app.services.wazuh_api - INFO - Fetched 2 alerts from Indexer
2026-07-13 09:46:43,773 - app.services.wazuh_api - INFO - Found 2 agents
2026-07-13 09:46:44,655 - app.services.wazuh_api - INFO - Fetched 2 alerts from Indexer
2026-07-13 09:46:44,706 - app.services.wazuh_api - INFO - Fetched 2 alerts from Indexer
2026-07-13 09:46:44,781 - app.services.wazuh_api - INFO - Found 2 agents
2026-07-13 09:46:45,624 - app.services.wazuh_api - INFO - Fetched 2 alerts from Indexer
2026-07-13 09:46:45,685 - app.services.wazuh_api - INFO - Fetched 2 alerts from Indexer
2026-07-13 09:46:45,740 - app.services.wazuh_api - INFO - Found 2 agents
2026-07-13 09:46:46,615 - app.services.wazuh_api - INFO - Fetched 2 alerts from Indexer
2026-07-13 09:46:46,665 - app.services.wazuh_api - INFO - Fetched 2 alerts from Indexer
2026-07-13 09:46:46,743 - app.services.wazuh_api - INFO - Found 2 agents
2026-07-13 09:46:47,613 - app.services.wazuh_api - INFO - Fetched 2 alerts from Indexer
2026-07-13 09:46:47,675 - app.services.wazuh_api - INFO - Fetched 2 alerts from Indexer
2026-07-13 09:46:47,898 - app.services.wazuh_api - INFO - Fetched 2 alerts from Indexer
2026-07-13 09:46:47,974 - app.services.wazuh_api - INFO - Found 2 agents
2026-07-13 09:46:48,626 - app.services.wazuh_api - INFO - Fetched 2 alerts from Indexer
2026-07-13 09:46:48,689 - app.services.wazuh_api - INFO - Fetched 2 alerts from Indexer
2026-07-13 09:46:48,767 - app.services.wazuh_api - INFO - Found 2 agents
2026-07-13 09:46:49,620 - app.services.wazuh_api - INFO - Fetched 2 alerts from Indexer
2026-07-13 09:46:49,680 - app.services.wazuh_api - INFO - Fetched 2 alerts from Indexer
2026-07-13 09:46:49,746 - app.services.wazuh_api - INFO - Found 2 agents
2026-07-13 09:46:50,617 - app.services.wazuh_api - INFO - Fetched 2 alerts from Indexer
2026-07-13 09:46:50,656 - app.services.wazuh_api - INFO - Fetched 2 alerts from Indexer
2026-07-13 09:46:50,725 - app.services.wazuh_api - INFO - Found 2 agents
2026-07-13 09:46:51,613 - app.services.wazuh_api - INFO - Fetched 2 alerts from Indexer
2026-07-13 09:46:51,652 - app.services.wazuh_api - INFO - Fetched 2 alerts from Indexer
2026-07-13 09:46:51,723 - app.services.wazuh_api - INFO - Found 2 agents
2026-07-13 09:46:52,628 - app.services.wazuh_api - INFO - Fetched 2 alerts from Indexer
2026-07-13 09:46:52,691 - app.services.wazuh_api - INFO - Fetched 2 alerts from Indexer
2026-07-13 09:46:52,763 - app.services.wazuh_api - INFO - Found 2 agents
2026-07-13 09:46:53,626 - app.services.wazuh_api - INFO - Fetched 2 alerts from Indexer
2026-07-13 09:46:53,690 - app.services.wazuh_api - INFO - Fetched 2 alerts from Indexer
2026-07-13 09:46:53,765 - app.services.wazuh_api - INFO - Found 2 agents
2026-07-13 09:46:54,625 - app.services.wazuh_api - INFO - Fetched 2 alerts from Indexer
2026-07-13 09:46:54,683 - app.services.wazuh_api - INFO - Fetched 2 alerts from Indexer
2026-07-13 09:46:54,746 - app.services.wazuh_api - INFO - Found 2 agents
2026-07-13 09:46:55,619 - app.services.wazuh_api - INFO - Fetched 2 alerts from Indexer
2026-07-13 09:46:55,684 - app.services.wazuh_api - INFO - Fetched 2 alerts from Indexer
2026-07-13 09:46:55,759 - app.services.wazuh_api - INFO - Found 2 agents
2026-07-13 09:46:56,632 - app.services.wazuh_api - INFO - Fetched 2 alerts from Indexer
2026-07-13 09:46:56,673 - app.services.wazuh_api - INFO - Fetched 2 alerts from Indexer
2026-07-13 09:46:56,740 - app.services.wazuh_api - INFO - Found 2 agents
2026-07-13 09:46:57,617 - app.services.wazuh_api - INFO - Fetched 2 alerts from Indexer
2026-07-13 09:46:57,677 - app.services.wazuh_api - INFO - Fetched 2 alerts from Indexer
2026-07-13 09:46:57,886 - app.services.wazuh_api - INFO - Fetched 2 alerts from Indexer
2026-07-13 09:46:57,960 - app.services.wazuh_api - INFO - Found 2 agents
2026-07-13 09:46:58,647 - app.services.wazuh_api - INFO - Fetched 2 alerts from Indexer
2026-07-13 09:46:58,708 - app.services.wazuh_api - INFO - Fetched 2 alerts from Indexer
2026-07-13 09:46:58,787 - app.services.wazuh_api - INFO - Found 2 agents
2026-07-13 09:46:59,624 - app.services.wazuh_api - INFO - Fetched 2 alerts from Indexer
2026-07-13 09:46:59,683 - app.services.wazuh_api - INFO - Fetched 2 alerts from Indexer
2026-07-13 09:46:59,749 - app.services.wazuh_api - INFO - Found 2 agents
2026-07-13 09:47:00,627 - app.services.wazuh_api - INFO - Fetched 2 alerts from Indexer
2026-07-13 09:47:00,688 - app.services.wazuh_api - INFO - Fetched 2 alerts from Indexer
2026-07-13 09:47:00,766 - app.services.wazuh_api - INFO - Found 2 agents
2026-07-13 09:47:14,629 - app.services.wazuh_api - INFO - Fetched 2 alerts from Indexer
2026-07-13 09:47:14,687 - app.services.wazuh_api - INFO - Fetched 2 alerts from Indexer
2026-07-13 09:47:14,901 - app.services.wazuh_api - INFO - Fetched 2 alerts from Indexer
2026-07-13 09:47:14,974 - app.services.wazuh_api - INFO - Found 2 agents
2026-07-13 09:47:51,389 - werkzeug - INFO -  * Detected change in 'D:\\EDR-Project\\dashboard\\app\\models\\detector.py', reloading
2026-07-13 09:47:51,704 - werkzeug - INFO -  * Restarting with stat
2026-07-13 09:48:02,092 - app.models.detector - INFO - [OK] Model loaded with joblib: D:\EDR-Project\dashboard\models_data\local_outlier_factor.pkl
2026-07-13 09:48:02,108 - __main__ - INFO - Starting EDR Dashboard on 0.0.0.0:5000
2026-07-13 09:48:02,108 - __main__ - INFO - Wazuh API: localhost:55000
2026-07-13 09:48:02,108 - __main__ - INFO - Model: D:\EDR-Project\dashboard\models_data\local_outlier_factor.pkl
2026-07-13 09:48:02,112 - werkzeug - INFO -  * Restarting with stat
2026-07-13 09:48:04,911 - app.models.detector - INFO - [OK] Model loaded with joblib: D:\EDR-Project\dashboard\models_data\local_outlier_factor.pkl
2026-07-13 09:48:04,926 - __main__ - INFO - Starting EDR Dashboard on 0.0.0.0:5000
2026-07-13 09:48:04,926 - __main__ - INFO - Wazuh API: localhost:55000
2026-07-13 09:48:04,926 - __main__ - INFO - Model: D:\EDR-Project\dashboard\models_data\local_outlier_factor.pkl
2026-07-13 09:48:04,929 - werkzeug - WARNING -  * Debugger is active!
2026-07-13 09:48:04,933 - werkzeug - INFO -  * Debugger PIN: 506-881-550
2026-07-13 09:48:06,888 - app.main - INFO - Client connected
2026-07-13 09:48:06,953 - app.services.wazuh_api - INFO - Fetched 2 alerts from Indexer
2026-07-13 09:48:14,633 - app.services.wazuh_api - INFO - Fetched 2 alerts from Indexer
2026-07-13 09:48:14,694 - app.services.wazuh_api - INFO - Fetched 2 alerts from Indexer
2026-07-13 09:48:15,051 - app.services.wazuh_api - INFO - Fetched 2 alerts from Indexer
2026-07-13 09:48:15,275 - app.services.wazuh_api - INFO - Connected to Wazuh API
2026-07-13 09:48:15,364 - app.services.wazuh_api - INFO - Found 2 agents
2026-07-13 09:48:49,543 - app.services.wazuh_api - INFO - Fetched 2 alerts from Indexer
2026-07-13 09:48:49,603 - app.services.wazuh_api - INFO - Fetched 2 alerts from Indexer
2026-07-13 09:48:49,925 - app.services.wazuh_api - INFO - Fetched 2 alerts from Indexer
2026-07-13 09:48:50,011 - app.services.wazuh_api - INFO - Found 2 agents
2026-07-13 09:48:50,383 - app.services.wazuh_api - INFO - Fetched 2 alerts from Indexer
2026-07-13 09:48:50,445 - app.services.wazuh_api - INFO - Fetched 2 alerts from Indexer
2026-07-13 09:48:50,525 - app.services.wazuh_api - INFO - Found 2 agents
2026-07-13 09:48:51,386 - app.services.wazuh_api - INFO - Fetched 2 alerts from Indexer
2026-07-13 09:48:51,443 - app.services.wazuh_api - INFO - Fetched 2 alerts from Indexer
2026-07-13 09:48:51,526 - app.services.wazuh_api - INFO - Found 2 agents
2026-07-13 09:48:52,383 - app.services.wazuh_api - INFO - Fetched 2 alerts from Indexer
2026-07-13 09:48:52,448 - app.services.wazuh_api - INFO - Fetched 2 alerts from Indexer
2026-07-13 09:48:52,528 - app.services.wazuh_api - INFO - Found 2 agents
2026-07-13 09:48:53,627 - app.services.wazuh_api - INFO - Fetched 2 alerts from Indexer
2026-07-13 09:48:53,693 - app.services.wazuh_api - INFO - Fetched 2 alerts from Indexer
2026-07-13 09:48:53,755 - app.services.wazuh_api - INFO - Found 2 agents
2026-07-13 09:48:54,620 - app.services.wazuh_api - INFO - Fetched 2 alerts from Indexer
2026-07-13 09:48:54,681 - app.services.wazuh_api - INFO - Fetched 2 alerts from Indexer
2026-07-13 09:48:54,763 - app.services.wazuh_api - INFO - Found 2 agents
2026-07-13 09:48:55,611 - app.services.wazuh_api - INFO - Fetched 2 alerts from Indexer
2026-07-13 09:48:55,653 - app.services.wazuh_api - INFO - Fetched 2 alerts from Indexer
2026-07-13 09:48:55,723 - app.services.wazuh_api - INFO - Found 2 agents
2026-07-13 09:48:56,633 - app.services.wazuh_api - INFO - Fetched 2 alerts from Indexer
2026-07-13 09:48:56,696 - app.services.wazuh_api - INFO - Fetched 2 alerts from Indexer
2026-07-13 09:48:56,775 - app.services.wazuh_api - INFO - Found 2 agents
2026-07-13 09:48:57,645 - app.services.wazuh_api - INFO - Fetched 2 alerts from Indexer
2026-07-13 09:48:57,705 - app.services.wazuh_api - INFO - Fetched 2 alerts from Indexer
2026-07-13 09:48:58,048 - app.services.wazuh_api - INFO - Fetched 2 alerts from Indexer
2026-07-13 09:48:58,128 - app.services.wazuh_api - INFO - Found 2 agents
2026-07-13 09:48:58,629 - app.services.wazuh_api - INFO - Fetched 2 alerts from Indexer
2026-07-13 09:48:58,684 - app.services.wazuh_api - INFO - Fetched 2 alerts from Indexer
2026-07-13 09:48:58,760 - app.services.wazuh_api - INFO - Found 2 agents
2026-07-13 09:48:59,622 - app.services.wazuh_api - INFO - Fetched 2 alerts from Indexer
2026-07-13 09:48:59,678 - app.services.wazuh_api - INFO - Fetched 2 alerts from Indexer
2026-07-13 09:48:59,757 - app.services.wazuh_api - INFO - Found 2 agents
2026-07-13 09:49:00,616 - app.services.wazuh_api - INFO - Fetched 2 alerts from Indexer
2026-07-13 09:49:00,657 - app.services.wazuh_api - INFO - Fetched 2 alerts from Indexer
2026-07-13 09:49:00,733 - app.services.wazuh_api - INFO - Found 2 agents
2026-07-13 09:49:01,625 - app.services.wazuh_api - INFO - Fetched 2 alerts from Indexer
2026-07-13 09:49:01,670 - app.services.wazuh_api - INFO - Fetched 2 alerts from Indexer
2026-07-13 09:49:01,731 - app.services.wazuh_api - INFO - Found 2 agents
2026-07-13 09:49:02,625 - app.services.wazuh_api - INFO - Fetched 2 alerts from Indexer
2026-07-13 09:49:02,684 - app.services.wazuh_api - INFO - Fetched 2 alerts from Indexer
2026-07-13 09:49:02,766 - app.services.wazuh_api - INFO - Found 2 agents
2026-07-13 09:49:03,616 - app.services.wazuh_api - INFO - Fetched 2 alerts from Indexer
2026-07-13 09:49:03,667 - app.services.wazuh_api - INFO - Fetched 2 alerts from Indexer
2026-07-13 09:49:03,727 - app.services.wazuh_api - INFO - Found 2 agents
2026-07-13 09:49:04,622 - app.services.wazuh_api - INFO - Fetched 2 alerts from Indexer
2026-07-13 09:49:04,665 - app.services.wazuh_api - INFO - Fetched 2 alerts from Indexer
2026-07-13 09:49:04,723 - app.services.wazuh_api - INFO - Found 2 agents
2026-07-13 09:49:05,630 - app.services.wazuh_api - INFO - Fetched 2 alerts from Indexer
2026-07-13 09:49:05,689 - app.services.wazuh_api - INFO - Fetched 2 alerts from Indexer
2026-07-13 09:49:05,748 - app.services.wazuh_api - INFO - Found 2 agents
2026-07-13 09:49:06,623 - app.services.wazuh_api - INFO - Fetched 2 alerts from Indexer
2026-07-13 09:49:06,668 - app.services.wazuh_api - INFO - Fetched 2 alerts from Indexer
2026-07-13 09:49:06,722 - app.services.wazuh_api - INFO - Found 2 agents
2026-07-13 09:49:07,628 - app.services.wazuh_api - INFO - Fetched 2 alerts from Indexer
2026-07-13 09:49:07,690 - app.services.wazuh_api - INFO - Fetched 2 alerts from Indexer
2026-07-13 09:49:07,998 - app.services.wazuh_api - INFO - Fetched 2 alerts from Indexer
2026-07-13 09:49:08,065 - app.services.wazuh_api - INFO - Found 2 agents
2026-07-13 09:49:08,629 - app.services.wazuh_api - INFO - Fetched 2 alerts from Indexer
2026-07-13 09:49:08,692 - app.services.wazuh_api - INFO - Fetched 2 alerts from Indexer
2026-07-13 09:49:08,775 - app.services.wazuh_api - INFO - Found 2 agents
2026-07-13 09:49:09,618 - app.services.wazuh_api - INFO - Fetched 2 alerts from Indexer
2026-07-13 09:49:09,676 - app.services.wazuh_api - INFO - Fetched 2 alerts from Indexer
2026-07-13 09:49:09,756 - app.services.wazuh_api - INFO - Found 2 agents
2026-07-13 09:49:10,637 - app.services.wazuh_api - INFO - Fetched 2 alerts from Indexer
2026-07-13 09:49:10,705 - app.services.wazuh_api - INFO - Fetched 2 alerts from Indexer
2026-07-13 09:49:10,781 - app.services.wazuh_api - INFO - Found 2 agents
2026-07-13 09:49:11,625 - app.services.wazuh_api - INFO - Fetched 2 alerts from Indexer
2026-07-13 09:49:11,683 - app.services.wazuh_api - INFO - Fetched 2 alerts from Indexer
2026-07-13 09:49:11,762 - app.services.wazuh_api - INFO - Found 2 agents
2026-07-13 09:49:12,629 - app.services.wazuh_api - INFO - Fetched 2 alerts from Indexer
2026-07-13 09:49:12,687 - app.services.wazuh_api - INFO - Fetched 2 alerts from Indexer
2026-07-13 09:49:12,763 - app.services.wazuh_api - INFO - Found 2 agents
2026-07-13 09:49:13,625 - app.services.wazuh_api - INFO - Fetched 2 alerts from Indexer
2026-07-13 09:49:13,685 - app.services.wazuh_api - INFO - Fetched 2 alerts from Indexer
2026-07-13 09:49:13,744 - app.services.wazuh_api - INFO - Found 2 agents
2026-07-13 09:49:14,635 - app.services.wazuh_api - INFO - Fetched 2 alerts from Indexer
2026-07-13 09:49:14,699 - app.services.wazuh_api - INFO - Fetched 2 alerts from Indexer
2026-07-13 09:49:14,772 - app.services.wazuh_api - INFO - Found 2 agents
2026-07-13 09:49:15,635 - app.services.wazuh_api - INFO - Fetched 2 alerts from Indexer
2026-07-13 09:49:15,676 - app.services.wazuh_api - INFO - Fetched 2 alerts from Indexer
2026-07-13 09:49:15,755 - app.services.wazuh_api - INFO - Found 2 agents
2026-07-13 09:49:16,621 - app.services.wazuh_api - INFO - Fetched 2 alerts from Indexer
2026-07-13 09:49:16,662 - app.services.wazuh_api - INFO - Fetched 2 alerts from Indexer
2026-07-13 09:49:16,715 - app.services.wazuh_api - INFO - Found 2 agents
2026-07-13 09:49:17,631 - app.services.wazuh_api - INFO - Fetched 2 alerts from Indexer
2026-07-13 09:49:17,697 - app.services.wazuh_api - INFO - Fetched 2 alerts from Indexer
2026-07-13 09:49:18,006 - app.services.wazuh_api - INFO - Fetched 2 alerts from Indexer
2026-07-13 09:49:18,088 - app.services.wazuh_api - INFO - Found 2 agents
2026-07-13 09:49:18,617 - app.services.wazuh_api - INFO - Fetched 2 alerts from Indexer
2026-07-13 09:49:18,675 - app.services.wazuh_api - INFO - Fetched 2 alerts from Indexer
2026-07-13 09:49:18,749 - app.services.wazuh_api - INFO - Found 2 agents
2026-07-13 09:49:19,629 - app.services.wazuh_api - INFO - Fetched 2 alerts from Indexer
2026-07-13 09:49:19,670 - app.services.wazuh_api - INFO - Fetched 2 alerts from Indexer
2026-07-13 09:49:19,724 - app.services.wazuh_api - INFO - Found 2 agents
2026-07-13 09:49:20,616 - app.services.wazuh_api - INFO - Fetched 2 alerts from Indexer
2026-07-13 09:49:20,660 - app.services.wazuh_api - INFO - Fetched 2 alerts from Indexer
2026-07-13 09:49:20,721 - app.services.wazuh_api - INFO - Found 2 agents
2026-07-13 09:49:21,637 - app.services.wazuh_api - INFO - Fetched 2 alerts from Indexer
2026-07-13 09:49:21,702 - app.services.wazuh_api - INFO - Fetched 2 alerts from Indexer
2026-07-13 09:49:21,775 - app.services.wazuh_api - INFO - Found 2 agents
2026-07-13 09:49:22,635 - app.services.wazuh_api - INFO - Fetched 2 alerts from Indexer
2026-07-13 09:49:22,693 - app.services.wazuh_api - INFO - Fetched 2 alerts from Indexer
2026-07-13 09:49:22,764 - app.services.wazuh_api - INFO - Found 2 agents
2026-07-13 09:49:23,632 - app.services.wazuh_api - INFO - Fetched 2 alerts from Indexer
2026-07-13 09:49:23,692 - app.services.wazuh_api - INFO - Fetched 2 alerts from Indexer
2026-07-13 09:49:23,769 - app.services.wazuh_api - INFO - Found 2 agents
2026-07-13 09:49:24,623 - app.services.wazuh_api - INFO - Fetched 2 alerts from Indexer
2026-07-13 09:49:24,682 - app.services.wazuh_api - INFO - Fetched 2 alerts from Indexer
2026-07-13 09:49:24,757 - app.services.wazuh_api - INFO - Found 2 agents
2026-07-13 09:49:25,639 - app.services.wazuh_api - INFO - Fetched 2 alerts from Indexer
2026-07-13 09:49:25,692 - app.services.wazuh_api - INFO - Fetched 2 alerts from Indexer
2026-07-13 09:49:25,766 - app.services.wazuh_api - INFO - Found 2 agents
2026-07-13 09:49:26,633 - app.services.wazuh_api - INFO - Fetched 2 alerts from Indexer
2026-07-13 09:49:26,693 - app.services.wazuh_api - INFO - Fetched 2 alerts from Indexer
2026-07-13 09:49:26,769 - app.services.wazuh_api - INFO - Found 2 agents
2026-07-13 09:49:27,634 - app.services.wazuh_api - INFO - Fetched 2 alerts from Indexer
2026-07-13 09:49:27,696 - app.services.wazuh_api - INFO - Fetched 2 alerts from Indexer
2026-07-13 09:49:28,009 - app.services.wazuh_api - INFO - Fetched 2 alerts from Indexer
2026-07-13 09:49:28,093 - app.services.wazuh_api - INFO - Found 2 agents
2026-07-13 09:49:28,608 - app.services.wazuh_api - INFO - Fetched 2 alerts from Indexer
2026-07-13 09:49:28,665 - app.services.wazuh_api - INFO - Fetched 2 alerts from Indexer
2026-07-13 09:49:28,740 - app.services.wazuh_api - INFO - Found 2 agents
2026-07-13 09:49:29,618 - app.services.wazuh_api - INFO - Fetched 2 alerts from Indexer
2026-07-13 09:49:29,681 - app.services.wazuh_api - INFO - Fetched 2 alerts from Indexer
2026-07-13 09:49:29,756 - app.services.wazuh_api - INFO - Found 2 agents
2026-07-13 09:49:30,618 - app.services.wazuh_api - INFO - Fetched 2 alerts from Indexer
2026-07-13 09:49:30,695 - app.services.wazuh_api - INFO - Fetched 2 alerts from Indexer
2026-07-13 09:49:30,778 - app.services.wazuh_api - INFO - Found 2 agents
2026-07-13 09:49:31,623 - app.services.wazuh_api - INFO - Fetched 2 alerts from Indexer
2026-07-13 09:49:31,670 - app.services.wazuh_api - INFO - Fetched 2 alerts from Indexer
2026-07-13 09:49:31,745 - app.services.wazuh_api - INFO - Found 2 agents
2026-07-13 09:49:32,622 - app.services.wazuh_api - INFO - Fetched 2 alerts from Indexer
2026-07-13 09:49:32,689 - app.services.wazuh_api - INFO - Fetched 2 alerts from Indexer
2026-07-13 09:49:32,763 - app.services.wazuh_api - INFO - Found 2 agents
2026-07-13 09:49:33,628 - app.services.wazuh_api - INFO - Fetched 2 alerts from Indexer
2026-07-13 09:49:33,686 - app.services.wazuh_api - INFO - Fetched 2 alerts from Indexer
2026-07-13 09:49:33,763 - app.services.wazuh_api - INFO - Found 2 agents
2026-07-13 09:49:34,613 - app.services.wazuh_api - INFO - Fetched 2 alerts from Indexer
2026-07-13 09:49:34,658 - app.services.wazuh_api - INFO - Fetched 2 alerts from Indexer
2026-07-13 09:49:34,739 - app.services.wazuh_api - INFO - Found 2 agents
2026-07-13 09:49:35,621 - app.services.wazuh_api - INFO - Fetched 2 alerts from Indexer
2026-07-13 09:49:35,679 - app.services.wazuh_api - INFO - Fetched 2 alerts from Indexer
2026-07-13 09:49:35,741 - app.services.wazuh_api - INFO - Found 2 agents
2026-07-13 09:49:36,625 - app.services.wazuh_api - INFO - Fetched 2 alerts from Indexer
2026-07-13 09:49:36,692 - app.services.wazuh_api - INFO - Fetched 2 alerts from Indexer
2026-07-13 09:49:36,772 - app.services.wazuh_api - INFO - Found 2 agents
2026-07-13 09:49:37,631 - app.services.wazuh_api - INFO - Fetched 2 alerts from Indexer
2026-07-13 09:49:37,673 - app.services.wazuh_api - INFO - Fetched 2 alerts from Indexer
2026-07-13 09:49:37,989 - app.services.wazuh_api - INFO - Fetched 2 alerts from Indexer
2026-07-13 09:49:38,070 - app.services.wazuh_api - INFO - Found 2 agents
2026-07-13 09:49:38,629 - app.services.wazuh_api - INFO - Fetched 2 alerts from Indexer
2026-07-13 09:49:38,672 - app.services.wazuh_api - INFO - Fetched 2 alerts from Indexer
2026-07-13 09:49:38,750 - app.services.wazuh_api - INFO - Found 2 agents
2026-07-13 09:49:39,626 - app.services.wazuh_api - INFO - Fetched 2 alerts from Indexer
2026-07-13 09:49:39,684 - app.services.wazuh_api - INFO - Fetched 2 alerts from Indexer
2026-07-13 09:49:39,762 - app.services.wazuh_api - INFO - Found 2 agents
2026-07-13 09:49:40,621 - app.services.wazuh_api - INFO - Fetched 2 alerts from Indexer
2026-07-13 09:49:40,661 - app.services.wazuh_api - INFO - Fetched 2 alerts from Indexer
2026-07-13 09:49:40,716 - app.services.wazuh_api - INFO - Found 2 agents
2026-07-13 09:49:41,625 - app.services.wazuh_api - INFO - Fetched 2 alerts from Indexer
2026-07-13 09:49:41,669 - app.services.wazuh_api - INFO - Fetched 2 alerts from Indexer
2026-07-13 09:49:41,748 - app.services.wazuh_api - INFO - Found 2 agents
2026-07-13 09:49:42,628 - app.services.wazuh_api - INFO - Fetched 2 alerts from Indexer
2026-07-13 09:49:42,684 - app.services.wazuh_api - INFO - Fetched 2 alerts from Indexer
2026-07-13 09:49:42,737 - app.services.wazuh_api - INFO - Found 2 agents
2026-07-13 09:49:43,624 - app.services.wazuh_api - INFO - Fetched 2 alerts from Indexer
2026-07-13 09:49:43,665 - app.services.wazuh_api - INFO - Fetched 2 alerts from Indexer
2026-07-13 09:49:43,741 - app.services.wazuh_api - INFO - Found 2 agents
2026-07-13 09:49:44,616 - app.services.wazuh_api - INFO - Fetched 2 alerts from Indexer
2026-07-13 09:49:44,686 - app.services.wazuh_api - INFO - Fetched 2 alerts from Indexer
2026-07-13 09:49:44,771 - app.services.wazuh_api - INFO - Found 2 agents
2026-07-13 09:49:45,617 - app.services.wazuh_api - INFO - Fetched 2 alerts from Indexer
2026-07-13 09:49:45,664 - app.services.wazuh_api - INFO - Fetched 2 alerts from Indexer
2026-07-13 09:49:45,731 - app.services.wazuh_api - INFO - Found 2 agents
2026-07-13 09:49:46,620 - app.services.wazuh_api - INFO - Fetched 2 alerts from Indexer
2026-07-13 09:49:46,683 - app.services.wazuh_api - INFO - Fetched 2 alerts from Indexer
2026-07-13 09:49:46,739 - app.services.wazuh_api - INFO - Found 2 agents
2026-07-13 09:49:47,615 - app.services.wazuh_api - INFO - Fetched 2 alerts from Indexer
2026-07-13 09:49:47,673 - app.services.wazuh_api - INFO - Fetched 2 alerts from Indexer
2026-07-13 09:49:48,016 - app.services.wazuh_api - INFO - Fetched 2 alerts from Indexer
2026-07-13 09:49:48,080 - app.services.wazuh_api - INFO - Found 2 agents
2026-07-13 09:49:48,618 - app.services.wazuh_api - INFO - Fetched 2 alerts from Indexer
2026-07-13 09:49:48,660 - app.services.wazuh_api - INFO - Fetched 2 alerts from Indexer
2026-07-13 09:49:48,736 - app.services.wazuh_api - INFO - Found 2 agents
2026-07-13 09:49:49,623 - app.services.wazuh_api - INFO - Fetched 2 alerts from Indexer
2026-07-13 09:49:49,669 - app.services.wazuh_api - INFO - Fetched 2 alerts from Indexer
2026-07-13 09:49:49,741 - app.services.wazuh_api - INFO - Found 2 agents
2026-07-13 09:49:50,618 - app.services.wazuh_api - INFO - Fetched 2 alerts from Indexer
2026-07-13 09:49:50,673 - app.services.wazuh_api - INFO - Fetched 2 alerts from Indexer
2026-07-13 09:49:50,758 - app.services.wazuh_api - INFO - Found 2 agents
2026-07-13 09:49:51,632 - app.services.wazuh_api - INFO - Fetched 2 alerts from Indexer
2026-07-13 09:49:51,696 - app.services.wazuh_api - INFO - Fetched 2 alerts from Indexer
2026-07-13 09:49:51,752 - app.services.wazuh_api - INFO - Found 2 agents
2026-07-13 09:49:52,612 - app.services.wazuh_api - INFO - Fetched 2 alerts from Indexer
2026-07-13 09:49:52,658 - app.services.wazuh_api - INFO - Fetched 2 alerts from Indexer
2026-07-13 09:49:52,716 - app.services.wazuh_api - INFO - Found 2 agents
2026-07-13 09:50:14,632 - app.services.wazuh_api - INFO - Fetched 2 alerts from Indexer
2026-07-13 09:50:14,688 - app.services.wazuh_api - INFO - Fetched 2 alerts from Indexer
2026-07-13 09:50:15,022 - app.services.wazuh_api - INFO - Fetched 2 alerts from Indexer
2026-07-13 09:50:15,106 - app.services.wazuh_api - INFO - Found 2 agents
2026-07-13 09:51:11,610 - app.services.wazuh_api - INFO - Fetched 2 alerts from Indexer
2026-07-13 09:51:11,686 - app.services.wazuh_api - INFO - Found 2 agents
2026-07-13 09:51:11,744 - app.services.wazuh_api - INFO - Fetched 2 alerts from Indexer
2026-07-13 09:51:12,057 - app.services.wazuh_api - INFO - Fetched 2 alerts from Indexer
2026-07-13 09:51:12,376 - app.services.wazuh_api - INFO - Fetched 2 alerts from Indexer
2026-07-13 09:51:12,419 - app.services.wazuh_api - INFO - Fetched 2 alerts from Indexer
2026-07-13 09:51:12,476 - app.services.wazuh_api - INFO - Found 2 agents
2026-07-13 09:51:13,388 - app.services.wazuh_api - INFO - Fetched 2 alerts from Indexer
2026-07-13 09:51:13,453 - app.services.wazuh_api - INFO - Fetched 2 alerts from Indexer
2026-07-13 09:51:13,528 - app.services.wazuh_api - INFO - Found 2 agents
2026-07-13 09:51:14,622 - app.services.wazuh_api - INFO - Fetched 2 alerts from Indexer
2026-07-13 09:51:14,679 - app.services.wazuh_api - INFO - Fetched 2 alerts from Indexer
2026-07-13 09:51:14,742 - app.services.wazuh_api - INFO - Found 2 agents
2026-07-13 09:51:15,635 - app.services.wazuh_api - INFO - Fetched 2 alerts from Indexer
2026-07-13 09:51:15,692 - app.services.wazuh_api - INFO - Fetched 2 alerts from Indexer
2026-07-13 09:51:15,773 - app.services.wazuh_api - INFO - Found 2 agents
2026-07-13 09:51:16,640 - app.services.wazuh_api - INFO - Fetched 2 alerts from Indexer
2026-07-13 09:51:16,709 - app.services.wazuh_api - INFO - Fetched 2 alerts from Indexer
2026-07-13 09:51:16,775 - app.services.wazuh_api - INFO - Found 2 agents
2026-07-13 09:51:17,620 - app.services.wazuh_api - INFO - Fetched 2 alerts from Indexer
2026-07-13 09:51:17,679 - app.services.wazuh_api - INFO - Fetched 2 alerts from Indexer
2026-07-13 09:51:18,027 - app.services.wazuh_api - INFO - Fetched 2 alerts from Indexer
2026-07-13 09:51:18,100 - app.services.wazuh_api - INFO - Found 2 agents
2026-07-13 09:51:18,630 - app.services.wazuh_api - INFO - Fetched 2 alerts from Indexer
2026-07-13 09:51:18,692 - app.services.wazuh_api - INFO - Fetched 2 alerts from Indexer
2026-07-13 09:51:18,765 - app.services.wazuh_api - INFO - Found 2 agents
2026-07-13 09:51:19,629 - app.services.wazuh_api - INFO - Fetched 2 alerts from Indexer
2026-07-13 09:51:19,675 - app.services.wazuh_api - INFO - Fetched 2 alerts from Indexer
2026-07-13 09:51:19,761 - app.services.wazuh_api - INFO - Found 2 agents
2026-07-13 09:51:20,611 - app.services.wazuh_api - INFO - Fetched 2 alerts from Indexer
2026-07-13 09:51:20,656 - app.services.wazuh_api - INFO - Fetched 2 alerts from Indexer
2026-07-13 09:51:20,730 - app.services.wazuh_api - INFO - Found 2 agents
2026-07-13 09:51:21,606 - app.services.wazuh_api - INFO - Fetched 2 alerts from Indexer
2026-07-13 09:51:21,648 - app.services.wazuh_api - INFO - Fetched 2 alerts from Indexer
2026-07-13 09:51:21,726 - app.services.wazuh_api - INFO - Found 2 agents
2026-07-13 09:51:22,633 - app.services.wazuh_api - INFO - Fetched 2 alerts from Indexer
2026-07-13 09:51:22,675 - app.services.wazuh_api - INFO - Fetched 2 alerts from Indexer
2026-07-13 09:51:22,742 - app.services.wazuh_api - INFO - Found 2 agents
2026-07-13 09:51:23,621 - app.services.wazuh_api - INFO - Fetched 2 alerts from Indexer
2026-07-13 09:51:23,676 - app.services.wazuh_api - INFO - Fetched 2 alerts from Indexer
2026-07-13 09:51:23,740 - app.services.wazuh_api - INFO - Found 2 agents
2026-07-13 09:51:24,635 - app.services.wazuh_api - INFO - Fetched 2 alerts from Indexer
2026-07-13 09:51:24,680 - app.services.wazuh_api - INFO - Fetched 2 alerts from Indexer
2026-07-13 09:51:24,742 - app.services.wazuh_api - INFO - Found 2 agents
2026-07-13 09:51:25,622 - app.services.wazuh_api - INFO - Fetched 2 alerts from Indexer
2026-07-13 09:51:25,684 - app.services.wazuh_api - INFO - Fetched 2 alerts from Indexer
2026-07-13 09:51:25,760 - app.services.wazuh_api - INFO - Found 2 agents
2026-07-13 09:51:26,630 - app.services.wazuh_api - INFO - Fetched 2 alerts from Indexer
2026-07-13 09:51:26,687 - app.services.wazuh_api - INFO - Fetched 2 alerts from Indexer
2026-07-13 09:51:26,763 - app.services.wazuh_api - INFO - Found 2 agents
2026-07-13 09:51:27,630 - app.services.wazuh_api - INFO - Fetched 2 alerts from Indexer
2026-07-13 09:51:27,696 - app.services.wazuh_api - INFO - Fetched 2 alerts from Indexer
2026-07-13 09:51:28,010 - app.services.wazuh_api - INFO - Fetched 2 alerts from Indexer
2026-07-13 09:51:28,065 - app.services.wazuh_api - INFO - Found 2 agents
2026-07-13 09:51:28,634 - app.services.wazuh_api - INFO - Fetched 2 alerts from Indexer
2026-07-13 09:51:28,725 - app.services.wazuh_api - INFO - Fetched 2 alerts from Indexer
2026-07-13 09:51:28,786 - app.services.wazuh_api - INFO - Found 2 agents
2026-07-13 09:51:29,647 - app.services.wazuh_api - INFO - Fetched 2 alerts from Indexer
2026-07-13 09:51:29,721 - app.services.wazuh_api - INFO - Found 2 agents
2026-07-13 09:51:29,781 - app.services.wazuh_api - INFO - Fetched 2 alerts from Indexer
2026-07-13 09:51:30,279 - werkzeug - INFO -  * Detected change in 'D:\\EDR-Project\\dashboard\\app\\models\\detector.py', reloading
2026-07-13 09:51:30,612 - werkzeug - INFO -  * Restarting with stat
2026-07-13 09:51:33,816 - app.models.detector - INFO - [OK] Model loaded with joblib: D:\EDR-Project\dashboard\models_data\local_outlier_factor.pkl
2026-07-13 09:51:33,837 - __main__ - INFO - Starting EDR Dashboard on 0.0.0.0:5000
2026-07-13 09:51:33,837 - __main__ - INFO - Wazuh API: localhost:55000
2026-07-13 09:51:33,838 - __main__ - INFO - Model: D:\EDR-Project\dashboard\models_data\local_outlier_factor.pkl
2026-07-13 09:51:33,841 - werkzeug - WARNING -  * Debugger is active!
2026-07-13 09:51:33,845 - werkzeug - INFO -  * Debugger PIN: 506-881-550
2026-07-13 09:51:34,278 - app.services.wazuh_api - INFO - Fetched 2 alerts from Indexer
2026-07-13 09:51:34,506 - app.services.wazuh_api - INFO - Connected to Wazuh API
2026-07-13 09:51:34,621 - app.services.wazuh_api - INFO - Found 2 agents
2026-07-13 09:51:34,685 - app.services.wazuh_api - INFO - Fetched 2 alerts from Indexer
2026-07-13 09:51:34,762 - app.services.wazuh_api - INFO - Found 2 agents
2026-07-13 09:51:34,823 - app.services.wazuh_api - INFO - Fetched 2 alerts from Indexer
2026-07-13 09:51:34,890 - app.services.wazuh_api - INFO - Found 2 agents
2026-07-13 09:51:35,619 - app.services.wazuh_api - INFO - Fetched 2 alerts from Indexer
2026-07-13 09:51:35,691 - app.services.wazuh_api - INFO - Found 2 agents
2026-07-13 09:51:35,697 - app.main - INFO - Client connected
2026-07-13 09:51:35,743 - app.services.wazuh_api - INFO - Fetched 2 alerts from Indexer
2026-07-13 09:51:35,784 - app.services.wazuh_api - INFO - Fetched 2 alerts from Indexer
2026-07-13 09:51:35,826 - app.services.wazuh_api - INFO - Fetched 2 alerts from Indexer
2026-07-13 09:51:35,878 - app.services.wazuh_api - INFO - Fetched 2 alerts from Indexer
2026-07-13 09:51:35,941 - app.services.wazuh_api - INFO - Fetched 2 alerts from Indexer
2026-07-13 09:51:36,003 - app.services.wazuh_api - INFO - Fetched 2 alerts from Indexer
2026-07-13 09:51:36,042 - app.services.wazuh_api - INFO - Fetched 2 alerts from Indexer
2026-07-13 09:51:36,634 - app.services.wazuh_api - INFO - Fetched 2 alerts from Indexer
2026-07-13 09:51:36,694 - app.services.wazuh_api - INFO - Fetched 2 alerts from Indexer
2026-07-13 09:51:36,770 - app.services.wazuh_api - INFO - Found 2 agents
2026-07-13 09:51:37,635 - app.services.wazuh_api - INFO - Fetched 2 alerts from Indexer
2026-07-13 09:51:37,675 - app.services.wazuh_api - INFO - Fetched 2 alerts from Indexer
2026-07-13 09:51:37,927 - app.services.wazuh_api - INFO - Fetched 2 alerts from Indexer
2026-07-13 09:51:37,990 - app.services.wazuh_api - INFO - Found 2 agents
2026-07-13 09:51:38,629 - app.services.wazuh_api - INFO - Fetched 2 alerts from Indexer
2026-07-13 09:51:38,688 - app.services.wazuh_api - INFO - Fetched 2 alerts from Indexer
2026-07-13 09:51:38,752 - app.services.wazuh_api - INFO - Found 2 agents
2026-07-13 09:51:39,626 - app.services.wazuh_api - INFO - Fetched 2 alerts from Indexer
2026-07-13 09:51:39,683 - app.services.wazuh_api - INFO - Fetched 2 alerts from Indexer
2026-07-13 09:51:39,749 - app.services.wazuh_api - INFO - Found 2 agents
2026-07-13 09:51:40,624 - app.services.wazuh_api - INFO - Fetched 2 alerts from Indexer
2026-07-13 09:51:40,666 - app.services.wazuh_api - INFO - Fetched 2 alerts from Indexer
2026-07-13 09:51:40,743 - app.services.wazuh_api - INFO - Found 2 agents
2026-07-13 09:51:41,634 - app.services.wazuh_api - INFO - Fetched 2 alerts from Indexer
2026-07-13 09:51:41,695 - app.services.wazuh_api - INFO - Fetched 2 alerts from Indexer
2026-07-13 09:51:41,771 - app.services.wazuh_api - INFO - Found 2 agents
2026-07-13 09:51:42,638 - app.services.wazuh_api - INFO - Fetched 2 alerts from Indexer
2026-07-13 09:51:42,697 - app.services.wazuh_api - INFO - Fetched 2 alerts from Indexer
2026-07-13 09:51:42,772 - app.services.wazuh_api - INFO - Found 2 agents
2026-07-13 09:51:43,640 - app.services.wazuh_api - INFO - Fetched 2 alerts from Indexer
2026-07-13 09:51:43,705 - app.services.wazuh_api - INFO - Fetched 2 alerts from Indexer
2026-07-13 09:51:43,787 - app.services.wazuh_api - INFO - Found 2 agents
2026-07-13 09:51:44,618 - app.services.wazuh_api - INFO - Fetched 2 alerts from Indexer
2026-07-13 09:51:44,663 - app.services.wazuh_api - INFO - Fetched 2 alerts from Indexer
2026-07-13 09:51:44,737 - app.services.wazuh_api - INFO - Found 2 agents
2026-07-13 09:51:45,627 - app.services.wazuh_api - INFO - Fetched 2 alerts from Indexer
2026-07-13 09:51:45,685 - app.services.wazuh_api - INFO - Fetched 2 alerts from Indexer
2026-07-13 09:51:45,768 - app.services.wazuh_api - INFO - Found 2 agents
2026-07-13 09:51:46,629 - app.services.wazuh_api - INFO - Fetched 2 alerts from Indexer
2026-07-13 09:51:46,686 - app.services.wazuh_api - INFO - Fetched 2 alerts from Indexer
2026-07-13 09:51:46,785 - app.services.wazuh_api - INFO - Found 2 agents
2026-07-13 09:51:47,621 - app.services.wazuh_api - INFO - Fetched 2 alerts from Indexer
2026-07-13 09:51:47,670 - app.services.wazuh_api - INFO - Fetched 2 alerts from Indexer
2026-07-13 09:51:47,913 - app.services.wazuh_api - INFO - Fetched 2 alerts from Indexer
2026-07-13 09:51:47,999 - app.services.wazuh_api - INFO - Found 2 agents
2026-07-13 09:51:48,324 - werkzeug - INFO -  * Detected change in 'D:\\EDR-Project\\dashboard\\app\\config.py', reloading
2026-07-13 09:51:48,608 - werkzeug - INFO -  * Restarting with stat
2026-07-13 09:51:52,365 - app.models.detector - INFO - [OK] Model loaded with joblib: D:\EDR-Project\dashboard\models_data\ecod.pkl
2026-07-13 09:51:52,380 - __main__ - INFO - Starting EDR Dashboard on 0.0.0.0:5000
2026-07-13 09:51:52,380 - __main__ - INFO - Wazuh API: localhost:55000
2026-07-13 09:51:52,380 - __main__ - INFO - Model: D:\EDR-Project\dashboard\models_data\ecod.pkl
2026-07-13 09:51:52,384 - werkzeug - WARNING -  * Debugger is active!
2026-07-13 09:51:52,389 - werkzeug - INFO -  * Debugger PIN: 506-881-550
2026-07-13 09:51:52,779 - app.services.wazuh_api - INFO - Fetched 2 alerts from Indexer
2026-07-13 09:51:53,040 - app.services.wazuh_api - INFO - Connected to Wazuh API
2026-07-13 09:51:53,132 - app.services.wazuh_api - INFO - Found 2 agents
2026-07-13 09:51:53,174 - app.services.wazuh_api - INFO - Fetched 2 alerts from Indexer
2026-07-13 09:51:53,228 - app.services.wazuh_api - INFO - Found 2 agents
2026-07-13 09:51:53,232 - app.main - INFO - Client connected
2026-07-13 09:51:53,289 - app.services.wazuh_api - INFO - Fetched 2 alerts from Indexer
2026-07-13 09:51:53,366 - app.services.wazuh_api - INFO - Found 2 agents
2026-07-13 09:51:53,414 - app.services.wazuh_api - INFO - Fetched 2 alerts from Indexer
2026-07-13 09:51:53,455 - app.services.wazuh_api - INFO - Fetched 2 alerts from Indexer
2026-07-13 09:51:53,521 - app.services.wazuh_api - INFO - Found 2 agents
2026-07-13 09:51:53,565 - app.services.wazuh_api - INFO - Fetched 2 alerts from Indexer
2026-07-13 09:51:53,630 - app.services.wazuh_api - INFO - Fetched 2 alerts from Indexer
2026-07-13 09:51:53,692 - app.services.wazuh_api - INFO - Fetched 2 alerts from Indexer
2026-07-13 09:51:53,755 - app.services.wazuh_api - INFO - Fetched 2 alerts from Indexer
2026-07-13 09:51:53,795 - app.services.wazuh_api - INFO - Fetched 2 alerts from Indexer
2026-07-13 09:51:53,850 - app.services.wazuh_api - INFO - Fetched 2 alerts from Indexer
2026-07-13 09:51:53,933 - app.services.wazuh_api - INFO - Found 2 agents
2026-07-13 09:51:53,989 - app.services.wazuh_api - INFO - Fetched 2 alerts from Indexer
2026-07-13 09:51:54,639 - app.services.wazuh_api - INFO - Fetched 2 alerts from Indexer
2026-07-13 09:51:54,693 - app.services.wazuh_api - INFO - Fetched 2 alerts from Indexer
2026-07-13 09:51:54,764 - app.services.wazuh_api - INFO - Found 2 agents
2026-07-13 09:51:55,633 - app.services.wazuh_api - INFO - Fetched 2 alerts from Indexer
2026-07-13 09:51:55,675 - app.services.wazuh_api - INFO - Fetched 2 alerts from Indexer
2026-07-13 09:51:55,735 - app.services.wazuh_api - INFO - Found 2 agents
2026-07-13 09:51:56,626 - app.services.wazuh_api - INFO - Fetched 2 alerts from Indexer
2026-07-13 09:51:56,667 - app.services.wazuh_api - INFO - Fetched 2 alerts from Indexer
2026-07-13 09:51:56,723 - app.services.wazuh_api - INFO - Found 2 agents
2026-07-13 09:51:57,610 - app.services.wazuh_api - INFO - Fetched 2 alerts from Indexer
2026-07-13 09:51:57,657 - app.services.wazuh_api - INFO - Fetched 2 alerts from Indexer
2026-07-13 09:51:59,532 - app.services.wazuh_api - INFO - Fetched 2 alerts from Indexer
2026-07-13 09:51:59,593 - app.services.wazuh_api - INFO - Found 2 agents
2026-07-13 09:51:59,641 - app.services.wazuh_api - INFO - Fetched 2 alerts from Indexer
2026-07-13 09:51:59,682 - app.services.wazuh_api - INFO - Fetched 2 alerts from Indexer
2026-07-13 09:51:59,720 - app.services.wazuh_api - INFO - Fetched 2 alerts from Indexer
2026-07-13 09:51:59,773 - app.services.wazuh_api - INFO - Found 2 agents
2026-07-13 09:51:59,826 - app.services.wazuh_api - INFO - Fetched 2 alerts from Indexer
2026-07-13 09:51:59,902 - app.services.wazuh_api - INFO - Found 2 agents
2026-07-13 09:52:00,626 - app.services.wazuh_api - INFO - Fetched 2 alerts from Indexer
2026-07-13 09:52:00,686 - app.services.wazuh_api - INFO - Fetched 2 alerts from Indexer
2026-07-13 09:52:00,764 - app.services.wazuh_api - INFO - Found 2 agents
2026-07-13 09:52:01,628 - app.services.wazuh_api - INFO - Fetched 2 alerts from Indexer
2026-07-13 09:52:01,682 - app.services.wazuh_api - INFO - Fetched 2 alerts from Indexer
2026-07-13 09:52:01,759 - app.services.wazuh_api - INFO - Found 2 agents
2026-07-13 09:52:02,630 - app.services.wazuh_api - INFO - Fetched 2 alerts from Indexer
2026-07-13 09:52:02,672 - app.services.wazuh_api - INFO - Fetched 2 alerts from Indexer
2026-07-13 09:52:02,745 - app.services.wazuh_api - INFO - Found 2 agents
2026-07-13 09:52:03,636 - app.services.wazuh_api - INFO - Fetched 2 alerts from Indexer
2026-07-13 09:52:03,695 - app.services.wazuh_api - INFO - Fetched 2 alerts from Indexer
2026-07-13 09:52:03,755 - app.services.wazuh_api - INFO - Found 2 agents
2026-07-13 09:52:04,617 - app.services.wazuh_api - INFO - Fetched 2 alerts from Indexer
2026-07-13 09:52:04,660 - app.services.wazuh_api - INFO - Fetched 2 alerts from Indexer
2026-07-13 09:52:04,720 - app.services.wazuh_api - INFO - Found 2 agents
2026-07-13 09:52:05,636 - app.services.wazuh_api - INFO - Fetched 2 alerts from Indexer
2026-07-13 09:52:05,682 - app.services.wazuh_api - INFO - Fetched 2 alerts from Indexer
2026-07-13 09:52:05,736 - app.services.wazuh_api - INFO - Found 2 agents
2026-07-13 09:52:06,638 - app.services.wazuh_api - INFO - Fetched 2 alerts from Indexer
2026-07-13 09:52:06,694 - app.services.wazuh_api - INFO - Fetched 2 alerts from Indexer
2026-07-13 09:52:06,766 - app.services.wazuh_api - INFO - Found 2 agents
2026-07-13 09:52:07,623 - app.services.wazuh_api - INFO - Fetched 2 alerts from Indexer
2026-07-13 09:52:07,689 - app.services.wazuh_api - INFO - Fetched 2 alerts from Indexer
2026-07-13 09:52:08,905 - app.services.wazuh_api - INFO - Fetched 2 alerts from Indexer
2026-07-13 09:52:08,984 - app.services.wazuh_api - INFO - Found 2 agents
2026-07-13 09:52:09,027 - app.services.wazuh_api - INFO - Fetched 2 alerts from Indexer
2026-07-13 09:52:09,067 - app.services.wazuh_api - INFO - Fetched 2 alerts from Indexer
2026-07-13 09:52:09,141 - app.services.wazuh_api - INFO - Found 2 agents
2026-07-13 09:52:09,624 - app.services.wazuh_api - INFO - Fetched 2 alerts from Indexer
2026-07-13 09:52:09,683 - app.services.wazuh_api - INFO - Fetched 2 alerts from Indexer
2026-07-13 09:52:09,764 - app.services.wazuh_api - INFO - Found 2 agents
2026-07-13 09:52:10,626 - app.services.wazuh_api - INFO - Fetched 2 alerts from Indexer
2026-07-13 09:52:10,682 - app.services.wazuh_api - INFO - Fetched 2 alerts from Indexer
2026-07-13 09:52:10,766 - app.services.wazuh_api - INFO - Found 2 agents
2026-07-13 09:52:11,608 - app.services.wazuh_api - INFO - Fetched 2 alerts from Indexer
2026-07-13 09:52:11,651 - app.services.wazuh_api - INFO - Fetched 2 alerts from Indexer
2026-07-13 09:52:11,727 - app.services.wazuh_api - INFO - Found 2 agents
2026-07-13 09:52:12,603 - app.services.wazuh_api - INFO - Fetched 2 alerts from Indexer
2026-07-13 09:52:12,665 - app.services.wazuh_api - INFO - Fetched 2 alerts from Indexer
2026-07-13 09:52:12,741 - app.services.wazuh_api - INFO - Found 2 agents
2026-07-13 09:52:13,629 - app.services.wazuh_api - INFO - Fetched 2 alerts from Indexer
2026-07-13 09:52:13,692 - app.services.wazuh_api - INFO - Fetched 2 alerts from Indexer
2026-07-13 09:52:13,767 - app.services.wazuh_api - INFO - Found 2 agents
2026-07-13 09:52:14,628 - app.services.wazuh_api - INFO - Fetched 2 alerts from Indexer
2026-07-13 09:52:14,685 - app.services.wazuh_api - INFO - Fetched 2 alerts from Indexer
2026-07-13 09:52:14,766 - app.services.wazuh_api - INFO - Found 2 agents
2026-07-13 09:52:18,612 - app.services.wazuh_api - INFO - Fetched 2 alerts from Indexer
2026-07-13 09:52:18,695 - app.services.wazuh_api - INFO - Found 2 agents
2026-07-13 09:52:18,755 - app.services.wazuh_api - INFO - Fetched 2 alerts from Indexer
2026-07-13 09:52:20,009 - app.services.wazuh_api - INFO - Fetched 2 alerts from Indexer
2026-07-13 09:52:20,064 - app.services.wazuh_api - INFO - Fetched 2 alerts from Indexer
2026-07-13 09:52:20,126 - app.services.wazuh_api - INFO - Fetched 2 alerts from Indexer
2026-07-13 09:52:20,208 - app.services.wazuh_api - INFO - Found 2 agents
2026-07-13 09:52:20,361 - app.services.wazuh_api - INFO - Fetched 2 alerts from Indexer
2026-07-13 09:52:20,420 - app.services.wazuh_api - INFO - Fetched 2 alerts from Indexer
2026-07-13 09:52:20,477 - app.services.wazuh_api - INFO - Found 2 agents
2026-07-13 09:52:21,369 - app.services.wazuh_api - INFO - Fetched 2 alerts from Indexer
2026-07-13 09:52:21,429 - app.services.wazuh_api - INFO - Fetched 2 alerts from Indexer
2026-07-13 09:52:21,505 - app.services.wazuh_api - INFO - Found 2 agents
2026-07-13 09:52:21,848 - app.services.wazuh_api - INFO - Fetched 2 alerts from Indexer
2026-07-13 09:52:21,904 - app.services.wazuh_api - INFO - Found 2 agents
2026-07-13 09:52:21,959 - app.services.wazuh_api - INFO - Fetched 2 alerts from Indexer
2026-07-13 09:52:23,108 - app.main - INFO - Client connected
2026-07-13 09:52:23,153 - app.services.wazuh_api - INFO - Fetched 2 alerts from Indexer
2026-07-13 09:52:23,229 - app.services.wazuh_api - INFO - Found 2 agents
2026-07-13 09:52:23,277 - app.services.wazuh_api - INFO - Fetched 2 alerts from Indexer
2026-07-13 09:52:23,333 - app.services.wazuh_api - INFO - Fetched 2 alerts from Indexer
2026-07-13 09:52:23,862 - app.services.wazuh_api - INFO - Fetched 2 alerts from Indexer
2026-07-13 09:52:23,922 - app.services.wazuh_api - INFO - Fetched 2 alerts from Indexer
2026-07-13 09:52:24,002 - app.services.wazuh_api - INFO - Found 2 agents
2026-07-13 09:52:24,860 - app.services.wazuh_api - INFO - Fetched 2 alerts from Indexer
2026-07-13 09:52:24,920 - app.services.wazuh_api - INFO - Fetched 2 alerts from Indexer
2026-07-13 09:52:24,997 - app.services.wazuh_api - INFO - Found 2 agents
2026-07-13 09:52:25,851 - app.services.wazuh_api - INFO - Fetched 2 alerts from Indexer
2026-07-13 09:52:25,914 - app.services.wazuh_api - INFO - Fetched 2 alerts from Indexer
2026-07-13 09:52:25,996 - app.services.wazuh_api - INFO - Found 2 agents
2026-07-13 09:52:26,069 - app.services.wazuh_api - INFO - Fetched 2 alerts from Indexer
2026-07-13 09:52:26,150 - app.services.wazuh_api - INFO - Found 2 agents
2026-07-13 09:52:26,209 - app.services.wazuh_api - INFO - Fetched 2 alerts from Indexer
2026-07-13 09:52:27,438 - app.main - INFO - Client connected
2026-07-13 09:52:27,502 - app.services.wazuh_api - INFO - Fetched 2 alerts from Indexer
2026-07-13 09:52:27,599 - app.services.wazuh_api - INFO - Found 2 agents
2026-07-13 09:52:27,653 - app.services.wazuh_api - INFO - Fetched 2 alerts from Indexer
2026-07-13 09:52:27,717 - app.services.wazuh_api - INFO - Fetched 2 alerts from Indexer
2026-07-13 09:52:28,622 - app.services.wazuh_api - INFO - Fetched 2 alerts from Indexer
2026-07-13 09:52:28,682 - app.services.wazuh_api - INFO - Fetched 2 alerts from Indexer
2026-07-13 09:52:28,751 - app.services.wazuh_api - INFO - Found 2 agents
2026-07-13 09:52:29,619 - app.services.wazuh_api - INFO - Fetched 2 alerts from Indexer
2026-07-13 09:52:29,659 - app.services.wazuh_api - INFO - Fetched 2 alerts from Indexer
2026-07-13 09:52:29,727 - app.services.wazuh_api - INFO - Found 2 agents
2026-07-13 09:52:30,621 - app.services.wazuh_api - INFO - Fetched 2 alerts from Indexer
2026-07-13 09:52:30,682 - app.services.wazuh_api - INFO - Fetched 2 alerts from Indexer
2026-07-13 09:52:30,745 - app.services.wazuh_api - INFO - Found 2 agents
2026-07-13 09:52:31,621 - app.services.wazuh_api - INFO - Fetched 2 alerts from Indexer
2026-07-13 09:52:31,684 - app.services.wazuh_api - INFO - Fetched 2 alerts from Indexer
2026-07-13 09:52:31,765 - app.services.wazuh_api - INFO - Found 2 agents
2026-07-13 09:52:32,621 - app.services.wazuh_api - INFO - Fetched 2 alerts from Indexer
2026-07-13 09:52:32,666 - app.services.wazuh_api - INFO - Fetched 2 alerts from Indexer
2026-07-13 09:52:32,749 - app.services.wazuh_api - INFO - Found 2 agents
2026-07-13 09:52:33,617 - app.services.wazuh_api - INFO - Fetched 2 alerts from Indexer
2026-07-13 09:52:33,675 - app.services.wazuh_api - INFO - Fetched 2 alerts from Indexer
2026-07-13 09:52:33,740 - app.services.wazuh_api - INFO - Found 2 agents
2026-07-13 09:52:34,615 - app.services.wazuh_api - INFO - Fetched 2 alerts from Indexer
2026-07-13 09:52:34,676 - app.services.wazuh_api - INFO - Fetched 2 alerts from Indexer
2026-07-13 09:52:34,755 - app.services.wazuh_api - INFO - Found 2 agents
2026-07-13 09:52:35,613 - app.services.wazuh_api - INFO - Fetched 2 alerts from Indexer
2026-07-13 09:52:35,671 - app.services.wazuh_api - INFO - Fetched 2 alerts from Indexer
2026-07-13 09:52:35,748 - app.services.wazuh_api - INFO - Found 2 agents
2026-07-13 09:52:36,605 - app.services.wazuh_api - INFO - Fetched 2 alerts from Indexer
2026-07-13 09:52:36,662 - app.services.wazuh_api - INFO - Fetched 2 alerts from Indexer
2026-07-13 09:52:37,964 - app.services.wazuh_api - INFO - Fetched 2 alerts from Indexer
2026-07-13 09:52:38,043 - app.services.wazuh_api - INFO - Found 2 agents
2026-07-13 09:52:38,097 - app.services.wazuh_api - INFO - Fetched 2 alerts from Indexer
2026-07-13 09:52:38,168 - app.services.wazuh_api - INFO - Fetched 2 alerts from Indexer
2026-07-13 09:52:38,230 - app.services.wazuh_api - INFO - Found 2 agents
2026-07-13 09:52:38,629 - app.services.wazuh_api - INFO - Fetched 2 alerts from Indexer
2026-07-13 09:52:38,673 - app.services.wazuh_api - INFO - Fetched 2 alerts from Indexer
2026-07-13 09:52:38,736 - app.services.wazuh_api - INFO - Found 2 agents
2026-07-13 09:52:39,624 - app.services.wazuh_api - INFO - Fetched 2 alerts from Indexer
2026-07-13 09:52:39,685 - app.services.wazuh_api - INFO - Fetched 2 alerts from Indexer
2026-07-13 09:52:39,760 - app.services.wazuh_api - INFO - Found 2 agents
2026-07-13 09:52:40,625 - app.services.wazuh_api - INFO - Fetched 2 alerts from Indexer
2026-07-13 09:52:40,682 - app.services.wazuh_api - INFO - Fetched 2 alerts from Indexer
2026-07-13 09:52:40,755 - app.services.wazuh_api - INFO - Found 2 agents
2026-07-13 09:52:41,622 - app.services.wazuh_api - INFO - Fetched 2 alerts from Indexer
2026-07-13 09:52:41,680 - app.services.wazuh_api - INFO - Fetched 2 alerts from Indexer
2026-07-13 09:52:41,760 - app.services.wazuh_api - INFO - Found 2 agents
2026-07-13 09:52:42,631 - app.services.wazuh_api - INFO - Fetched 2 alerts from Indexer
2026-07-13 09:52:42,670 - app.services.wazuh_api - INFO - Fetched 2 alerts from Indexer
2026-07-13 09:52:42,749 - app.services.wazuh_api - INFO - Found 2 agents
2026-07-13 09:52:43,620 - app.services.wazuh_api - INFO - Fetched 2 alerts from Indexer
2026-07-13 09:52:43,677 - app.services.wazuh_api - INFO - Fetched 2 alerts from Indexer
2026-07-13 09:52:43,742 - app.services.wazuh_api - INFO - Found 2 agents
2026-07-13 09:52:44,607 - app.services.wazuh_api - INFO - Fetched 2 alerts from Indexer
2026-07-13 09:52:44,665 - app.services.wazuh_api - INFO - Fetched 2 alerts from Indexer
2026-07-13 09:52:44,742 - app.services.wazuh_api - INFO - Found 2 agents
2026-07-13 09:52:45,616 - app.services.wazuh_api - INFO - Fetched 2 alerts from Indexer
2026-07-13 09:52:45,675 - app.services.wazuh_api - INFO - Fetched 2 alerts from Indexer
2026-07-13 09:52:45,738 - app.services.wazuh_api - INFO - Found 2 agents
2026-07-13 09:52:46,628 - app.services.wazuh_api - INFO - Fetched 2 alerts from Indexer
2026-07-13 09:52:46,684 - app.services.wazuh_api - INFO - Fetched 2 alerts from Indexer
2026-07-13 09:52:47,874 - app.services.wazuh_api - INFO - Fetched 2 alerts from Indexer
2026-07-13 09:52:47,953 - app.services.wazuh_api - INFO - Found 2 agents
2026-07-13 09:52:48,007 - app.services.wazuh_api - INFO - Fetched 2 alerts from Indexer
2026-07-13 09:52:48,068 - app.services.wazuh_api - INFO - Fetched 2 alerts from Indexer
2026-07-13 09:52:48,132 - app.services.wazuh_api - INFO - Found 2 agents
2026-07-13 09:52:48,615 - app.services.wazuh_api - INFO - Fetched 2 alerts from Indexer
2026-07-13 09:52:48,660 - app.services.wazuh_api - INFO - Fetched 2 alerts from Indexer
2026-07-13 09:52:48,742 - app.services.wazuh_api - INFO - Found 2 agents
2026-07-13 09:52:49,631 - app.services.wazuh_api - INFO - Fetched 2 alerts from Indexer
2026-07-13 09:52:49,690 - app.services.wazuh_api - INFO - Fetched 2 alerts from Indexer
2026-07-13 09:52:49,756 - app.services.wazuh_api - INFO - Found 2 agents
2026-07-13 09:52:50,619 - app.services.wazuh_api - INFO - Fetched 2 alerts from Indexer
2026-07-13 09:52:50,677 - app.services.wazuh_api - INFO - Fetched 2 alerts from Indexer
2026-07-13 09:52:50,764 - app.services.wazuh_api - INFO - Found 2 agents
2026-07-13 09:52:51,629 - app.services.wazuh_api - INFO - Fetched 2 alerts from Indexer
2026-07-13 09:52:51,690 - app.services.wazuh_api - INFO - Fetched 2 alerts from Indexer
2026-07-13 09:52:51,767 - app.services.wazuh_api - INFO - Found 2 agents
2026-07-13 09:52:52,617 - app.services.wazuh_api - INFO - Fetched 2 alerts from Indexer
2026-07-13 09:52:52,660 - app.services.wazuh_api - INFO - Fetched 2 alerts from Indexer
2026-07-13 09:52:52,736 - app.services.wazuh_api - INFO - Found 2 agents
2026-07-13 09:52:53,635 - app.services.wazuh_api - INFO - Fetched 2 alerts from Indexer
2026-07-13 09:52:53,688 - app.services.wazuh_api - INFO - Fetched 2 alerts from Indexer
2026-07-13 09:52:53,765 - app.services.wazuh_api - INFO - Found 2 agents
2026-07-13 09:52:54,626 - app.services.wazuh_api - INFO - Fetched 2 alerts from Indexer
2026-07-13 09:52:54,686 - app.services.wazuh_api - INFO - Fetched 2 alerts from Indexer
2026-07-13 09:52:54,749 - app.services.wazuh_api - INFO - Found 2 agents
2026-07-13 09:52:55,617 - app.services.wazuh_api - INFO - Fetched 2 alerts from Indexer
2026-07-13 09:52:55,679 - app.services.wazuh_api - INFO - Fetched 2 alerts from Indexer
2026-07-13 09:52:55,734 - app.services.wazuh_api - INFO - Found 2 agents
2026-07-13 09:52:56,632 - app.services.wazuh_api - INFO - Fetched 2 alerts from Indexer
2026-07-13 09:52:56,692 - app.services.wazuh_api - INFO - Fetched 2 alerts from Indexer
2026-07-13 09:52:57,877 - app.services.wazuh_api - INFO - Fetched 2 alerts from Indexer
2026-07-13 09:52:57,932 - app.services.wazuh_api - INFO - Found 2 agents
2026-07-13 09:52:57,977 - app.services.wazuh_api - INFO - Fetched 2 alerts from Indexer
2026-07-13 09:52:58,034 - app.services.wazuh_api - INFO - Fetched 2 alerts from Indexer
2026-07-13 09:52:58,114 - app.services.wazuh_api - INFO - Found 2 agents
2026-07-13 09:52:58,627 - app.services.wazuh_api - INFO - Fetched 2 alerts from Indexer
2026-07-13 09:52:58,691 - app.services.wazuh_api - INFO - Fetched 2 alerts from Indexer
2026-07-13 09:52:58,748 - app.services.wazuh_api - INFO - Found 2 agents
2026-07-13 09:52:59,625 - app.services.wazuh_api - INFO - Fetched 2 alerts from Indexer
2026-07-13 09:52:59,690 - app.services.wazuh_api - INFO - Fetched 2 alerts from Indexer
2026-07-13 09:52:59,765 - app.services.wazuh_api - INFO - Found 2 agents
2026-07-13 09:53:00,637 - app.services.wazuh_api - INFO - Fetched 2 alerts from Indexer
2026-07-13 09:53:00,698 - app.services.wazuh_api - INFO - Fetched 2 alerts from Indexer
2026-07-13 09:53:00,774 - app.services.wazuh_api - INFO - Found 2 agents
2026-07-13 09:53:01,631 - app.services.wazuh_api - INFO - Fetched 2 alerts from Indexer
2026-07-13 09:53:01,697 - app.services.wazuh_api - INFO - Fetched 2 alerts from Indexer
2026-07-13 09:53:01,777 - app.services.wazuh_api - INFO - Found 2 agents
2026-07-13 09:53:02,956 - app.services.wazuh_api - INFO - Fetched 2 alerts from Indexer
2026-07-13 09:53:03,025 - app.services.wazuh_api - INFO - Fetched 2 alerts from Indexer
2026-07-13 09:53:03,126 - app.services.wazuh_api - INFO - Found 2 agents
2026-07-13 09:53:03,611 - app.services.wazuh_api - INFO - Fetched 2 alerts from Indexer
2026-07-13 09:53:03,659 - app.services.wazuh_api - INFO - Fetched 2 alerts from Indexer
2026-07-13 09:53:03,732 - app.services.wazuh_api - INFO - Found 2 agents
2026-07-13 09:53:04,618 - app.services.wazuh_api - INFO - Fetched 2 alerts from Indexer
2026-07-13 09:53:04,663 - app.services.wazuh_api - INFO - Fetched 2 alerts from Indexer
2026-07-13 09:53:04,727 - app.services.wazuh_api - INFO - Found 2 agents
2026-07-13 09:53:05,069 - app.services.wazuh_api - INFO - Fetched 2 alerts from Indexer
2026-07-13 09:53:05,125 - app.services.wazuh_api - INFO - Fetched 2 alerts from Indexer
2026-07-13 09:53:05,213 - app.services.wazuh_api - INFO - Found 2 agents
2026-07-13 09:53:06,082 - app.services.wazuh_api - INFO - Fetched 2 alerts from Indexer
2026-07-13 09:53:06,142 - app.services.wazuh_api - INFO - Fetched 2 alerts from Indexer
2026-07-13 09:53:07,491 - app.services.wazuh_api - INFO - Fetched 2 alerts from Indexer
2026-07-13 09:53:07,571 - app.services.wazuh_api - INFO - Found 2 agents
2026-07-13 09:53:07,626 - app.services.wazuh_api - INFO - Fetched 2 alerts from Indexer
2026-07-13 09:53:07,687 - app.services.wazuh_api - INFO - Fetched 2 alerts from Indexer
2026-07-13 09:53:07,751 - app.services.wazuh_api - INFO - Found 2 agents
2026-07-13 09:53:08,076 - app.services.wazuh_api - INFO - Fetched 2 alerts from Indexer
2026-07-13 09:53:08,132 - app.services.wazuh_api - INFO - Fetched 2 alerts from Indexer
2026-07-13 09:53:08,214 - app.services.wazuh_api - INFO - Found 2 agents
2026-07-13 09:53:09,075 - app.services.wazuh_api - INFO - Fetched 2 alerts from Indexer
2026-07-13 09:53:09,154 - app.services.wazuh_api - INFO - Fetched 2 alerts from Indexer
2026-07-13 09:53:09,228 - app.services.wazuh_api - INFO - Found 2 agents
2026-07-13 09:53:10,626 - app.services.wazuh_api - INFO - Fetched 2 alerts from Indexer
2026-07-13 09:53:10,668 - app.services.wazuh_api - INFO - Fetched 2 alerts from Indexer
2026-07-13 09:53:10,741 - app.services.wazuh_api - INFO - Found 2 agents
2026-07-13 09:53:11,640 - app.services.wazuh_api - INFO - Fetched 2 alerts from Indexer
2026-07-13 09:53:11,693 - app.services.wazuh_api - INFO - Fetched 2 alerts from Indexer
2026-07-13 09:53:11,779 - app.services.wazuh_api - INFO - Found 2 agents
2026-07-13 09:53:12,634 - app.services.wazuh_api - INFO - Fetched 2 alerts from Indexer
2026-07-13 09:53:12,695 - app.services.wazuh_api - INFO - Fetched 2 alerts from Indexer
2026-07-13 09:53:12,754 - app.services.wazuh_api - INFO - Found 2 agents
2026-07-13 09:53:13,618 - app.services.wazuh_api - INFO - Fetched 2 alerts from Indexer
2026-07-13 09:53:13,665 - app.services.wazuh_api - INFO - Fetched 2 alerts from Indexer
2026-07-13 09:53:13,737 - app.services.wazuh_api - INFO - Found 2 agents
2026-07-13 09:53:14,625 - app.services.wazuh_api - INFO - Fetched 2 alerts from Indexer
2026-07-13 09:53:14,687 - app.services.wazuh_api - INFO - Fetched 2 alerts from Indexer
2026-07-13 09:53:14,767 - app.services.wazuh_api - INFO - Found 2 agents
2026-07-13 09:53:15,625 - app.services.wazuh_api - INFO - Fetched 2 alerts from Indexer
2026-07-13 09:53:15,683 - app.services.wazuh_api - INFO - Fetched 2 alerts from Indexer
2026-07-13 09:53:15,756 - app.services.wazuh_api - INFO - Found 2 agents
2026-07-13 09:53:16,634 - app.services.wazuh_api - INFO - Fetched 2 alerts from Indexer
2026-07-13 09:53:16,693 - app.services.wazuh_api - INFO - Fetched 2 alerts from Indexer
2026-07-13 09:53:17,862 - app.services.wazuh_api - INFO - Fetched 2 alerts from Indexer
2026-07-13 09:53:17,950 - app.services.wazuh_api - INFO - Found 2 agents
2026-07-13 09:53:17,992 - app.services.wazuh_api - INFO - Fetched 2 alerts from Indexer
2026-07-13 09:53:18,043 - app.services.wazuh_api - INFO - Fetched 2 alerts from Indexer
2026-07-13 09:53:18,116 - app.services.wazuh_api - INFO - Found 2 agents
2026-07-13 09:53:18,633 - app.services.wazuh_api - INFO - Fetched 2 alerts from Indexer
2026-07-13 09:53:18,694 - app.services.wazuh_api - INFO - Fetched 2 alerts from Indexer
2026-07-13 09:53:18,771 - app.services.wazuh_api - INFO - Found 2 agents
2026-07-13 09:53:19,636 - app.services.wazuh_api - INFO - Fetched 2 alerts from Indexer
2026-07-13 09:53:19,692 - app.services.wazuh_api - INFO - Fetched 2 alerts from Indexer
2026-07-13 09:53:19,762 - app.services.wazuh_api - INFO - Found 2 agents
2026-07-13 09:53:20,634 - app.services.wazuh_api - INFO - Fetched 2 alerts from Indexer
2026-07-13 09:53:20,691 - app.services.wazuh_api - INFO - Fetched 2 alerts from Indexer
2026-07-13 09:53:20,771 - app.services.wazuh_api - INFO - Found 2 agents
2026-07-13 09:53:21,608 - app.services.wazuh_api - INFO - Fetched 2 alerts from Indexer
2026-07-13 09:53:21,668 - app.services.wazuh_api - INFO - Fetched 2 alerts from Indexer
2026-07-13 09:53:21,738 - app.services.wazuh_api - INFO - Found 2 agents
2026-07-13 09:53:22,634 - app.services.wazuh_api - INFO - Fetched 2 alerts from Indexer
2026-07-13 09:53:22,682 - app.services.wazuh_api - INFO - Fetched 2 alerts from Indexer
2026-07-13 09:53:22,756 - app.services.wazuh_api - INFO - Found 2 agents
2026-07-13 09:53:23,080 - app.services.wazuh_api - INFO - Fetched 2 alerts from Indexer
2026-07-13 09:53:23,124 - app.services.wazuh_api - INFO - Fetched 2 alerts from Indexer
2026-07-13 09:53:23,196 - app.services.wazuh_api - INFO - Found 2 agents
2026-07-13 09:53:24,069 - app.services.wazuh_api - INFO - Fetched 2 alerts from Indexer
2026-07-13 09:53:24,109 - app.services.wazuh_api - INFO - Fetched 2 alerts from Indexer
2026-07-13 09:53:24,178 - app.services.wazuh_api - INFO - Found 2 agents
2026-07-13 09:53:25,054 - app.services.wazuh_api - INFO - Fetched 2 alerts from Indexer
2026-07-13 09:53:25,116 - app.services.wazuh_api - INFO - Fetched 2 alerts from Indexer
2026-07-13 09:53:25,194 - app.services.wazuh_api - INFO - Found 2 agents
2026-07-13 09:53:26,073 - app.services.wazuh_api - INFO - Fetched 2 alerts from Indexer
2026-07-13 09:53:26,131 - app.services.wazuh_api - INFO - Fetched 2 alerts from Indexer
2026-07-13 09:53:27,435 - app.services.wazuh_api - INFO - Fetched 2 alerts from Indexer
2026-07-13 09:53:27,489 - app.services.wazuh_api - INFO - Found 2 agents
2026-07-13 09:53:27,644 - app.services.wazuh_api - INFO - Fetched 2 alerts from Indexer
2026-07-13 09:53:27,707 - app.services.wazuh_api - INFO - Fetched 2 alerts from Indexer
2026-07-13 09:53:27,786 - app.services.wazuh_api - INFO - Found 2 agents
2026-07-13 09:53:28,634 - app.services.wazuh_api - INFO - Fetched 2 alerts from Indexer
2026-07-13 09:53:28,678 - app.services.wazuh_api - INFO - Fetched 2 alerts from Indexer
2026-07-13 09:53:28,737 - app.services.wazuh_api - INFO - Found 2 agents
2026-07-13 09:53:29,625 - app.services.wazuh_api - INFO - Fetched 2 alerts from Indexer
2026-07-13 09:53:29,685 - app.services.wazuh_api - INFO - Fetched 2 alerts from Indexer
2026-07-13 09:53:29,753 - app.services.wazuh_api - INFO - Found 2 agents
2026-07-13 09:53:30,631 - app.services.wazuh_api - INFO - Fetched 2 alerts from Indexer
2026-07-13 09:53:30,688 - app.services.wazuh_api - INFO - Fetched 2 alerts from Indexer
2026-07-13 09:53:30,768 - app.services.wazuh_api - INFO - Found 2 agents
2026-07-13 09:53:31,612 - app.services.wazuh_api - INFO - Fetched 2 alerts from Indexer
2026-07-13 09:53:31,655 - app.services.wazuh_api - INFO - Fetched 2 alerts from Indexer
2026-07-13 09:53:31,725 - app.services.wazuh_api - INFO - Found 2 agents
2026-07-13 09:53:32,628 - app.services.wazuh_api - INFO - Fetched 2 alerts from Indexer
2026-07-13 09:53:32,708 - app.services.wazuh_api - INFO - Fetched 2 alerts from Indexer
2026-07-13 09:53:32,790 - app.services.wazuh_api - INFO - Found 2 agents
2026-07-13 09:53:33,622 - app.services.wazuh_api - INFO - Fetched 2 alerts from Indexer
2026-07-13 09:53:33,665 - app.services.wazuh_api - INFO - Fetched 2 alerts from Indexer
2026-07-13 09:53:33,736 - app.services.wazuh_api - INFO - Found 2 agents
2026-07-13 09:53:34,632 - app.services.wazuh_api - INFO - Fetched 2 alerts from Indexer
2026-07-13 09:53:34,673 - app.services.wazuh_api - INFO - Fetched 2 alerts from Indexer
2026-07-13 09:53:34,745 - app.services.wazuh_api - INFO - Found 2 agents
2026-07-13 09:53:35,610 - app.services.wazuh_api - INFO - Fetched 2 alerts from Indexer
2026-07-13 09:53:35,664 - app.services.wazuh_api - INFO - Fetched 2 alerts from Indexer
2026-07-13 09:53:35,723 - app.services.wazuh_api - INFO - Found 2 agents
2026-07-13 09:53:36,621 - app.services.wazuh_api - INFO - Fetched 2 alerts from Indexer
2026-07-13 09:53:36,680 - app.services.wazuh_api - INFO - Fetched 2 alerts from Indexer
2026-07-13 09:53:37,920 - app.services.wazuh_api - INFO - Fetched 2 alerts from Indexer
2026-07-13 09:53:38,002 - app.services.wazuh_api - INFO - Found 2 agents
2026-07-13 09:53:38,059 - app.services.wazuh_api - INFO - Fetched 2 alerts from Indexer
2026-07-13 09:53:38,121 - app.services.wazuh_api - INFO - Fetched 2 alerts from Indexer
2026-07-13 09:53:38,202 - app.services.wazuh_api - INFO - Found 2 agents
2026-07-13 09:53:38,626 - app.services.wazuh_api - INFO - Fetched 2 alerts from Indexer
2026-07-13 09:53:38,668 - app.services.wazuh_api - INFO - Fetched 2 alerts from Indexer
2026-07-13 09:53:38,750 - app.services.wazuh_api - INFO - Found 2 agents
2026-07-13 09:53:39,609 - app.services.wazuh_api - INFO - Fetched 2 alerts from Indexer
2026-07-13 09:53:39,652 - app.services.wazuh_api - INFO - Fetched 2 alerts from Indexer
2026-07-13 09:53:39,726 - app.services.wazuh_api - INFO - Found 2 agents
2026-07-13 09:53:40,626 - app.services.wazuh_api - INFO - Fetched 2 alerts from Indexer
2026-07-13 09:53:40,685 - app.services.wazuh_api - INFO - Fetched 2 alerts from Indexer
2026-07-13 09:53:40,738 - app.services.wazuh_api - INFO - Found 2 agents
2026-07-13 09:53:41,632 - app.services.wazuh_api - INFO - Fetched 2 alerts from Indexer
2026-07-13 09:53:41,673 - app.services.wazuh_api - INFO - Fetched 2 alerts from Indexer
2026-07-13 09:53:41,751 - app.services.wazuh_api - INFO - Found 2 agents
2026-07-13 09:53:42,630 - app.services.wazuh_api - INFO - Fetched 2 alerts from Indexer
2026-07-13 09:53:42,689 - app.services.wazuh_api - INFO - Fetched 2 alerts from Indexer
2026-07-13 09:53:42,762 - app.services.wazuh_api - INFO - Found 2 agents
2026-07-13 09:53:43,629 - app.services.wazuh_api - INFO - Fetched 2 alerts from Indexer
2026-07-13 09:53:43,684 - app.services.wazuh_api - INFO - Fetched 2 alerts from Indexer
2026-07-13 09:53:43,743 - app.services.wazuh_api - INFO - Found 2 agents
2026-07-13 09:53:44,637 - app.services.wazuh_api - INFO - Fetched 2 alerts from Indexer
2026-07-13 09:53:44,679 - app.services.wazuh_api - INFO - Fetched 2 alerts from Indexer
2026-07-13 09:53:44,759 - app.services.wazuh_api - INFO - Found 2 agents
2026-07-13 09:53:45,620 - app.services.wazuh_api - INFO - Fetched 2 alerts from Indexer
2026-07-13 09:53:45,680 - app.services.wazuh_api - INFO - Fetched 2 alerts from Indexer
2026-07-13 09:53:45,752 - app.services.wazuh_api - INFO - Found 2 agents
2026-07-13 09:53:46,629 - app.services.wazuh_api - INFO - Fetched 2 alerts from Indexer
2026-07-13 09:53:46,687 - app.services.wazuh_api - INFO - Fetched 2 alerts from Indexer
2026-07-13 09:53:47,895 - app.services.wazuh_api - INFO - Fetched 2 alerts from Indexer
2026-07-13 09:53:47,976 - app.services.wazuh_api - INFO - Found 2 agents
2026-07-13 09:53:48,018 - app.services.wazuh_api - INFO - Fetched 2 alerts from Indexer
2026-07-13 09:53:48,074 - app.services.wazuh_api - INFO - Fetched 2 alerts from Indexer
2026-07-13 09:53:48,156 - app.services.wazuh_api - INFO - Found 2 agents
2026-07-13 09:53:48,615 - app.services.wazuh_api - INFO - Fetched 2 alerts from Indexer
2026-07-13 09:53:48,673 - app.services.wazuh_api - INFO - Fetched 2 alerts from Indexer
2026-07-13 09:53:48,745 - app.services.wazuh_api - INFO - Found 2 agents
2026-07-13 09:53:49,626 - app.services.wazuh_api - INFO - Fetched 2 alerts from Indexer
2026-07-13 09:53:49,670 - app.services.wazuh_api - INFO - Fetched 2 alerts from Indexer
2026-07-13 09:53:49,749 - app.services.wazuh_api - INFO - Found 2 agents
2026-07-13 09:53:50,076 - app.services.wazuh_api - INFO - Fetched 2 alerts from Indexer
2026-07-13 09:53:50,139 - app.services.wazuh_api - INFO - Fetched 2 alerts from Indexer
2026-07-13 09:53:50,200 - app.services.wazuh_api - INFO - Found 2 agents
2026-07-13 09:53:51,073 - app.services.wazuh_api - INFO - Fetched 2 alerts from Indexer
2026-07-13 09:53:51,122 - app.services.wazuh_api - INFO - Fetched 2 alerts from Indexer
2026-07-13 09:53:51,204 - app.services.wazuh_api - INFO - Found 2 agents
2026-07-13 09:53:52,608 - app.services.wazuh_api - INFO - Fetched 2 alerts from Indexer
2026-07-13 09:53:52,669 - app.services.wazuh_api - INFO - Fetched 2 alerts from Indexer
2026-07-13 09:53:52,741 - app.services.wazuh_api - INFO - Found 2 agents
2026-07-13 09:53:53,636 - app.services.wazuh_api - INFO - Fetched 2 alerts from Indexer
2026-07-13 09:53:53,698 - app.services.wazuh_api - INFO - Fetched 2 alerts from Indexer
2026-07-13 09:53:53,770 - app.services.wazuh_api - INFO - Found 2 agents
2026-07-13 09:53:54,642 - app.services.wazuh_api - INFO - Fetched 2 alerts from Indexer
2026-07-13 09:53:54,716 - app.services.wazuh_api - INFO - Fetched 2 alerts from Indexer
2026-07-13 09:53:54,777 - app.services.wazuh_api - INFO - Found 2 agents
2026-07-13 09:53:55,208 - app.services.wazuh_api - INFO - Fetched 2 alerts from Indexer
2026-07-13 09:53:55,251 - app.services.wazuh_api - INFO - Fetched 2 alerts from Indexer
2026-07-13 09:53:55,336 - app.services.wazuh_api - INFO - Found 2 agents
2026-07-13 09:53:56,061 - app.services.wazuh_api - INFO - Fetched 2 alerts from Indexer
2026-07-13 09:53:56,117 - app.services.wazuh_api - INFO - Fetched 2 alerts from Indexer
2026-07-13 09:53:57,401 - app.services.wazuh_api - INFO - Fetched 2 alerts from Indexer
2026-07-13 09:53:57,472 - app.services.wazuh_api - INFO - Found 2 agents
2026-07-13 09:53:57,523 - app.services.wazuh_api - INFO - Fetched 2 alerts from Indexer
2026-07-13 09:53:57,585 - app.services.wazuh_api - INFO - Fetched 2 alerts from Indexer
2026-07-13 09:53:57,669 - app.services.wazuh_api - INFO - Found 2 agents
2026-07-13 09:53:58,611 - app.services.wazuh_api - INFO - Fetched 2 alerts from Indexer
2026-07-13 09:53:58,666 - app.services.wazuh_api - INFO - Fetched 2 alerts from Indexer
2026-07-13 09:53:58,740 - app.services.wazuh_api - INFO - Found 2 agents
2026-07-13 09:53:59,633 - app.services.wazuh_api - INFO - Fetched 2 alerts from Indexer
2026-07-13 09:53:59,700 - app.services.wazuh_api - INFO - Fetched 2 alerts from Indexer
2026-07-13 09:53:59,770 - app.services.wazuh_api - INFO - Found 2 agents
2026-07-13 09:54:00,625 - app.services.wazuh_api - INFO - Fetched 2 alerts from Indexer
2026-07-13 09:54:00,691 - app.services.wazuh_api - INFO - Fetched 2 alerts from Indexer
2026-07-13 09:54:00,782 - app.services.wazuh_api - INFO - Found 2 agents
2026-07-13 09:54:01,634 - app.services.wazuh_api - INFO - Fetched 2 alerts from Indexer
2026-07-13 09:54:01,699 - app.services.wazuh_api - INFO - Fetched 2 alerts from Indexer
2026-07-13 09:54:01,754 - app.services.wazuh_api - INFO - Found 2 agents
2026-07-13 09:54:02,629 - app.services.wazuh_api - INFO - Fetched 2 alerts from Indexer
2026-07-13 09:54:02,673 - app.services.wazuh_api - INFO - Fetched 2 alerts from Indexer
2026-07-13 09:54:02,759 - app.services.wazuh_api - INFO - Found 2 agents
2026-07-13 09:54:03,622 - app.services.wazuh_api - INFO - Fetched 2 alerts from Indexer
2026-07-13 09:54:03,666 - app.services.wazuh_api - INFO - Fetched 2 alerts from Indexer
2026-07-13 09:54:03,728 - app.services.wazuh_api - INFO - Found 2 agents
2026-07-13 09:54:04,631 - app.services.wazuh_api - INFO - Fetched 2 alerts from Indexer
2026-07-13 09:54:04,689 - app.services.wazuh_api - INFO - Fetched 2 alerts from Indexer
2026-07-13 09:54:04,769 - app.services.wazuh_api - INFO - Found 2 agents
2026-07-13 09:54:05,627 - app.services.wazuh_api - INFO - Fetched 2 alerts from Indexer
2026-07-13 09:54:05,667 - app.services.wazuh_api - INFO - Fetched 2 alerts from Indexer
2026-07-13 09:54:05,747 - app.services.wazuh_api - INFO - Found 2 agents
2026-07-13 09:54:06,608 - app.services.wazuh_api - INFO - Fetched 2 alerts from Indexer
2026-07-13 09:54:06,666 - app.services.wazuh_api - INFO - Fetched 2 alerts from Indexer
2026-07-13 09:54:07,828 - app.services.wazuh_api - INFO - Fetched 2 alerts from Indexer
2026-07-13 09:54:07,896 - app.services.wazuh_api - INFO - Found 2 agents
2026-07-13 09:54:07,957 - app.services.wazuh_api - INFO - Fetched 2 alerts from Indexer
2026-07-13 09:54:07,996 - app.services.wazuh_api - INFO - Fetched 2 alerts from Indexer
2026-07-13 09:54:08,067 - app.services.wazuh_api - INFO - Found 2 agents
2026-07-13 09:54:08,617 - app.services.wazuh_api - INFO - Fetched 2 alerts from Indexer
2026-07-13 09:54:08,674 - app.services.wazuh_api - INFO - Fetched 2 alerts from Indexer
2026-07-13 09:54:08,754 - app.services.wazuh_api - INFO - Found 2 agents
2026-07-13 09:54:09,622 - app.services.wazuh_api - INFO - Fetched 2 alerts from Indexer
2026-07-13 09:54:09,684 - app.services.wazuh_api - INFO - Fetched 2 alerts from Indexer
2026-07-13 09:54:09,759 - app.services.wazuh_api - INFO - Found 2 agents
2026-07-13 09:54:10,619 - app.services.wazuh_api - INFO - Fetched 2 alerts from Indexer
2026-07-13 09:54:10,659 - app.services.wazuh_api - INFO - Fetched 2 alerts from Indexer
2026-07-13 09:54:10,725 - app.services.wazuh_api - INFO - Found 2 agents
2026-07-13 09:54:11,626 - app.services.wazuh_api - INFO - Fetched 2 alerts from Indexer
2026-07-13 09:54:11,668 - app.services.wazuh_api - INFO - Fetched 2 alerts from Indexer
2026-07-13 09:54:11,740 - app.services.wazuh_api - INFO - Found 2 agents
2026-07-13 09:54:12,627 - app.services.wazuh_api - INFO - Fetched 2 alerts from Indexer
2026-07-13 09:54:12,668 - app.services.wazuh_api - INFO - Fetched 2 alerts from Indexer
2026-07-13 09:54:12,733 - app.services.wazuh_api - INFO - Found 2 agents
2026-07-13 09:54:13,607 - app.services.wazuh_api - INFO - Fetched 2 alerts from Indexer
2026-07-13 09:54:13,665 - app.services.wazuh_api - INFO - Fetched 2 alerts from Indexer
2026-07-13 09:54:13,729 - app.services.wazuh_api - INFO - Found 2 agents
2026-07-13 09:54:14,621 - app.services.wazuh_api - INFO - Fetched 2 alerts from Indexer
2026-07-13 09:54:14,684 - app.services.wazuh_api - INFO - Fetched 2 alerts from Indexer
2026-07-13 09:54:14,758 - app.services.wazuh_api - INFO - Found 2 agents
2026-07-13 09:54:15,627 - app.services.wazuh_api - INFO - Fetched 2 alerts from Indexer
2026-07-13 09:54:15,688 - app.services.wazuh_api - INFO - Fetched 2 alerts from Indexer
2026-07-13 09:54:15,750 - app.services.wazuh_api - INFO - Found 2 agents
2026-07-13 09:54:16,620 - app.services.wazuh_api - INFO - Fetched 2 alerts from Indexer
2026-07-13 09:54:16,681 - app.services.wazuh_api - INFO - Fetched 2 alerts from Indexer
2026-07-13 09:54:17,862 - app.services.wazuh_api - INFO - Fetched 2 alerts from Indexer
2026-07-13 09:54:17,918 - app.services.wazuh_api - INFO - Found 2 agents
2026-07-13 09:54:17,971 - app.services.wazuh_api - INFO - Fetched 2 alerts from Indexer
2026-07-13 09:54:18,035 - app.services.wazuh_api - INFO - Fetched 2 alerts from Indexer
2026-07-13 09:54:18,113 - app.services.wazuh_api - INFO - Found 2 agents
2026-07-13 09:54:18,629 - app.services.wazuh_api - INFO - Fetched 2 alerts from Indexer
2026-07-13 09:54:18,689 - app.services.wazuh_api - INFO - Fetched 2 alerts from Indexer
2026-07-13 09:54:18,765 - app.services.wazuh_api - INFO - Found 2 agents
2026-07-13 09:54:19,082 - app.services.wazuh_api - INFO - Fetched 2 alerts from Indexer
2026-07-13 09:54:19,137 - app.services.wazuh_api - INFO - Fetched 2 alerts from Indexer
2026-07-13 09:54:19,195 - app.services.wazuh_api - INFO - Found 2 agents
2026-07-13 09:54:20,069 - app.services.wazuh_api - INFO - Fetched 2 alerts from Indexer
2026-07-13 09:54:20,129 - app.services.wazuh_api - INFO - Fetched 2 alerts from Indexer
2026-07-13 09:54:20,209 - app.services.wazuh_api - INFO - Found 2 agents
2026-07-13 09:54:21,081 - app.services.wazuh_api - INFO - Fetched 2 alerts from Indexer
2026-07-13 09:54:21,140 - app.services.wazuh_api - INFO - Fetched 2 alerts from Indexer
2026-07-13 09:54:21,202 - app.services.wazuh_api - INFO - Found 2 agents
2026-07-13 09:54:22,623 - app.services.wazuh_api - INFO - Fetched 2 alerts from Indexer
2026-07-13 09:54:22,681 - app.services.wazuh_api - INFO - Fetched 2 alerts from Indexer
2026-07-13 09:54:22,756 - app.services.wazuh_api - INFO - Found 2 agents
2026-07-13 09:54:23,630 - app.services.wazuh_api - INFO - Fetched 2 alerts from Indexer
2026-07-13 09:54:23,692 - app.services.wazuh_api - INFO - Fetched 2 alerts from Indexer
2026-07-13 09:54:23,767 - app.services.wazuh_api - INFO - Found 2 agents
2026-07-13 09:54:24,627 - app.services.wazuh_api - INFO - Fetched 2 alerts from Indexer
2026-07-13 09:54:24,670 - app.services.wazuh_api - INFO - Fetched 2 alerts from Indexer
2026-07-13 09:54:24,726 - app.services.wazuh_api - INFO - Found 2 agents
2026-07-13 09:54:25,619 - app.services.wazuh_api - INFO - Fetched 2 alerts from Indexer
2026-07-13 09:54:25,680 - app.services.wazuh_api - INFO - Fetched 2 alerts from Indexer
2026-07-13 09:54:25,756 - app.services.wazuh_api - INFO - Found 2 agents
2026-07-13 09:54:26,625 - app.services.wazuh_api - INFO - Fetched 2 alerts from Indexer
2026-07-13 09:54:26,683 - app.services.wazuh_api - INFO - Fetched 2 alerts from Indexer
2026-07-13 09:54:27,917 - app.services.wazuh_api - INFO - Fetched 2 alerts from Indexer
2026-07-13 09:54:27,985 - app.services.wazuh_api - INFO - Found 2 agents
2026-07-13 09:54:28,032 - app.services.wazuh_api - INFO - Fetched 2 alerts from Indexer
2026-07-13 09:54:28,111 - app.services.wazuh_api - INFO - Fetched 2 alerts from Indexer
2026-07-13 09:54:28,186 - app.services.wazuh_api - INFO - Found 2 agents
2026-07-13 09:54:28,248 - app.services.wazuh_api - INFO - Fetched 2 alerts from Indexer
2026-07-13 09:54:28,309 - app.services.wazuh_api - INFO - Fetched 2 alerts from Indexer
2026-07-13 09:54:28,386 - app.services.wazuh_api - INFO - Found 2 agents
2026-07-13 09:54:29,073 - app.services.wazuh_api - INFO - Fetched 2 alerts from Indexer
2026-07-13 09:54:29,139 - app.services.wazuh_api - INFO - Fetched 2 alerts from Indexer
2026-07-13 09:54:29,214 - app.services.wazuh_api - INFO - Found 2 agents
2026-07-13 09:54:30,074 - app.services.wazuh_api - INFO - Fetched 2 alerts from Indexer
2026-07-13 09:54:30,116 - app.services.wazuh_api - INFO - Fetched 2 alerts from Indexer
2026-07-13 09:54:30,192 - app.services.wazuh_api - INFO - Found 2 agents
2026-07-13 09:54:31,067 - app.services.wazuh_api - INFO - Fetched 2 alerts from Indexer
2026-07-13 09:54:31,130 - app.services.wazuh_api - INFO - Fetched 2 alerts from Indexer
2026-07-13 09:54:31,206 - app.services.wazuh_api - INFO - Found 2 agents
2026-07-13 09:54:32,064 - app.services.wazuh_api - INFO - Fetched 2 alerts from Indexer
2026-07-13 09:54:32,123 - app.services.wazuh_api - INFO - Fetched 2 alerts from Indexer
2026-07-13 09:54:32,208 - app.services.wazuh_api - INFO - Found 2 agents
2026-07-13 09:54:33,072 - app.services.wazuh_api - INFO - Fetched 2 alerts from Indexer
2026-07-13 09:54:33,114 - app.services.wazuh_api - INFO - Fetched 2 alerts from Indexer
2026-07-13 09:54:33,169 - app.services.wazuh_api - INFO - Found 2 agents
2026-07-13 09:54:34,628 - app.services.wazuh_api - INFO - Fetched 2 alerts from Indexer
2026-07-13 09:54:34,669 - app.services.wazuh_api - INFO - Fetched 2 alerts from Indexer
2026-07-13 09:54:34,727 - app.services.wazuh_api - INFO - Found 2 agents
2026-07-13 09:54:35,609 - app.services.wazuh_api - INFO - Fetched 2 alerts from Indexer
2026-07-13 09:54:35,665 - app.services.wazuh_api - INFO - Fetched 2 alerts from Indexer
2026-07-13 09:54:35,731 - app.services.wazuh_api - INFO - Found 2 agents
2026-07-13 09:54:36,621 - app.services.wazuh_api - INFO - Fetched 2 alerts from Indexer
2026-07-13 09:54:36,680 - app.services.wazuh_api - INFO - Fetched 2 alerts from Indexer
2026-07-13 09:54:37,890 - app.services.wazuh_api - INFO - Fetched 2 alerts from Indexer
2026-07-13 09:54:37,959 - app.services.wazuh_api - INFO - Found 2 agents
2026-07-13 09:54:38,022 - app.services.wazuh_api - INFO - Fetched 2 alerts from Indexer
2026-07-13 09:54:38,064 - app.services.wazuh_api - INFO - Fetched 2 alerts from Indexer
2026-07-13 09:54:38,132 - app.services.wazuh_api - INFO - Found 2 agents
2026-07-13 09:54:38,193 - app.services.wazuh_api - INFO - Fetched 2 alerts from Indexer
2026-07-13 09:54:38,255 - app.services.wazuh_api - INFO - Fetched 2 alerts from Indexer
2026-07-13 09:54:38,333 - app.services.wazuh_api - INFO - Found 2 agents
2026-07-13 09:54:39,080 - app.services.wazuh_api - INFO - Fetched 2 alerts from Indexer
2026-07-13 09:54:39,141 - app.services.wazuh_api - INFO - Fetched 2 alerts from Indexer
2026-07-13 09:54:39,197 - app.services.wazuh_api - INFO - Found 2 agents
2026-07-13 09:54:40,619 - app.services.wazuh_api - INFO - Fetched 2 alerts from Indexer
2026-07-13 09:54:40,678 - app.services.wazuh_api - INFO - Fetched 2 alerts from Indexer
2026-07-13 09:54:40,763 - app.services.wazuh_api - INFO - Found 2 agents
2026-07-13 09:54:41,635 - app.services.wazuh_api - INFO - Fetched 2 alerts from Indexer
2026-07-13 09:54:41,686 - app.services.wazuh_api - INFO - Fetched 2 alerts from Indexer
2026-07-13 09:54:41,752 - app.services.wazuh_api - INFO - Found 2 agents
2026-07-13 09:54:42,626 - app.services.wazuh_api - INFO - Fetched 2 alerts from Indexer
2026-07-13 09:54:42,668 - app.services.wazuh_api - INFO - Fetched 2 alerts from Indexer
2026-07-13 09:54:42,727 - app.services.wazuh_api - INFO - Found 2 agents
2026-07-13 09:54:43,610 - app.services.wazuh_api - INFO - Fetched 2 alerts from Indexer
2026-07-13 09:54:43,674 - app.services.wazuh_api - INFO - Fetched 2 alerts from Indexer
2026-07-13 09:54:43,746 - app.services.wazuh_api - INFO - Found 2 agents
2026-07-13 09:54:44,619 - app.services.wazuh_api - INFO - Fetched 2 alerts from Indexer
2026-07-13 09:54:44,668 - app.services.wazuh_api - INFO - Fetched 2 alerts from Indexer
2026-07-13 09:54:44,726 - app.services.wazuh_api - INFO - Found 2 agents
2026-07-13 09:54:45,631 - app.services.wazuh_api - INFO - Fetched 2 alerts from Indexer
2026-07-13 09:54:45,708 - app.services.wazuh_api - INFO - Found 2 agents
2026-07-13 09:54:45,769 - app.services.wazuh_api - INFO - Fetched 2 alerts from Indexer
2026-07-13 09:54:46,619 - app.services.wazuh_api - INFO - Fetched 2 alerts from Indexer
2026-07-13 09:54:46,688 - app.services.wazuh_api - INFO - Fetched 2 alerts from Indexer
2026-07-13 09:54:47,949 - app.services.wazuh_api - INFO - Fetched 2 alerts from Indexer
2026-07-13 09:54:48,021 - app.services.wazuh_api - INFO - Found 2 agents
2026-07-13 09:54:48,088 - app.services.wazuh_api - INFO - Fetched 2 alerts from Indexer
2026-07-13 09:54:48,131 - app.services.wazuh_api - INFO - Fetched 2 alerts from Indexer
2026-07-13 09:54:48,213 - app.services.wazuh_api - INFO - Found 2 agents
2026-07-13 09:54:48,633 - app.services.wazuh_api - INFO - Fetched 2 alerts from Indexer
2026-07-13 09:54:48,697 - app.services.wazuh_api - INFO - Fetched 2 alerts from Indexer
2026-07-13 09:54:48,772 - app.services.wazuh_api - INFO - Found 2 agents
2026-07-13 09:54:49,632 - app.services.wazuh_api - INFO - Fetched 2 alerts from Indexer
2026-07-13 09:54:49,691 - app.services.wazuh_api - INFO - Fetched 2 alerts from Indexer
2026-07-13 09:54:49,749 - app.services.wazuh_api - INFO - Found 2 agents
2026-07-13 09:54:50,627 - app.services.wazuh_api - INFO - Fetched 2 alerts from Indexer
2026-07-13 09:54:50,694 - app.services.wazuh_api - INFO - Fetched 2 alerts from Indexer
2026-07-13 09:54:50,763 - app.services.wazuh_api - INFO - Found 2 agents
2026-07-13 09:54:51,637 - app.services.wazuh_api - INFO - Fetched 2 alerts from Indexer
2026-07-13 09:54:51,699 - app.services.wazuh_api - INFO - Fetched 2 alerts from Indexer
2026-07-13 09:54:51,772 - app.services.wazuh_api - INFO - Found 2 agents
2026-07-13 09:54:52,635 - app.services.wazuh_api - INFO - Fetched 2 alerts from Indexer
2026-07-13 09:54:52,680 - app.services.wazuh_api - INFO - Fetched 2 alerts from Indexer
2026-07-13 09:54:52,756 - app.services.wazuh_api - INFO - Found 2 agents
2026-07-13 09:54:53,627 - app.services.wazuh_api - INFO - Fetched 2 alerts from Indexer
2026-07-13 09:54:53,683 - app.services.wazuh_api - INFO - Fetched 2 alerts from Indexer
2026-07-13 09:54:53,759 - app.services.wazuh_api - INFO - Found 2 agents
2026-07-13 09:54:54,638 - app.services.wazuh_api - INFO - Fetched 2 alerts from Indexer
2026-07-13 09:54:54,682 - app.services.wazuh_api - INFO - Fetched 2 alerts from Indexer
2026-07-13 09:54:54,759 - app.services.wazuh_api - INFO - Found 2 agents
2026-07-13 09:54:55,630 - app.services.wazuh_api - INFO - Fetched 2 alerts from Indexer
2026-07-13 09:54:55,672 - app.services.wazuh_api - INFO - Fetched 2 alerts from Indexer
2026-07-13 09:54:55,768 - app.services.wazuh_api - INFO - Found 2 agents
2026-07-13 09:54:56,649 - app.services.wazuh_api - INFO - Fetched 2 alerts from Indexer
2026-07-13 09:54:56,708 - app.services.wazuh_api - INFO - Fetched 2 alerts from Indexer
2026-07-13 09:54:57,939 - app.services.wazuh_api - INFO - Fetched 2 alerts from Indexer
2026-07-13 09:54:57,994 - app.services.wazuh_api - INFO - Found 2 agents
2026-07-13 09:54:58,057 - app.services.wazuh_api - INFO - Fetched 2 alerts from Indexer
2026-07-13 09:54:58,124 - app.services.wazuh_api - INFO - Fetched 2 alerts from Indexer
2026-07-13 09:54:58,200 - app.services.wazuh_api - INFO - Found 2 agents
2026-07-13 09:54:58,649 - app.services.wazuh_api - INFO - Fetched 2 alerts from Indexer
2026-07-13 09:54:58,709 - app.services.wazuh_api - INFO - Fetched 2 alerts from Indexer
2026-07-13 09:54:58,785 - app.services.wazuh_api - INFO - Found 2 agents
2026-07-13 09:54:59,064 - app.services.wazuh_api - INFO - Fetched 2 alerts from Indexer
2026-07-13 09:54:59,122 - app.services.wazuh_api - INFO - Fetched 2 alerts from Indexer
2026-07-13 09:54:59,182 - app.services.wazuh_api - INFO - Found 2 agents
2026-07-13 09:55:00,096 - app.services.wazuh_api - INFO - Fetched 2 alerts from Indexer
2026-07-13 09:55:00,142 - app.services.wazuh_api - INFO - Fetched 2 alerts from Indexer
2026-07-13 09:55:00,226 - app.services.wazuh_api - INFO - Found 2 agents
2026-07-13 09:55:01,081 - app.services.wazuh_api - INFO - Fetched 2 alerts from Indexer
2026-07-13 09:55:01,140 - app.services.wazuh_api - INFO - Fetched 2 alerts from Indexer
2026-07-13 09:55:01,237 - app.services.wazuh_api - INFO - Found 2 agents
2026-07-13 09:55:02,631 - app.services.wazuh_api - INFO - Fetched 2 alerts from Indexer
2026-07-13 09:55:02,692 - app.services.wazuh_api - INFO - Fetched 2 alerts from Indexer
2026-07-13 09:55:02,758 - app.services.wazuh_api - INFO - Found 2 agents
2026-07-13 09:55:03,625 - app.services.wazuh_api - INFO - Fetched 2 alerts from Indexer
2026-07-13 09:55:03,687 - app.services.wazuh_api - INFO - Fetched 2 alerts from Indexer
2026-07-13 09:55:03,764 - app.services.wazuh_api - INFO - Found 2 agents
2026-07-13 09:55:04,634 - app.services.wazuh_api - INFO - Fetched 2 alerts from Indexer
2026-07-13 09:55:04,677 - app.services.wazuh_api - INFO - Fetched 2 alerts from Indexer
2026-07-13 09:55:04,750 - app.services.wazuh_api - INFO - Found 2 agents
2026-07-13 09:55:05,612 - app.services.wazuh_api - INFO - Fetched 2 alerts from Indexer
2026-07-13 09:55:05,672 - app.services.wazuh_api - INFO - Fetched 2 alerts from Indexer
2026-07-13 09:55:05,744 - app.services.wazuh_api - INFO - Found 2 agents
2026-07-13 09:55:06,638 - app.services.wazuh_api - INFO - Fetched 2 alerts from Indexer
2026-07-13 09:55:06,686 - app.services.wazuh_api - INFO - Fetched 2 alerts from Indexer
2026-07-13 09:55:07,899 - app.services.wazuh_api - INFO - Fetched 2 alerts from Indexer
2026-07-13 09:55:07,956 - app.services.wazuh_api - INFO - Found 2 agents
2026-07-13 09:55:08,001 - app.services.wazuh_api - INFO - Fetched 2 alerts from Indexer
2026-07-13 09:55:08,065 - app.services.wazuh_api - INFO - Fetched 2 alerts from Indexer
2026-07-13 09:55:08,142 - app.services.wazuh_api - INFO - Found 2 agents
2026-07-13 09:55:08,633 - app.services.wazuh_api - INFO - Fetched 2 alerts from Indexer
2026-07-13 09:55:08,693 - app.services.wazuh_api - INFO - Fetched 2 alerts from Indexer
2026-07-13 09:55:08,771 - app.services.wazuh_api - INFO - Found 2 agents
2026-07-13 09:55:09,624 - app.services.wazuh_api - INFO - Fetched 2 alerts from Indexer
2026-07-13 09:55:09,694 - app.services.wazuh_api - INFO - Fetched 2 alerts from Indexer
2026-07-13 09:55:09,771 - app.services.wazuh_api - INFO - Found 2 agents
2026-07-13 09:55:10,631 - app.services.wazuh_api - INFO - Fetched 2 alerts from Indexer
2026-07-13 09:55:10,684 - app.services.wazuh_api - INFO - Fetched 2 alerts from Indexer
2026-07-13 09:55:10,743 - app.services.wazuh_api - INFO - Found 2 agents
2026-07-13 09:55:11,628 - app.services.wazuh_api - INFO - Fetched 2 alerts from Indexer
2026-07-13 09:55:11,690 - app.services.wazuh_api - INFO - Fetched 2 alerts from Indexer
2026-07-13 09:55:11,747 - app.services.wazuh_api - INFO - Found 2 agents
2026-07-13 09:55:12,614 - app.services.wazuh_api - INFO - Fetched 2 alerts from Indexer
2026-07-13 09:55:12,661 - app.services.wazuh_api - INFO - Fetched 2 alerts from Indexer
2026-07-13 09:55:12,736 - app.services.wazuh_api - INFO - Found 2 agents
2026-07-13 09:55:13,624 - app.services.wazuh_api - INFO - Fetched 2 alerts from Indexer
2026-07-13 09:55:13,681 - app.services.wazuh_api - INFO - Fetched 2 alerts from Indexer
2026-07-13 09:55:13,759 - app.services.wazuh_api - INFO - Found 2 agents
2026-07-13 09:55:14,621 - app.services.wazuh_api - INFO - Fetched 2 alerts from Indexer
2026-07-13 09:55:14,676 - app.services.wazuh_api - INFO - Fetched 2 alerts from Indexer
2026-07-13 09:55:14,751 - app.services.wazuh_api - INFO - Found 2 agents
2026-07-13 09:55:15,627 - app.services.wazuh_api - INFO - Fetched 2 alerts from Indexer
2026-07-13 09:55:15,685 - app.services.wazuh_api - INFO - Fetched 2 alerts from Indexer
2026-07-13 09:55:15,772 - app.services.wazuh_api - INFO - Found 2 agents
2026-07-13 09:55:16,614 - app.services.wazuh_api - INFO - Fetched 2 alerts from Indexer
2026-07-13 09:55:16,658 - app.services.wazuh_api - INFO - Fetched 2 alerts from Indexer
2026-07-13 09:55:17,825 - app.services.wazuh_api - INFO - Fetched 2 alerts from Indexer
2026-07-13 09:55:17,887 - app.services.wazuh_api - INFO - Found 2 agents
2026-07-13 09:55:17,952 - app.services.wazuh_api - INFO - Fetched 2 alerts from Indexer
2026-07-13 09:55:18,015 - app.services.wazuh_api - INFO - Fetched 2 alerts from Indexer
2026-07-13 09:55:18,068 - app.services.wazuh_api - INFO - Found 2 agents
2026-07-13 09:55:18,632 - app.services.wazuh_api - INFO - Fetched 2 alerts from Indexer
2026-07-13 09:55:18,692 - app.services.wazuh_api - INFO - Fetched 2 alerts from Indexer
2026-07-13 09:55:18,769 - app.services.wazuh_api - INFO - Found 2 agents
2026-07-13 09:55:19,619 - app.services.wazuh_api - INFO - Fetched 2 alerts from Indexer
2026-07-13 09:55:19,668 - app.services.wazuh_api - INFO - Fetched 2 alerts from Indexer
2026-07-13 09:55:19,739 - app.services.wazuh_api - INFO - Found 2 agents
2026-07-13 09:55:20,635 - app.services.wazuh_api - INFO - Fetched 2 alerts from Indexer
2026-07-13 09:55:20,699 - app.services.wazuh_api - INFO - Fetched 2 alerts from Indexer
2026-07-13 09:55:20,775 - app.services.wazuh_api - INFO - Found 2 agents
2026-07-13 09:55:21,632 - app.services.wazuh_api - INFO - Fetched 2 alerts from Indexer
2026-07-13 09:55:21,687 - app.services.wazuh_api - INFO - Fetched 2 alerts from Indexer
2026-07-13 09:55:21,747 - app.services.wazuh_api - INFO - Found 2 agents
2026-07-13 09:55:22,627 - app.services.wazuh_api - INFO - Fetched 2 alerts from Indexer
2026-07-13 09:55:22,685 - app.services.wazuh_api - INFO - Fetched 2 alerts from Indexer
2026-07-13 09:55:22,741 - app.services.wazuh_api - INFO - Found 2 agents
2026-07-13 09:55:23,611 - app.services.wazuh_api - INFO - Fetched 2 alerts from Indexer
2026-07-13 09:55:23,682 - app.services.wazuh_api - INFO - Fetched 2 alerts from Indexer
2026-07-13 09:55:23,743 - app.services.wazuh_api - INFO - Found 2 agents
2026-07-13 09:55:24,638 - app.services.wazuh_api - INFO - Fetched 2 alerts from Indexer
2026-07-13 09:55:24,715 - app.services.wazuh_api - INFO - Fetched 2 alerts from Indexer
2026-07-13 09:55:24,788 - app.services.wazuh_api - INFO - Found 2 agents
2026-07-13 09:55:25,642 - app.services.wazuh_api - INFO - Fetched 2 alerts from Indexer
2026-07-13 09:55:25,712 - app.services.wazuh_api - INFO - Fetched 2 alerts from Indexer
2026-07-13 09:55:25,776 - app.services.wazuh_api - INFO - Found 2 agents
2026-07-13 09:55:26,637 - app.services.wazuh_api - INFO - Fetched 2 alerts from Indexer
2026-07-13 09:55:26,685 - app.services.wazuh_api - INFO - Fetched 2 alerts from Indexer
2026-07-13 09:55:27,957 - app.services.wazuh_api - INFO - Fetched 2 alerts from Indexer
2026-07-13 09:55:28,033 - app.services.wazuh_api - INFO - Found 2 agents
2026-07-13 09:55:28,098 - app.services.wazuh_api - INFO - Fetched 2 alerts from Indexer
2026-07-13 09:55:28,140 - app.services.wazuh_api - INFO - Fetched 2 alerts from Indexer
2026-07-13 09:55:28,223 - app.services.wazuh_api - INFO - Found 2 agents
2026-07-13 09:55:28,619 - app.services.wazuh_api - INFO - Fetched 2 alerts from Indexer
2026-07-13 09:55:28,678 - app.services.wazuh_api - INFO - Fetched 2 alerts from Indexer
2026-07-13 09:55:28,747 - app.services.wazuh_api - INFO - Found 2 agents
2026-07-13 09:55:29,621 - app.services.wazuh_api - INFO - Fetched 2 alerts from Indexer
2026-07-13 09:55:29,680 - app.services.wazuh_api - INFO - Fetched 2 alerts from Indexer
2026-07-13 09:55:29,770 - app.services.wazuh_api - INFO - Found 2 agents
2026-07-13 09:55:30,627 - app.services.wazuh_api - INFO - Fetched 2 alerts from Indexer
2026-07-13 09:55:30,685 - app.services.wazuh_api - INFO - Fetched 2 alerts from Indexer
2026-07-13 09:55:30,765 - app.services.wazuh_api - INFO - Found 2 agents
2026-07-13 09:55:31,629 - app.services.wazuh_api - INFO - Fetched 2 alerts from Indexer
2026-07-13 09:55:31,688 - app.services.wazuh_api - INFO - Fetched 2 alerts from Indexer
2026-07-13 09:55:31,746 - app.services.wazuh_api - INFO - Found 2 agents
2026-07-13 09:55:32,634 - app.services.wazuh_api - INFO - Fetched 2 alerts from Indexer
2026-07-13 09:55:32,679 - app.services.wazuh_api - INFO - Fetched 2 alerts from Indexer
2026-07-13 09:55:32,740 - app.services.wazuh_api - INFO - Found 2 agents
2026-07-13 09:55:33,619 - app.services.wazuh_api - INFO - Fetched 2 alerts from Indexer
2026-07-13 09:55:33,686 - app.services.wazuh_api - INFO - Fetched 2 alerts from Indexer
2026-07-13 09:55:33,772 - app.services.wazuh_api - INFO - Found 2 agents
2026-07-13 09:55:34,625 - app.services.wazuh_api - INFO - Fetched 2 alerts from Indexer
2026-07-13 09:55:34,689 - app.services.wazuh_api - INFO - Fetched 2 alerts from Indexer
2026-07-13 09:55:34,744 - app.services.wazuh_api - INFO - Found 2 agents
2026-07-13 09:55:35,632 - app.services.wazuh_api - INFO - Fetched 2 alerts from Indexer
2026-07-13 09:55:35,691 - app.services.wazuh_api - INFO - Fetched 2 alerts from Indexer
2026-07-13 09:55:35,773 - app.services.wazuh_api - INFO - Found 2 agents
2026-07-13 09:55:36,634 - app.services.wazuh_api - INFO - Fetched 2 alerts from Indexer
2026-07-13 09:55:36,690 - app.services.wazuh_api - INFO - Fetched 2 alerts from Indexer
2026-07-13 09:55:37,962 - app.services.wazuh_api - INFO - Fetched 2 alerts from Indexer
2026-07-13 09:55:38,017 - app.services.wazuh_api - INFO - Found 2 agents
2026-07-13 09:55:38,060 - app.services.wazuh_api - INFO - Fetched 2 alerts from Indexer
2026-07-13 09:55:38,112 - app.services.wazuh_api - INFO - Fetched 2 alerts from Indexer
2026-07-13 09:55:38,189 - app.services.wazuh_api - INFO - Found 2 agents
2026-07-13 09:55:38,625 - app.services.wazuh_api - INFO - Fetched 2 alerts from Indexer
2026-07-13 09:55:38,676 - app.services.wazuh_api - INFO - Fetched 2 alerts from Indexer
2026-07-13 09:55:38,755 - app.services.wazuh_api - INFO - Found 2 agents
2026-07-13 09:55:39,643 - app.services.wazuh_api - INFO - Fetched 2 alerts from Indexer
2026-07-13 09:55:39,729 - app.services.wazuh_api - INFO - Fetched 2 alerts from Indexer
2026-07-13 09:55:39,816 - app.services.wazuh_api - INFO - Found 2 agents
2026-07-13 09:55:40,626 - app.services.wazuh_api - INFO - Fetched 2 alerts from Indexer
2026-07-13 09:55:40,670 - app.services.wazuh_api - INFO - Fetched 2 alerts from Indexer
2026-07-13 09:55:40,744 - app.services.wazuh_api - INFO - Found 2 agents
2026-07-13 09:55:41,623 - app.services.wazuh_api - INFO - Fetched 2 alerts from Indexer
2026-07-13 09:55:41,684 - app.services.wazuh_api - INFO - Fetched 2 alerts from Indexer
2026-07-13 09:55:41,761 - app.services.wazuh_api - INFO - Found 2 agents
2026-07-13 09:55:42,647 - app.services.wazuh_api - ERROR - Failed: 503
2026-07-13 09:55:42,692 - app.services.wazuh_api - ERROR - Failed: 404
2026-07-13 09:55:42,756 - app.services.wazuh_api - INFO - Found 2 agents
2026-07-13 09:55:43,632 - app.services.wazuh_api - ERROR - Failed: 404
2026-07-13 09:55:43,691 - app.services.wazuh_api - ERROR - Failed: 404
2026-07-13 09:55:43,768 - app.services.wazuh_api - INFO - Found 2 agents
2026-07-13 09:55:44,635 - app.services.wazuh_api - ERROR - Failed: 404
2026-07-13 09:55:44,689 - app.services.wazuh_api - ERROR - Failed: 404
2026-07-13 09:55:44,766 - app.services.wazuh_api - INFO - Found 2 agents
2026-07-13 09:55:45,625 - app.services.wazuh_api - ERROR - Failed: 404
2026-07-13 09:55:45,684 - app.services.wazuh_api - ERROR - Failed: 404
2026-07-13 09:55:45,768 - app.services.wazuh_api - INFO - Found 2 agents
2026-07-13 09:55:46,631 - app.services.wazuh_api - ERROR - Failed: 404
2026-07-13 09:55:46,673 - app.services.wazuh_api - ERROR - Failed: 404
2026-07-13 09:55:46,736 - app.services.wazuh_api - ERROR - Failed: 404
2026-07-13 09:55:46,802 - app.services.wazuh_api - INFO - Found 2 agents
2026-07-13 09:55:47,636 - app.services.wazuh_api - ERROR - Failed: 400
2026-07-13 09:55:47,692 - app.services.wazuh_api - ERROR - Failed: 400
2026-07-13 09:55:47,749 - app.services.wazuh_api - INFO - Found 2 agents
2026-07-13 09:55:48,627 - app.services.wazuh_api - ERROR - Failed: 400
2026-07-13 09:55:48,673 - app.services.wazuh_api - ERROR - Failed: 400
2026-07-13 09:55:48,751 - app.services.wazuh_api - INFO - Found 2 agents
2026-07-13 09:55:49,639 - app.services.wazuh_api - ERROR - Failed: 400
2026-07-13 09:55:49,689 - app.services.wazuh_api - ERROR - Failed: 400
2026-07-13 09:55:49,790 - app.services.wazuh_api - INFO - Found 2 agents
2026-07-13 09:55:50,624 - app.services.wazuh_api - ERROR - Failed: 400
2026-07-13 09:55:50,678 - app.services.wazuh_api - ERROR - Failed: 400
2026-07-13 09:55:50,754 - app.services.wazuh_api - INFO - Found 2 agents
2026-07-13 09:55:51,631 - app.services.wazuh_api - ERROR - Failed: 400
2026-07-13 09:55:51,691 - app.services.wazuh_api - ERROR - Failed: 400
2026-07-13 09:55:51,767 - app.services.wazuh_api - INFO - Found 2 agents
2026-07-13 09:55:52,641 - app.services.wazuh_api - ERROR - Failed: 400
2026-07-13 09:55:52,685 - app.services.wazuh_api - ERROR - Failed: 400
2026-07-13 09:55:52,748 - app.services.wazuh_api - INFO - Found 2 agents
2026-07-13 09:55:53,617 - app.services.wazuh_api - ERROR - Failed: 400
2026-07-13 09:55:53,676 - app.services.wazuh_api - ERROR - Failed: 400
2026-07-13 09:55:53,752 - app.services.wazuh_api - INFO - Found 2 agents
2026-07-13 09:55:54,628 - app.services.wazuh_api - ERROR - Failed: 400
2026-07-13 09:55:54,671 - app.services.wazuh_api - ERROR - Failed: 400
2026-07-13 09:55:54,729 - app.services.wazuh_api - INFO - Found 2 agents
2026-07-13 09:55:55,623 - app.services.wazuh_api - ERROR - Failed: 400
2026-07-13 09:55:55,691 - app.services.wazuh_api - ERROR - Failed: 400
2026-07-13 09:55:55,767 - app.services.wazuh_api - INFO - Found 2 agents
2026-07-13 09:55:56,614 - app.services.wazuh_api - ERROR - Failed: 400
2026-07-13 09:55:56,671 - app.services.wazuh_api - ERROR - Failed: 400
2026-07-13 09:55:56,713 - app.services.wazuh_api - ERROR - Failed: 400
2026-07-13 09:55:56,787 - app.services.wazuh_api - INFO - Found 2 agents
2026-07-13 09:55:57,861 - app.services.wazuh_api - ERROR - Failed: 400
2026-07-13 09:55:57,905 - app.services.wazuh_api - ERROR - Failed: 400
2026-07-13 09:55:57,977 - app.services.wazuh_api - INFO - Found 2 agents
2026-07-13 09:55:58,632 - app.services.wazuh_api - ERROR - Failed: 400
2026-07-13 09:55:58,688 - app.services.wazuh_api - ERROR - Failed: 400
2026-07-13 09:55:58,778 - app.services.wazuh_api - INFO - Found 2 agents
2026-07-13 09:55:59,634 - app.services.wazuh_api - ERROR - Failed: 400
2026-07-13 09:55:59,694 - app.services.wazuh_api - ERROR - Failed: 400
2026-07-13 09:55:59,779 - app.services.wazuh_api - INFO - Found 2 agents
2026-07-13 09:56:00,624 - app.services.wazuh_api - ERROR - Failed: 400
2026-07-13 09:56:00,686 - app.services.wazuh_api - ERROR - Failed: 400
2026-07-13 09:56:00,773 - app.services.wazuh_api - INFO - Found 2 agents
2026-07-13 09:56:11,035 - app.services.wazuh_api - ERROR - Failed: 400
2026-07-13 09:56:11,091 - app.services.wazuh_api - ERROR - Failed: 400
2026-07-13 09:56:11,135 - app.services.wazuh_api - ERROR - Failed: 400
2026-07-13 09:56:11,198 - app.services.wazuh_api - INFO - Found 2 agents
2026-07-13 09:56:12,056 - app.services.wazuh_api - ERROR - Failed: 400
2026-07-13 09:56:12,117 - app.services.wazuh_api - ERROR - Failed: 400
2026-07-13 09:56:12,194 - app.services.wazuh_api - INFO - Found 2 agents
2026-07-13 09:56:13,641 - app.services.wazuh_api - ERROR - Failed: 400
2026-07-13 09:56:13,701 - app.services.wazuh_api - ERROR - Failed: 400
2026-07-13 09:56:13,779 - app.services.wazuh_api - INFO - Found 2 agents
2026-07-13 09:56:14,637 - app.services.wazuh_api - ERROR - Failed: 400
2026-07-13 09:56:14,684 - app.services.wazuh_api - ERROR - Failed: 400
2026-07-13 09:56:14,784 - app.services.wazuh_api - INFO - Found 2 agents
2026-07-13 09:56:15,076 - app.services.wazuh_api - ERROR - Failed: 400
2026-07-13 09:56:15,125 - app.services.wazuh_api - ERROR - Failed: 400
2026-07-13 09:56:15,184 - app.services.wazuh_api - INFO - Found 2 agents
2026-07-13 09:56:16,079 - app.services.wazuh_api - INFO - Fetched 2 alerts from Indexer
2026-07-13 09:56:16,139 - app.services.wazuh_api - INFO - Fetched 2 alerts from Indexer
2026-07-13 09:56:17,377 - app.services.wazuh_api - INFO - Fetched 2 alerts from Indexer
2026-07-13 09:56:17,463 - app.services.wazuh_api - INFO - Found 2 agents
2026-07-13 09:56:17,523 - app.services.wazuh_api - INFO - Fetched 2 alerts from Indexer
2026-07-13 09:56:17,589 - app.services.wazuh_api - INFO - Fetched 2 alerts from Indexer
2026-07-13 09:56:17,659 - app.services.wazuh_api - INFO - Found 2 agents
2026-07-13 09:56:18,075 - app.services.wazuh_api - INFO - Fetched 2 alerts from Indexer
2026-07-13 09:56:18,116 - app.services.wazuh_api - INFO - Fetched 2 alerts from Indexer
2026-07-13 09:56:18,184 - app.services.wazuh_api - INFO - Found 2 agents
2026-07-13 09:56:19,069 - app.services.wazuh_api - INFO - Fetched 2 alerts from Indexer
2026-07-13 09:56:19,133 - app.services.wazuh_api - INFO - Fetched 2 alerts from Indexer
2026-07-13 09:56:19,210 - app.services.wazuh_api - INFO - Found 2 agents
2026-07-13 09:56:20,082 - app.services.wazuh_api - INFO - Fetched 2 alerts from Indexer
2026-07-13 09:56:20,145 - app.services.wazuh_api - INFO - Fetched 2 alerts from Indexer
2026-07-13 09:56:20,227 - app.services.wazuh_api - INFO - Found 2 agents
2026-07-13 09:56:21,077 - app.services.wazuh_api - INFO - Fetched 2 alerts from Indexer
2026-07-13 09:56:21,138 - app.services.wazuh_api - INFO - Fetched 2 alerts from Indexer
2026-07-13 09:56:21,222 - app.services.wazuh_api - INFO - Found 2 agents
2026-07-13 09:56:22,078 - app.services.wazuh_api - INFO - Fetched 2 alerts from Indexer
2026-07-13 09:56:22,136 - app.services.wazuh_api - INFO - Fetched 2 alerts from Indexer
2026-07-13 09:56:22,203 - app.services.wazuh_api - INFO - Found 2 agents
2026-07-13 09:56:23,632 - app.services.wazuh_api - INFO - Fetched 2 alerts from Indexer
2026-07-13 09:56:23,692 - app.services.wazuh_api - INFO - Fetched 2 alerts from Indexer
2026-07-13 09:56:23,753 - app.services.wazuh_api - INFO - Found 2 agents
2026-07-13 09:56:24,621 - app.services.wazuh_api - INFO - Fetched 2 alerts from Indexer
2026-07-13 09:56:24,689 - app.services.wazuh_api - INFO - Fetched 2 alerts from Indexer
2026-07-13 09:56:24,761 - app.services.wazuh_api - INFO - Found 2 agents
2026-07-13 09:56:25,630 - app.services.wazuh_api - INFO - Fetched 2 alerts from Indexer
2026-07-13 09:56:25,674 - app.services.wazuh_api - INFO - Fetched 2 alerts from Indexer
2026-07-13 09:56:25,749 - app.services.wazuh_api - INFO - Found 2 agents
2026-07-13 09:56:26,621 - app.services.wazuh_api - INFO - Fetched 2 alerts from Indexer
2026-07-13 09:56:26,689 - app.services.wazuh_api - INFO - Fetched 2 alerts from Indexer
2026-07-13 09:56:27,894 - app.services.wazuh_api - INFO - Fetched 2 alerts from Indexer
2026-07-13 09:56:27,970 - app.services.wazuh_api - INFO - Found 2 agents
2026-07-13 09:56:28,031 - app.services.wazuh_api - INFO - Fetched 2 alerts from Indexer
2026-07-13 09:56:28,071 - app.services.wazuh_api - INFO - Fetched 2 alerts from Indexer
2026-07-13 09:56:28,132 - app.services.wazuh_api - INFO - Found 2 agents
2026-07-13 09:56:28,634 - app.services.wazuh_api - INFO - Fetched 2 alerts from Indexer
2026-07-13 09:56:28,686 - app.services.wazuh_api - INFO - Fetched 2 alerts from Indexer
2026-07-13 09:56:28,767 - app.services.wazuh_api - INFO - Found 2 agents
2026-07-13 09:56:29,630 - app.services.wazuh_api - INFO - Fetched 2 alerts from Indexer
2026-07-13 09:56:29,674 - app.services.wazuh_api - INFO - Fetched 2 alerts from Indexer
2026-07-13 09:56:29,746 - app.services.wazuh_api - INFO - Found 2 agents
2026-07-13 09:56:30,618 - app.services.wazuh_api - INFO - Fetched 2 alerts from Indexer
2026-07-13 09:56:30,700 - app.services.wazuh_api - INFO - Fetched 2 alerts from Indexer
2026-07-13 09:56:30,773 - app.services.wazuh_api - INFO - Found 2 agents
2026-07-13 09:56:31,645 - app.services.wazuh_api - INFO - Fetched 2 alerts from Indexer
2026-07-13 09:56:31,690 - app.services.wazuh_api - INFO - Fetched 2 alerts from Indexer
2026-07-13 09:56:31,748 - app.services.wazuh_api - INFO - Found 2 agents
2026-07-13 09:56:32,639 - app.services.wazuh_api - INFO - Fetched 2 alerts from Indexer
2026-07-13 09:56:32,685 - app.services.wazuh_api - INFO - Fetched 2 alerts from Indexer
2026-07-13 09:56:32,754 - app.services.wazuh_api - INFO - Found 2 agents
2026-07-13 09:56:33,636 - app.services.wazuh_api - INFO - Fetched 2 alerts from Indexer
2026-07-13 09:56:33,693 - app.services.wazuh_api - INFO - Fetched 2 alerts from Indexer
2026-07-13 09:56:33,749 - app.services.wazuh_api - INFO - Found 2 agents
2026-07-13 09:56:34,631 - app.services.wazuh_api - INFO - Fetched 2 alerts from Indexer
2026-07-13 09:56:34,677 - app.services.wazuh_api - INFO - Fetched 2 alerts from Indexer
2026-07-13 09:56:34,761 - app.services.wazuh_api - INFO - Found 2 agents
2026-07-13 09:56:35,638 - app.services.wazuh_api - INFO - Fetched 2 alerts from Indexer
2026-07-13 09:56:35,700 - app.services.wazuh_api - INFO - Fetched 2 alerts from Indexer
2026-07-13 09:56:35,759 - app.services.wazuh_api - INFO - Found 2 agents
2026-07-13 09:56:36,628 - app.services.wazuh_api - INFO - Fetched 2 alerts from Indexer
2026-07-13 09:56:36,693 - app.services.wazuh_api - INFO - Fetched 2 alerts from Indexer
2026-07-13 09:56:37,953 - app.services.wazuh_api - INFO - Fetched 2 alerts from Indexer
2026-07-13 09:56:38,006 - app.services.wazuh_api - INFO - Found 2 agents
2026-07-13 09:56:38,067 - app.services.wazuh_api - INFO - Fetched 2 alerts from Indexer
2026-07-13 09:56:38,113 - app.services.wazuh_api - INFO - Fetched 2 alerts from Indexer
2026-07-13 09:56:38,197 - app.services.wazuh_api - INFO - Found 2 agents
2026-07-13 09:56:38,618 - app.services.wazuh_api - INFO - Fetched 2 alerts from Indexer
2026-07-13 09:56:38,674 - app.services.wazuh_api - INFO - Fetched 2 alerts from Indexer
2026-07-13 09:56:38,751 - app.services.wazuh_api - INFO - Found 2 agents
2026-07-13 09:56:39,638 - app.services.wazuh_api - INFO - Fetched 2 alerts from Indexer
2026-07-13 09:56:39,685 - app.services.wazuh_api - INFO - Fetched 2 alerts from Indexer
2026-07-13 09:56:39,770 - app.services.wazuh_api - INFO - Found 2 agents
2026-07-13 09:56:40,638 - app.services.wazuh_api - INFO - Fetched 2 alerts from Indexer
2026-07-13 09:56:40,682 - app.services.wazuh_api - INFO - Fetched 2 alerts from Indexer
2026-07-13 09:56:40,754 - app.services.wazuh_api - INFO - Found 2 agents
2026-07-13 09:56:41,635 - app.services.wazuh_api - INFO - Fetched 2 alerts from Indexer
2026-07-13 09:56:41,689 - app.services.wazuh_api - INFO - Fetched 2 alerts from Indexer
2026-07-13 09:56:41,764 - app.services.wazuh_api - INFO - Found 2 agents
2026-07-13 09:56:42,638 - app.services.wazuh_api - INFO - Fetched 2 alerts from Indexer
2026-07-13 09:56:42,702 - app.services.wazuh_api - INFO - Fetched 2 alerts from Indexer
2026-07-13 09:56:42,776 - app.services.wazuh_api - INFO - Found 2 agents
2026-07-13 09:56:43,627 - app.services.wazuh_api - INFO - Fetched 2 alerts from Indexer
2026-07-13 09:56:43,684 - app.services.wazuh_api - INFO - Fetched 2 alerts from Indexer
2026-07-13 09:56:43,762 - app.services.wazuh_api - INFO - Found 2 agents
2026-07-13 09:56:44,612 - app.services.wazuh_api - INFO - Fetched 2 alerts from Indexer
2026-07-13 09:56:44,694 - app.services.wazuh_api - INFO - Fetched 2 alerts from Indexer
2026-07-13 09:56:44,773 - app.services.wazuh_api - INFO - Found 2 agents
2026-07-13 09:56:45,645 - app.services.wazuh_api - INFO - Fetched 2 alerts from Indexer
2026-07-13 09:56:45,712 - app.services.wazuh_api - INFO - Fetched 2 alerts from Indexer
2026-07-13 09:56:45,790 - app.services.wazuh_api - INFO - Found 2 agents
2026-07-13 09:56:46,646 - app.services.wazuh_api - INFO - Fetched 2 alerts from Indexer
2026-07-13 09:56:46,711 - app.services.wazuh_api - INFO - Fetched 2 alerts from Indexer
2026-07-13 09:56:47,947 - app.services.wazuh_api - INFO - Fetched 2 alerts from Indexer
2026-07-13 09:56:48,011 - app.services.wazuh_api - INFO - Found 2 agents
2026-07-13 09:56:48,053 - app.services.wazuh_api - INFO - Fetched 2 alerts from Indexer
2026-07-13 09:56:48,107 - app.services.wazuh_api - INFO - Fetched 2 alerts from Indexer
2026-07-13 09:56:48,181 - app.services.wazuh_api - INFO - Found 2 agents
2026-07-13 09:56:48,618 - app.services.wazuh_api - INFO - Fetched 2 alerts from Indexer
2026-07-13 09:56:48,665 - app.services.wazuh_api - INFO - Fetched 2 alerts from Indexer
2026-07-13 09:56:48,728 - app.services.wazuh_api - INFO - Found 2 agents
2026-07-13 09:56:49,632 - app.services.wazuh_api - INFO - Fetched 2 alerts from Indexer
2026-07-13 09:56:49,716 - app.services.wazuh_api - INFO - Fetched 2 alerts from Indexer
2026-07-13 09:56:49,786 - app.services.wazuh_api - INFO - Found 2 agents
2026-07-13 09:56:50,620 - app.services.wazuh_api - INFO - Fetched 2 alerts from Indexer
2026-07-13 09:56:50,665 - app.services.wazuh_api - INFO - Fetched 2 alerts from Indexer
2026-07-13 09:56:50,723 - app.services.wazuh_api - INFO - Found 2 agents
2026-07-13 09:56:51,628 - app.services.wazuh_api - INFO - Fetched 2 alerts from Indexer
2026-07-13 09:56:51,672 - app.services.wazuh_api - INFO - Fetched 2 alerts from Indexer
2026-07-13 09:56:51,746 - app.services.wazuh_api - INFO - Found 2 agents
2026-07-13 09:56:52,636 - app.services.wazuh_api - INFO - Fetched 2 alerts from Indexer
2026-07-13 09:56:52,679 - app.services.wazuh_api - INFO - Fetched 2 alerts from Indexer
2026-07-13 09:56:52,752 - app.services.wazuh_api - INFO - Found 2 agents
2026-07-13 09:56:53,624 - app.services.wazuh_api - INFO - Fetched 2 alerts from Indexer
2026-07-13 09:56:53,694 - app.services.wazuh_api - INFO - Fetched 2 alerts from Indexer
2026-07-13 09:56:53,767 - app.services.wazuh_api - INFO - Found 2 agents
2026-07-13 09:56:54,622 - app.services.wazuh_api - INFO - Fetched 2 alerts from Indexer
2026-07-13 09:56:54,666 - app.services.wazuh_api - INFO - Fetched 2 alerts from Indexer
2026-07-13 09:56:54,747 - app.services.wazuh_api - INFO - Found 2 agents
2026-07-13 09:56:55,629 - app.services.wazuh_api - INFO - Fetched 2 alerts from Indexer
2026-07-13 09:56:55,697 - app.services.wazuh_api - INFO - Fetched 2 alerts from Indexer
2026-07-13 09:56:55,780 - app.services.wazuh_api - INFO - Found 2 agents
2026-07-13 09:56:56,628 - app.services.wazuh_api - INFO - Fetched 2 alerts from Indexer
2026-07-13 09:56:56,688 - app.services.wazuh_api - INFO - Fetched 2 alerts from Indexer
2026-07-13 09:56:58,029 - app.services.wazuh_api - INFO - Fetched 2 alerts from Indexer
2026-07-13 09:56:58,107 - app.services.wazuh_api - INFO - Found 2 agents
2026-07-13 09:56:58,151 - app.services.wazuh_api - INFO - Fetched 2 alerts from Indexer
2026-07-13 09:56:58,220 - app.services.wazuh_api - INFO - Fetched 2 alerts from Indexer
2026-07-13 09:56:58,279 - app.services.wazuh_api - INFO - Found 2 agents
2026-07-13 09:56:58,628 - app.services.wazuh_api - INFO - Fetched 2 alerts from Indexer
2026-07-13 09:56:58,677 - app.services.wazuh_api - INFO - Fetched 2 alerts from Indexer
2026-07-13 09:56:58,751 - app.services.wazuh_api - INFO - Found 2 agents
2026-07-13 09:56:59,629 - app.services.wazuh_api - INFO - Fetched 2 alerts from Indexer
2026-07-13 09:56:59,688 - app.services.wazuh_api - INFO - Fetched 2 alerts from Indexer
2026-07-13 09:56:59,768 - app.services.wazuh_api - INFO - Found 2 agents
2026-07-13 09:57:00,671 - app.services.wazuh_api - INFO - Fetched 2 alerts from Indexer
2026-07-13 09:57:00,715 - app.services.wazuh_api - INFO - Fetched 2 alerts from Indexer
2026-07-13 09:57:00,771 - app.services.wazuh_api - INFO - Found 2 agents
2026-07-13 09:57:01,621 - app.services.wazuh_api - INFO - Fetched 2 alerts from Indexer
2026-07-13 09:57:01,689 - app.services.wazuh_api - INFO - Fetched 2 alerts from Indexer
2026-07-13 09:57:01,754 - app.services.wazuh_api - INFO - Found 2 agents
2026-07-13 09:57:02,626 - app.services.wazuh_api - INFO - Fetched 2 alerts from Indexer
2026-07-13 09:57:02,669 - app.services.wazuh_api - INFO - Fetched 2 alerts from Indexer
2026-07-13 09:57:02,749 - app.services.wazuh_api - INFO - Found 2 agents
2026-07-13 09:57:03,619 - app.services.wazuh_api - INFO - Fetched 2 alerts from Indexer
2026-07-13 09:57:03,661 - app.services.wazuh_api - INFO - Fetched 2 alerts from Indexer
2026-07-13 09:57:03,741 - app.services.wazuh_api - INFO - Found 2 agents
2026-07-13 09:57:04,619 - app.services.wazuh_api - INFO - Fetched 2 alerts from Indexer
2026-07-13 09:57:04,676 - app.services.wazuh_api - INFO - Fetched 2 alerts from Indexer
2026-07-13 09:57:04,741 - app.services.wazuh_api - INFO - Found 2 agents
2026-07-13 09:57:05,627 - app.services.wazuh_api - INFO - Fetched 2 alerts from Indexer
2026-07-13 09:57:05,687 - app.services.wazuh_api - INFO - Fetched 2 alerts from Indexer
2026-07-13 09:57:05,743 - app.services.wazuh_api - INFO - Found 2 agents
2026-07-13 09:57:06,627 - app.services.wazuh_api - INFO - Fetched 2 alerts from Indexer
2026-07-13 09:57:06,695 - app.services.wazuh_api - INFO - Fetched 2 alerts from Indexer
2026-07-13 09:57:07,924 - app.services.wazuh_api - INFO - Fetched 2 alerts from Indexer
2026-07-13 09:57:07,996 - app.services.wazuh_api - INFO - Found 2 agents
2026-07-13 09:57:08,040 - app.services.wazuh_api - INFO - Fetched 2 alerts from Indexer
2026-07-13 09:57:08,086 - app.services.wazuh_api - INFO - Fetched 2 alerts from Indexer
2026-07-13 09:57:08,163 - app.services.wazuh_api - INFO - Found 2 agents
2026-07-13 09:57:08,637 - app.services.wazuh_api - INFO - Fetched 2 alerts from Indexer
2026-07-13 09:57:08,685 - app.services.wazuh_api - INFO - Fetched 2 alerts from Indexer
2026-07-13 09:57:08,743 - app.services.wazuh_api - INFO - Found 2 agents
2026-07-13 09:57:09,619 - app.services.wazuh_api - INFO - Fetched 2 alerts from Indexer
2026-07-13 09:57:09,673 - app.services.wazuh_api - INFO - Fetched 2 alerts from Indexer
2026-07-13 09:57:09,759 - app.services.wazuh_api - INFO - Found 2 agents
2026-07-13 09:57:10,637 - app.services.wazuh_api - INFO - Fetched 2 alerts from Indexer
2026-07-13 09:57:10,682 - app.services.wazuh_api - INFO - Fetched 2 alerts from Indexer
2026-07-13 09:57:10,754 - app.services.wazuh_api - INFO - Found 2 agents
2026-07-13 09:57:11,630 - app.services.wazuh_api - INFO - Fetched 2 alerts from Indexer
2026-07-13 09:57:11,697 - app.services.wazuh_api - INFO - Fetched 2 alerts from Indexer
2026-07-13 09:57:11,771 - app.services.wazuh_api - INFO - Found 2 agents
2026-07-13 09:57:12,627 - app.services.wazuh_api - INFO - Fetched 2 alerts from Indexer
2026-07-13 09:57:12,685 - app.services.wazuh_api - INFO - Fetched 2 alerts from Indexer
2026-07-13 09:57:12,761 - app.services.wazuh_api - INFO - Found 2 agents
2026-07-13 09:57:13,625 - app.services.wazuh_api - INFO - Fetched 2 alerts from Indexer
2026-07-13 09:57:13,689 - app.services.wazuh_api - INFO - Fetched 2 alerts from Indexer
2026-07-13 09:57:13,759 - app.services.wazuh_api - INFO - Found 2 agents
2026-07-13 09:57:14,626 - app.services.wazuh_api - INFO - Fetched 2 alerts from Indexer
2026-07-13 09:57:14,671 - app.services.wazuh_api - INFO - Fetched 2 alerts from Indexer
2026-07-13 09:57:14,739 - app.services.wazuh_api - INFO - Found 2 agents
2026-07-13 09:57:15,629 - app.services.wazuh_api - INFO - Fetched 2 alerts from Indexer
2026-07-13 09:57:15,691 - app.services.wazuh_api - INFO - Fetched 2 alerts from Indexer
2026-07-13 09:57:15,758 - app.services.wazuh_api - INFO - Found 2 agents
2026-07-13 09:57:16,617 - app.services.wazuh_api - INFO - Fetched 2 alerts from Indexer
2026-07-13 09:57:16,674 - app.services.wazuh_api - INFO - Fetched 2 alerts from Indexer
2026-07-13 09:57:17,891 - app.services.wazuh_api - INFO - Fetched 2 alerts from Indexer
2026-07-13 09:57:17,965 - app.services.wazuh_api - INFO - Found 2 agents
2026-07-13 09:57:18,038 - app.services.wazuh_api - INFO - Fetched 2 alerts from Indexer
2026-07-13 09:57:18,092 - app.services.wazuh_api - INFO - Fetched 2 alerts from Indexer
2026-07-13 09:57:18,166 - app.services.wazuh_api - INFO - Found 2 agents
2026-07-13 09:57:18,619 - app.services.wazuh_api - INFO - Fetched 2 alerts from Indexer
2026-07-13 09:57:18,681 - app.services.wazuh_api - INFO - Fetched 2 alerts from Indexer
2026-07-13 09:57:18,754 - app.services.wazuh_api - INFO - Found 2 agents
2026-07-13 09:57:19,628 - app.services.wazuh_api - INFO - Fetched 2 alerts from Indexer
2026-07-13 09:57:19,697 - app.services.wazuh_api - INFO - Fetched 2 alerts from Indexer
2026-07-13 09:57:19,767 - app.services.wazuh_api - INFO - Found 2 agents
2026-07-13 09:57:20,625 - app.services.wazuh_api - INFO - Fetched 2 alerts from Indexer
2026-07-13 09:57:20,684 - app.services.wazuh_api - INFO - Fetched 2 alerts from Indexer
2026-07-13 09:57:20,742 - app.services.wazuh_api - INFO - Found 2 agents
2026-07-13 09:57:21,619 - app.services.wazuh_api - INFO - Fetched 2 alerts from Indexer
2026-07-13 09:57:21,680 - app.services.wazuh_api - INFO - Fetched 2 alerts from Indexer
2026-07-13 09:57:21,757 - app.services.wazuh_api - INFO - Found 2 agents
2026-07-13 09:57:41,906 - app.services.wazuh_api - INFO - Fetched 2 alerts from Indexer
2026-07-13 09:57:41,967 - app.services.wazuh_api - INFO - Fetched 2 alerts from Indexer
2026-07-13 09:57:43,232 - app.services.wazuh_api - INFO - Fetched 2 alerts from Indexer
2026-07-13 09:57:43,290 - app.services.wazuh_api - INFO - Found 2 agents
2026-07-13 09:57:43,334 - app.services.wazuh_api - INFO - Fetched 2 alerts from Indexer
2026-07-13 09:57:43,392 - app.services.wazuh_api - INFO - Fetched 2 alerts from Indexer
2026-07-13 09:57:43,453 - app.services.wazuh_api - INFO - Fetched 2 alerts from Indexer
2026-07-13 09:57:43,536 - app.services.wazuh_api - INFO - Found 2 agents
2026-07-13 09:57:43,603 - app.services.wazuh_api - INFO - Fetched 2 alerts from Indexer
2026-07-13 09:57:43,668 - app.services.wazuh_api - INFO - Found 2 agents
2026-07-13 09:57:44,075 - app.services.wazuh_api - INFO - Fetched 2 alerts from Indexer
2026-07-13 09:57:44,136 - app.services.wazuh_api - INFO - Fetched 2 alerts from Indexer
2026-07-13 09:57:44,210 - app.services.wazuh_api - INFO - Found 2 agents
2026-07-13 09:57:45,058 - app.services.wazuh_api - INFO - Fetched 2 alerts from Indexer
2026-07-13 09:57:45,126 - app.services.wazuh_api - INFO - Fetched 2 alerts from Indexer
2026-07-13 09:57:45,211 - app.services.wazuh_api - INFO - Found 2 agents
2026-07-13 09:57:46,624 - app.services.wazuh_api - INFO - Fetched 2 alerts from Indexer
2026-07-13 09:57:46,676 - app.services.wazuh_api - INFO - Fetched 2 alerts from Indexer
2026-07-13 09:57:47,952 - app.services.wazuh_api - INFO - Fetched 2 alerts from Indexer
2026-07-13 09:57:48,013 - app.services.wazuh_api - INFO - Found 2 agents
2026-07-13 09:57:48,057 - app.services.wazuh_api - INFO - Fetched 2 alerts from Indexer
2026-07-13 09:57:48,117 - app.services.wazuh_api - INFO - Fetched 2 alerts from Indexer
2026-07-13 09:57:48,178 - app.services.wazuh_api - INFO - Found 2 agents
2026-07-13 09:57:48,628 - app.services.wazuh_api - INFO - Fetched 2 alerts from Indexer
2026-07-13 09:57:48,686 - app.services.wazuh_api - INFO - Fetched 2 alerts from Indexer
2026-07-13 09:57:48,742 - app.services.wazuh_api - INFO - Found 2 agents
2026-07-13 09:57:49,628 - app.services.wazuh_api - INFO - Fetched 2 alerts from Indexer
2026-07-13 09:57:49,699 - app.services.wazuh_api - INFO - Fetched 2 alerts from Indexer
2026-07-13 09:57:49,774 - app.services.wazuh_api - INFO - Found 2 agents
2026-07-13 09:57:50,628 - app.services.wazuh_api - INFO - Fetched 2 alerts from Indexer
2026-07-13 09:57:50,674 - app.services.wazuh_api - INFO - Fetched 2 alerts from Indexer
2026-07-13 09:57:50,753 - app.services.wazuh_api - INFO - Found 2 agents
2026-07-13 09:57:51,615 - app.services.wazuh_api - INFO - Fetched 2 alerts from Indexer
2026-07-13 09:57:51,670 - app.services.wazuh_api - INFO - Fetched 2 alerts from Indexer
2026-07-13 09:57:51,745 - app.services.wazuh_api - INFO - Found 2 agents
2026-07-13 09:57:52,626 - app.services.wazuh_api - INFO - Fetched 2 alerts from Indexer
2026-07-13 09:57:52,686 - app.services.wazuh_api - INFO - Fetched 2 alerts from Indexer
2026-07-13 09:57:52,756 - app.services.wazuh_api - INFO - Found 2 agents
2026-07-13 09:57:53,637 - app.services.wazuh_api - INFO - Fetched 2 alerts from Indexer
2026-07-13 09:57:53,704 - app.services.wazuh_api - INFO - Fetched 2 alerts from Indexer
2026-07-13 09:57:53,770 - app.services.wazuh_api - INFO - Found 2 agents
2026-07-13 09:57:54,698 - app.services.wazuh_api - INFO - Fetched 2 alerts from Indexer
2026-07-13 09:57:54,756 - app.services.wazuh_api - INFO - Fetched 2 alerts from Indexer
2026-07-13 09:57:54,829 - app.services.wazuh_api - INFO - Found 2 agents
2026-07-13 09:57:55,639 - app.services.wazuh_api - INFO - Fetched 2 alerts from Indexer
2026-07-13 09:57:55,703 - app.services.wazuh_api - INFO - Fetched 2 alerts from Indexer
2026-07-13 09:57:55,778 - app.services.wazuh_api - INFO - Found 2 agents
2026-07-13 09:57:56,632 - app.services.wazuh_api - INFO - Fetched 2 alerts from Indexer
2026-07-13 09:57:56,707 - app.services.wazuh_api - INFO - Fetched 2 alerts from Indexer
2026-07-13 09:57:57,934 - app.services.wazuh_api - INFO - Fetched 2 alerts from Indexer
2026-07-13 09:57:58,006 - app.services.wazuh_api - INFO - Found 2 agents
2026-07-13 09:57:58,049 - app.services.wazuh_api - INFO - Fetched 2 alerts from Indexer
2026-07-13 09:57:58,101 - app.services.wazuh_api - INFO - Fetched 2 alerts from Indexer
2026-07-13 09:57:58,181 - app.services.wazuh_api - INFO - Found 2 agents
2026-07-13 09:57:58,620 - app.services.wazuh_api - INFO - Fetched 2 alerts from Indexer
2026-07-13 09:57:58,680 - app.services.wazuh_api - INFO - Fetched 2 alerts from Indexer
2026-07-13 09:57:58,742 - app.services.wazuh_api - INFO - Found 2 agents
2026-07-13 09:57:59,634 - app.services.wazuh_api - INFO - Fetched 2 alerts from Indexer
2026-07-13 09:57:59,677 - app.services.wazuh_api - INFO - Fetched 2 alerts from Indexer
2026-07-13 09:57:59,743 - app.services.wazuh_api - INFO - Found 2 agents
2026-07-13 09:58:00,637 - app.services.wazuh_api - INFO - Fetched 2 alerts from Indexer
2026-07-13 09:58:00,682 - app.services.wazuh_api - INFO - Fetched 2 alerts from Indexer
2026-07-13 09:58:00,740 - app.services.wazuh_api - INFO - Found 2 agents
2026-07-13 09:58:01,636 - app.services.wazuh_api - INFO - Fetched 2 alerts from Indexer
2026-07-13 09:58:01,678 - app.services.wazuh_api - INFO - Fetched 2 alerts from Indexer
2026-07-13 09:58:01,760 - app.services.wazuh_api - INFO - Found 2 agents
2026-07-13 09:58:02,646 - app.services.wazuh_api - INFO - Fetched 2 alerts from Indexer
2026-07-13 09:58:02,706 - app.services.wazuh_api - INFO - Fetched 2 alerts from Indexer
2026-07-13 09:58:02,788 - app.services.wazuh_api - INFO - Found 2 agents
2026-07-13 09:58:03,638 - app.services.wazuh_api - INFO - Fetched 2 alerts from Indexer
2026-07-13 09:58:03,704 - app.services.wazuh_api - INFO - Fetched 2 alerts from Indexer
2026-07-13 09:58:03,761 - app.services.wazuh_api - INFO - Found 2 agents
2026-07-13 09:58:04,642 - app.services.wazuh_api - INFO - Fetched 2 alerts from Indexer
2026-07-13 09:58:04,693 - app.services.wazuh_api - INFO - Fetched 2 alerts from Indexer
2026-07-13 09:58:04,752 - app.services.wazuh_api - INFO - Found 2 agents
2026-07-13 09:58:05,638 - app.services.wazuh_api - INFO - Fetched 2 alerts from Indexer
2026-07-13 09:58:05,696 - app.services.wazuh_api - INFO - Fetched 2 alerts from Indexer
2026-07-13 09:58:05,768 - app.services.wazuh_api - INFO - Found 2 agents
2026-07-13 09:58:06,630 - app.services.wazuh_api - INFO - Fetched 2 alerts from Indexer
2026-07-13 09:58:06,687 - app.services.wazuh_api - INFO - Fetched 2 alerts from Indexer
2026-07-13 09:58:07,966 - app.services.wazuh_api - INFO - Fetched 2 alerts from Indexer
2026-07-13 09:58:08,039 - app.services.wazuh_api - INFO - Found 2 agents
2026-07-13 09:58:08,088 - app.services.wazuh_api - INFO - Fetched 2 alerts from Indexer
2026-07-13 09:58:08,152 - app.services.wazuh_api - INFO - Fetched 2 alerts from Indexer
2026-07-13 09:58:08,233 - app.services.wazuh_api - INFO - Found 2 agents
2026-07-13 09:58:08,623 - app.services.wazuh_api - INFO - Fetched 2 alerts from Indexer
2026-07-13 09:58:08,684 - app.services.wazuh_api - INFO - Fetched 2 alerts from Indexer
2026-07-13 09:58:08,758 - app.services.wazuh_api - INFO - Found 2 agents
2026-07-13 09:58:09,619 - app.services.wazuh_api - INFO - Fetched 2 alerts from Indexer
2026-07-13 09:58:09,678 - app.services.wazuh_api - INFO - Fetched 2 alerts from Indexer
2026-07-13 09:58:09,755 - app.services.wazuh_api - INFO - Found 2 agents
2026-07-13 09:58:10,618 - app.services.wazuh_api - INFO - Fetched 2 alerts from Indexer
2026-07-13 09:58:10,665 - app.services.wazuh_api - INFO - Fetched 2 alerts from Indexer
2026-07-13 09:58:10,732 - app.services.wazuh_api - INFO - Found 2 agents
2026-07-13 09:58:11,632 - app.services.wazuh_api - INFO - Fetched 2 alerts from Indexer
2026-07-13 09:58:11,700 - app.services.wazuh_api - INFO - Fetched 2 alerts from Indexer
2026-07-13 09:58:11,758 - app.services.wazuh_api - INFO - Found 2 agents
2026-07-13 09:58:12,627 - app.services.wazuh_api - INFO - Fetched 2 alerts from Indexer
2026-07-13 09:58:12,668 - app.services.wazuh_api - INFO - Fetched 2 alerts from Indexer
2026-07-13 09:58:12,745 - app.services.wazuh_api - INFO - Found 2 agents
2026-07-13 09:58:13,616 - app.services.wazuh_api - INFO - Fetched 2 alerts from Indexer
2026-07-13 09:58:13,678 - app.services.wazuh_api - INFO - Fetched 2 alerts from Indexer
2026-07-13 09:58:13,759 - app.services.wazuh_api - INFO - Found 2 agents
2026-07-13 09:58:14,632 - app.services.wazuh_api - INFO - Fetched 2 alerts from Indexer
2026-07-13 09:58:14,708 - app.services.wazuh_api - INFO - Fetched 2 alerts from Indexer
2026-07-13 09:58:14,773 - app.services.wazuh_api - INFO - Found 2 agents
2026-07-13 09:58:15,632 - app.services.wazuh_api - INFO - Fetched 2 alerts from Indexer
2026-07-13 09:58:15,698 - app.services.wazuh_api - INFO - Fetched 2 alerts from Indexer
2026-07-13 09:58:15,767 - app.services.wazuh_api - INFO - Found 2 agents
2026-07-13 09:58:16,631 - app.services.wazuh_api - INFO - Fetched 2 alerts from Indexer
2026-07-13 09:58:16,687 - app.services.wazuh_api - INFO - Fetched 2 alerts from Indexer
2026-07-13 09:58:17,986 - app.services.wazuh_api - INFO - Fetched 2 alerts from Indexer
2026-07-13 09:58:18,060 - app.services.wazuh_api - INFO - Found 2 agents
2026-07-13 09:58:18,107 - app.services.wazuh_api - INFO - Fetched 2 alerts from Indexer
2026-07-13 09:58:18,149 - app.services.wazuh_api - INFO - Fetched 2 alerts from Indexer
2026-07-13 09:58:18,229 - app.services.wazuh_api - INFO - Found 2 agents
2026-07-13 09:58:18,624 - app.services.wazuh_api - INFO - Fetched 2 alerts from Indexer
2026-07-13 09:58:18,682 - app.services.wazuh_api - INFO - Fetched 2 alerts from Indexer
2026-07-13 09:58:18,758 - app.services.wazuh_api - INFO - Found 2 agents
2026-07-13 09:58:19,641 - app.services.wazuh_api - INFO - Fetched 2 alerts from Indexer
2026-07-13 09:58:19,688 - app.services.wazuh_api - INFO - Fetched 2 alerts from Indexer
2026-07-13 09:58:19,748 - app.services.wazuh_api - INFO - Found 2 agents
2026-07-13 09:58:20,618 - app.services.wazuh_api - INFO - Fetched 2 alerts from Indexer
2026-07-13 09:58:20,675 - app.services.wazuh_api - INFO - Fetched 2 alerts from Indexer
2026-07-13 09:58:20,752 - app.services.wazuh_api - INFO - Found 2 agents
2026-07-13 09:58:21,623 - app.services.wazuh_api - INFO - Fetched 2 alerts from Indexer
2026-07-13 09:58:21,719 - app.services.wazuh_api - INFO - Fetched 2 alerts from Indexer
2026-07-13 09:58:21,776 - app.services.wazuh_api - INFO - Found 2 agents
2026-07-13 09:58:22,620 - app.services.wazuh_api - INFO - Fetched 2 alerts from Indexer
2026-07-13 09:58:22,685 - app.services.wazuh_api - INFO - Fetched 2 alerts from Indexer
2026-07-13 09:58:22,765 - app.services.wazuh_api - INFO - Found 2 agents
2026-07-13 09:58:23,612 - app.services.wazuh_api - INFO - Fetched 2 alerts from Indexer
2026-07-13 09:58:23,657 - app.services.wazuh_api - INFO - Fetched 2 alerts from Indexer
2026-07-13 09:58:23,732 - app.services.wazuh_api - INFO - Found 2 agents
2026-07-13 09:58:24,622 - app.services.wazuh_api - INFO - Fetched 2 alerts from Indexer
2026-07-13 09:58:24,668 - app.services.wazuh_api - INFO - Fetched 2 alerts from Indexer
2026-07-13 09:58:24,726 - app.services.wazuh_api - INFO - Found 2 agents
2026-07-13 09:58:25,614 - app.services.wazuh_api - INFO - Fetched 2 alerts from Indexer
2026-07-13 09:58:25,674 - app.services.wazuh_api - INFO - Fetched 2 alerts from Indexer
2026-07-13 09:58:25,750 - app.services.wazuh_api - INFO - Found 2 agents
2026-07-13 09:58:26,633 - app.services.wazuh_api - INFO - Fetched 2 alerts from Indexer
2026-07-13 09:58:26,703 - app.services.wazuh_api - INFO - Found 2 agents
2026-07-13 09:58:26,768 - app.services.wazuh_api - INFO - Fetched 2 alerts from Indexer
2026-07-13 09:58:28,000 - app.services.wazuh_api - INFO - Fetched 2 alerts from Indexer
2026-07-13 09:58:28,052 - app.services.wazuh_api - INFO - Fetched 2 alerts from Indexer
2026-07-13 09:58:28,119 - app.services.wazuh_api - INFO - Fetched 2 alerts from Indexer
2026-07-13 09:58:28,195 - app.services.wazuh_api - INFO - Found 2 agents
2026-07-13 09:58:28,627 - app.services.wazuh_api - INFO - Fetched 2 alerts from Indexer
2026-07-13 09:58:28,672 - app.services.wazuh_api - INFO - Fetched 2 alerts from Indexer
2026-07-13 09:58:28,750 - app.services.wazuh_api - INFO - Found 2 agents
2026-07-13 09:58:29,645 - app.services.wazuh_api - INFO - Fetched 2 alerts from Indexer
2026-07-13 09:58:29,712 - app.services.wazuh_api - INFO - Fetched 2 alerts from Indexer
2026-07-13 09:58:29,766 - app.services.wazuh_api - INFO - Found 2 agents
2026-07-13 09:58:30,624 - app.services.wazuh_api - INFO - Fetched 2 alerts from Indexer
2026-07-13 09:58:30,668 - app.services.wazuh_api - INFO - Fetched 2 alerts from Indexer
2026-07-13 09:58:30,736 - app.services.wazuh_api - INFO - Found 2 agents
2026-07-13 09:58:31,621 - app.services.wazuh_api - INFO - Fetched 2 alerts from Indexer
2026-07-13 09:58:31,667 - app.services.wazuh_api - INFO - Fetched 2 alerts from Indexer
2026-07-13 09:58:31,744 - app.services.wazuh_api - INFO - Found 2 agents
2026-07-13 09:58:32,629 - app.services.wazuh_api - INFO - Fetched 2 alerts from Indexer
2026-07-13 09:58:32,677 - app.services.wazuh_api - INFO - Fetched 2 alerts from Indexer
2026-07-13 09:58:32,745 - app.services.wazuh_api - INFO - Found 2 agents
2026-07-13 09:58:33,620 - app.services.wazuh_api - INFO - Fetched 2 alerts from Indexer
2026-07-13 09:58:33,687 - app.services.wazuh_api - INFO - Fetched 2 alerts from Indexer
2026-07-13 09:58:33,765 - app.services.wazuh_api - INFO - Found 2 agents
2026-07-13 09:58:34,620 - app.services.wazuh_api - INFO - Fetched 2 alerts from Indexer
2026-07-13 09:58:34,687 - app.services.wazuh_api - INFO - Fetched 2 alerts from Indexer
2026-07-13 09:58:34,769 - app.services.wazuh_api - INFO - Found 2 agents
2026-07-13 09:58:35,621 - app.services.wazuh_api - INFO - Fetched 2 alerts from Indexer
2026-07-13 09:58:35,665 - app.services.wazuh_api - INFO - Fetched 2 alerts from Indexer
2026-07-13 09:58:35,736 - app.services.wazuh_api - INFO - Found 2 agents
2026-07-13 09:58:36,613 - app.services.wazuh_api - INFO - Fetched 2 alerts from Indexer
2026-07-13 09:58:36,668 - app.services.wazuh_api - INFO - Fetched 2 alerts from Indexer
2026-07-13 09:58:37,864 - app.services.wazuh_api - INFO - Fetched 2 alerts from Indexer
2026-07-13 09:58:37,958 - app.services.wazuh_api - INFO - Found 2 agents
2026-07-13 09:58:38,020 - app.services.wazuh_api - INFO - Fetched 2 alerts from Indexer
2026-07-13 09:58:38,069 - app.services.wazuh_api - INFO - Fetched 2 alerts from Indexer
2026-07-13 09:58:38,152 - app.services.wazuh_api - INFO - Found 2 agents
2026-07-13 09:58:38,636 - app.services.wazuh_api - INFO - Fetched 2 alerts from Indexer
2026-07-13 09:58:38,679 - app.services.wazuh_api - INFO - Fetched 2 alerts from Indexer
2026-07-13 09:58:38,755 - app.services.wazuh_api - INFO - Found 2 agents
2026-07-13 09:58:39,618 - app.services.wazuh_api - INFO - Fetched 2 alerts from Indexer
2026-07-13 09:58:39,660 - app.services.wazuh_api - INFO - Fetched 2 alerts from Indexer
2026-07-13 09:58:39,732 - app.services.wazuh_api - INFO - Found 2 agents
2026-07-13 09:58:40,627 - app.services.wazuh_api - INFO - Fetched 2 alerts from Indexer
2026-07-13 09:58:40,669 - app.services.wazuh_api - INFO - Fetched 2 alerts from Indexer
2026-07-13 09:58:40,749 - app.services.wazuh_api - INFO - Found 2 agents
2026-07-13 09:58:41,621 - app.services.wazuh_api - INFO - Fetched 2 alerts from Indexer
2026-07-13 09:58:41,684 - app.services.wazuh_api - INFO - Fetched 2 alerts from Indexer
2026-07-13 09:58:41,740 - app.services.wazuh_api - INFO - Found 2 agents
2026-07-13 09:58:42,630 - app.services.wazuh_api - INFO - Fetched 2 alerts from Indexer
2026-07-13 09:58:42,670 - app.services.wazuh_api - INFO - Fetched 2 alerts from Indexer
2026-07-13 09:58:42,738 - app.services.wazuh_api - INFO - Found 2 agents
2026-07-13 09:58:43,607 - app.services.wazuh_api - INFO - Fetched 2 alerts from Indexer
2026-07-13 09:58:43,648 - app.services.wazuh_api - INFO - Fetched 2 alerts from Indexer
2026-07-13 09:58:43,726 - app.services.wazuh_api - INFO - Found 2 agents
2026-07-13 09:58:44,606 - app.services.wazuh_api - INFO - Fetched 2 alerts from Indexer
2026-07-13 09:58:44,664 - app.services.wazuh_api - INFO - Fetched 2 alerts from Indexer
2026-07-13 09:58:44,732 - app.services.wazuh_api - INFO - Found 2 agents
2026-07-13 09:59:14,633 - app.services.wazuh_api - INFO - Fetched 2 alerts from Indexer
2026-07-13 09:59:14,688 - app.services.wazuh_api - INFO - Fetched 2 alerts from Indexer
2026-07-13 09:59:15,928 - app.services.wazuh_api - INFO - Fetched 2 alerts from Indexer
2026-07-13 09:59:16,004 - app.services.wazuh_api - INFO - Found 2 agents
2026-07-13 10:00:14,628 - app.services.wazuh_api - INFO - Fetched 2 alerts from Indexer
2026-07-13 10:00:14,685 - app.services.wazuh_api - INFO - Fetched 2 alerts from Indexer
2026-07-13 10:00:15,980 - app.services.wazuh_api - INFO - Fetched 2 alerts from Indexer
2026-07-13 10:00:16,038 - app.services.wazuh_api - INFO - Found 2 agents
2026-07-13 10:00:17,852 - werkzeug - INFO -  * Detected change in 'D:\\EDR-Project\\dashboard\\app\\main.py', reloading
2026-07-13 10:00:18,346 - werkzeug - INFO -  * Restarting with stat
2026-07-13 10:00:22,198 - app.models.detector - INFO - [OK] Model loaded with joblib: D:\EDR-Project\dashboard\models_data\ecod.pkl
2026-07-13 10:00:22,213 - __main__ - INFO - Starting EDR Dashboard on 0.0.0.0:5000
2026-07-13 10:00:22,213 - __main__ - INFO - Wazuh API: localhost:55000
2026-07-13 10:00:22,213 - __main__ - INFO - Model: D:\EDR-Project\dashboard\models_data\ecod.pkl
2026-07-13 10:00:22,218 - werkzeug - WARNING -  * Debugger is active!
2026-07-13 10:00:22,221 - werkzeug - INFO -  * Debugger PIN: 506-881-550
2026-07-13 10:00:24,885 - app.main - INFO - Client connected
2026-07-13 10:00:24,934 - app.services.wazuh_api - INFO - Fetched 2 alerts from Indexer
2026-07-13 10:00:39,937 - werkzeug - INFO -  * Detected change in 'D:\\EDR-Project\\dashboard\\app\\main.py', reloading
2026-07-13 10:00:40,388 - werkzeug - INFO -  * Restarting with stat
2026-07-13 10:00:44,017 - app.models.detector - INFO - [OK] Model loaded with joblib: D:\EDR-Project\dashboard\models_data\ecod.pkl
2026-07-13 10:00:44,032 - __main__ - INFO - Starting EDR Dashboard on 0.0.0.0:5000
2026-07-13 10:00:44,032 - __main__ - INFO - Wazuh API: localhost:55000
2026-07-13 10:00:44,033 - __main__ - INFO - Model: D:\EDR-Project\dashboard\models_data\ecod.pkl
2026-07-13 10:00:44,036 - werkzeug - WARNING -  * Debugger is active!
2026-07-13 10:00:44,040 - werkzeug - INFO -  * Debugger PIN: 506-881-550
2026-07-13 10:00:47,569 - app.main - INFO - Client connected
2026-07-13 10:00:47,620 - app.services.wazuh_api - INFO - Fetched 2 alerts from Indexer
2026-07-13 10:01:14,621 - app.services.wazuh_api - INFO - Fetched 2 alerts from Indexer
2026-07-13 10:01:14,670 - app.services.wazuh_api - INFO - Fetched 2 alerts from Indexer
2026-07-13 10:01:16,542 - app.services.wazuh_api - INFO - Fetched 2 alerts from Indexer
2026-07-13 10:01:16,834 - app.services.wazuh_api - INFO - Connected to Wazuh API
2026-07-13 10:01:16,920 - app.services.wazuh_api - INFO - Found 2 agents
2026-07-13 10:01:47,132 - app.services.wazuh_api - INFO - Fetched 2 alerts from Indexer
2026-07-13 10:01:47,189 - app.services.wazuh_api - INFO - Fetched 2 alerts from Indexer
2026-07-13 10:01:47,248 - app.services.wazuh_api - INFO - Fetched 2 alerts from Indexer
2026-07-13 10:01:47,316 - app.services.wazuh_api - INFO - Found 2 agents
2026-07-13 10:01:48,078 - app.services.wazuh_api - INFO - Fetched 2 alerts from Indexer
2026-07-13 10:01:48,140 - app.services.wazuh_api - INFO - Fetched 2 alerts from Indexer
2026-07-13 10:01:48,223 - app.services.wazuh_api - INFO - Found 2 agents
2026-07-13 10:01:49,072 - app.services.wazuh_api - INFO - Fetched 2 alerts from Indexer
2026-07-13 10:01:49,113 - app.services.wazuh_api - INFO - Fetched 2 alerts from Indexer
2026-07-13 10:01:49,191 - app.services.wazuh_api - INFO - Found 2 agents
2026-07-13 10:01:50,066 - app.services.wazuh_api - INFO - Fetched 2 alerts from Indexer
2026-07-13 10:01:50,108 - app.services.wazuh_api - INFO - Fetched 2 alerts from Indexer
2026-07-13 10:01:50,192 - app.services.wazuh_api - INFO - Found 2 agents
2026-07-13 10:01:51,066 - app.services.wazuh_api - INFO - Fetched 2 alerts from Indexer
2026-07-13 10:01:51,128 - app.services.wazuh_api - INFO - Fetched 2 alerts from Indexer
2026-07-13 10:01:51,186 - app.services.wazuh_api - INFO - Found 2 agents
2026-07-13 10:01:52,605 - app.services.wazuh_api - INFO - Fetched 2 alerts from Indexer
2026-07-13 10:01:52,663 - app.services.wazuh_api - INFO - Fetched 2 alerts from Indexer
2026-07-13 10:01:52,731 - app.services.wazuh_api - INFO - Found 2 agents
2026-07-13 10:01:53,634 - app.services.wazuh_api - INFO - Fetched 2 alerts from Indexer
2026-07-13 10:01:53,700 - app.services.wazuh_api - INFO - Fetched 2 alerts from Indexer
2026-07-13 10:01:53,761 - app.services.wazuh_api - INFO - Found 2 agents
2026-07-13 10:01:54,629 - app.services.wazuh_api - INFO - Fetched 2 alerts from Indexer
2026-07-13 10:01:54,695 - app.services.wazuh_api - INFO - Fetched 2 alerts from Indexer
2026-07-13 10:01:54,777 - app.services.wazuh_api - INFO - Found 2 agents
2026-07-13 10:01:55,627 - app.services.wazuh_api - INFO - Fetched 2 alerts from Indexer
2026-07-13 10:01:55,706 - app.services.wazuh_api - INFO - Fetched 2 alerts from Indexer
2026-07-13 10:01:55,774 - app.services.wazuh_api - INFO - Found 2 agents
2026-07-13 10:01:56,201 - app.services.wazuh_api - INFO - Fetched 2 alerts from Indexer
2026-07-13 10:01:56,282 - app.services.wazuh_api - INFO - Found 2 agents
2026-07-13 10:01:56,344 - app.services.wazuh_api - INFO - Fetched 2 alerts from Indexer
2026-07-13 10:01:56,410 - app.services.wazuh_api - INFO - Fetched 2 alerts from Indexer
2026-07-13 10:01:57,062 - app.services.wazuh_api - INFO - Fetched 2 alerts from Indexer
2026-07-13 10:01:57,124 - app.services.wazuh_api - INFO - Fetched 2 alerts from Indexer
2026-07-13 10:01:57,198 - app.services.wazuh_api - INFO - Found 2 agents
2026-07-13 10:01:58,071 - app.services.wazuh_api - INFO - Fetched 2 alerts from Indexer
2026-07-13 10:01:58,133 - app.services.wazuh_api - INFO - Fetched 2 alerts from Indexer
2026-07-13 10:01:58,195 - app.services.wazuh_api - INFO - Found 2 agents
2026-07-13 10:01:59,624 - app.services.wazuh_api - INFO - Fetched 2 alerts from Indexer
2026-07-13 10:01:59,664 - app.services.wazuh_api - INFO - Fetched 2 alerts from Indexer
2026-07-13 10:01:59,737 - app.services.wazuh_api - INFO - Found 2 agents
2026-07-13 10:02:00,605 - app.services.wazuh_api - INFO - Fetched 2 alerts from Indexer
2026-07-13 10:02:00,665 - app.services.wazuh_api - INFO - Fetched 2 alerts from Indexer
2026-07-13 10:02:00,743 - app.services.wazuh_api - INFO - Found 2 agents
2026-07-13 10:02:01,627 - app.services.wazuh_api - INFO - Fetched 2 alerts from Indexer
2026-07-13 10:02:01,689 - app.services.wazuh_api - INFO - Fetched 2 alerts from Indexer
2026-07-13 10:02:01,743 - app.services.wazuh_api - INFO - Found 2 agents
2026-07-13 10:02:02,622 - app.services.wazuh_api - INFO - Fetched 2 alerts from Indexer
2026-07-13 10:02:02,683 - app.services.wazuh_api - INFO - Fetched 2 alerts from Indexer
2026-07-13 10:02:02,748 - app.services.wazuh_api - INFO - Found 2 agents
2026-07-13 10:02:03,616 - app.services.wazuh_api - INFO - Fetched 2 alerts from Indexer
2026-07-13 10:02:03,678 - app.services.wazuh_api - INFO - Fetched 2 alerts from Indexer
2026-07-13 10:02:03,756 - app.services.wazuh_api - INFO - Found 2 agents
2026-07-13 10:02:04,628 - app.services.wazuh_api - INFO - Fetched 2 alerts from Indexer
2026-07-13 10:02:04,687 - app.services.wazuh_api - INFO - Fetched 2 alerts from Indexer
2026-07-13 10:02:04,767 - app.services.wazuh_api - INFO - Found 2 agents
2026-07-13 10:02:05,609 - app.services.wazuh_api - INFO - Fetched 2 alerts from Indexer
2026-07-13 10:02:05,668 - app.services.wazuh_api - INFO - Fetched 2 alerts from Indexer
2026-07-13 10:02:05,741 - app.services.wazuh_api - INFO - Found 2 agents
2026-07-13 10:02:06,615 - app.services.wazuh_api - INFO - Fetched 2 alerts from Indexer
2026-07-13 10:02:06,676 - app.services.wazuh_api - INFO - Fetched 2 alerts from Indexer
2026-07-13 10:02:06,736 - app.services.wazuh_api - INFO - Fetched 2 alerts from Indexer
2026-07-13 10:02:06,802 - app.services.wazuh_api - INFO - Found 2 agents
2026-07-13 10:02:07,625 - app.services.wazuh_api - INFO - Fetched 2 alerts from Indexer
2026-07-13 10:02:07,685 - app.services.wazuh_api - INFO - Fetched 2 alerts from Indexer
2026-07-13 10:02:07,766 - app.services.wazuh_api - INFO - Found 2 agents
2026-07-13 10:02:08,622 - app.services.wazuh_api - INFO - Fetched 2 alerts from Indexer
2026-07-13 10:02:08,683 - app.services.wazuh_api - INFO - Fetched 2 alerts from Indexer
2026-07-13 10:02:08,762 - app.services.wazuh_api - INFO - Found 2 agents
2026-07-13 10:02:09,611 - app.services.wazuh_api - INFO - Fetched 2 alerts from Indexer
2026-07-13 10:02:09,666 - app.services.wazuh_api - INFO - Fetched 2 alerts from Indexer
2026-07-13 10:02:09,747 - app.services.wazuh_api - INFO - Found 2 agents
2026-07-13 10:02:10,609 - app.services.wazuh_api - INFO - Fetched 2 alerts from Indexer
2026-07-13 10:02:10,655 - app.services.wazuh_api - INFO - Fetched 2 alerts from Indexer
2026-07-13 10:02:10,731 - app.services.wazuh_api - INFO - Found 2 agents
2026-07-13 10:02:11,623 - app.services.wazuh_api - INFO - Fetched 2 alerts from Indexer
2026-07-13 10:02:11,688 - app.services.wazuh_api - INFO - Fetched 2 alerts from Indexer
2026-07-13 10:02:11,763 - app.services.wazuh_api - INFO - Found 2 agents
2026-07-13 10:02:12,624 - app.services.wazuh_api - INFO - Fetched 2 alerts from Indexer
2026-07-13 10:02:12,686 - app.services.wazuh_api - INFO - Fetched 2 alerts from Indexer
2026-07-13 10:02:12,767 - app.services.wazuh_api - INFO - Found 2 agents
2026-07-13 10:02:13,626 - app.services.wazuh_api - INFO - Fetched 2 alerts from Indexer
2026-07-13 10:02:13,682 - app.services.wazuh_api - INFO - Fetched 2 alerts from Indexer
2026-07-13 10:02:13,761 - app.services.wazuh_api - INFO - Found 2 agents
2026-07-13 10:02:14,641 - app.services.wazuh_api - INFO - Fetched 2 alerts from Indexer
2026-07-13 10:02:14,715 - app.services.wazuh_api - INFO - Fetched 2 alerts from Indexer
2026-07-13 10:02:14,785 - app.services.wazuh_api - INFO - Found 2 agents
2026-07-13 10:02:15,630 - app.services.wazuh_api - INFO - Fetched 2 alerts from Indexer
2026-07-13 10:02:15,684 - app.services.wazuh_api - INFO - Fetched 2 alerts from Indexer
2026-07-13 10:02:15,764 - app.services.wazuh_api - INFO - Found 2 agents
2026-07-13 10:02:16,630 - app.services.wazuh_api - INFO - Fetched 2 alerts from Indexer
2026-07-13 10:02:16,674 - app.services.wazuh_api - INFO - Fetched 2 alerts from Indexer
2026-07-13 10:02:16,740 - app.services.wazuh_api - INFO - Fetched 2 alerts from Indexer
2026-07-13 10:02:16,825 - app.services.wazuh_api - INFO - Found 2 agents
2026-07-13 10:02:17,569 - app.services.wazuh_api - INFO - Fetched 2 alerts from Indexer
2026-07-13 10:02:17,627 - app.services.wazuh_api - INFO - Fetched 2 alerts from Indexer
2026-07-13 10:02:17,685 - app.services.wazuh_api - INFO - Found 2 agents
2026-07-13 10:02:18,081 - app.services.wazuh_api - INFO - Fetched 2 alerts from Indexer
2026-07-13 10:02:18,143 - app.services.wazuh_api - INFO - Fetched 2 alerts from Indexer
2026-07-13 10:02:18,216 - app.services.wazuh_api - INFO - Found 2 agents
2026-07-13 10:02:19,629 - app.services.wazuh_api - INFO - Fetched 2 alerts from Indexer
2026-07-13 10:02:19,691 - app.services.wazuh_api - INFO - Fetched 2 alerts from Indexer
2026-07-13 10:02:19,746 - app.services.wazuh_api - INFO - Found 2 agents
2026-07-13 10:02:20,625 - app.services.wazuh_api - INFO - Fetched 2 alerts from Indexer
2026-07-13 10:02:20,669 - app.services.wazuh_api - INFO - Fetched 2 alerts from Indexer
2026-07-13 10:02:20,736 - app.services.wazuh_api - INFO - Found 2 agents
2026-07-13 10:02:21,626 - app.services.wazuh_api - INFO - Fetched 2 alerts from Indexer
2026-07-13 10:02:21,686 - app.services.wazuh_api - INFO - Fetched 2 alerts from Indexer
2026-07-13 10:02:21,763 - app.services.wazuh_api - INFO - Found 2 agents
2026-07-13 10:02:22,621 - app.services.wazuh_api - INFO - Fetched 2 alerts from Indexer
2026-07-13 10:02:22,681 - app.services.wazuh_api - INFO - Fetched 2 alerts from Indexer
2026-07-13 10:02:22,762 - app.services.wazuh_api - INFO - Found 2 agents
2026-07-13 10:02:23,617 - app.services.wazuh_api - INFO - Fetched 2 alerts from Indexer
2026-07-13 10:02:23,661 - app.services.wazuh_api - INFO - Fetched 2 alerts from Indexer
2026-07-13 10:02:23,726 - app.services.wazuh_api - INFO - Found 2 agents
2026-07-13 10:02:24,068 - app.services.wazuh_api - INFO - Fetched 2 alerts from Indexer
2026-07-13 10:02:24,114 - app.services.wazuh_api - INFO - Fetched 2 alerts from Indexer
2026-07-13 10:02:24,180 - app.services.wazuh_api - INFO - Found 2 agents
2026-07-13 10:02:25,083 - app.services.wazuh_api - INFO - Fetched 2 alerts from Indexer
2026-07-13 10:02:25,145 - app.services.wazuh_api - INFO - Fetched 2 alerts from Indexer
2026-07-13 10:02:25,210 - app.services.wazuh_api - INFO - Found 2 agents
2026-07-13 10:02:26,622 - app.services.wazuh_api - INFO - Fetched 2 alerts from Indexer
2026-07-13 10:02:26,668 - app.services.wazuh_api - INFO - Fetched 2 alerts from Indexer
2026-07-13 10:02:26,732 - app.services.wazuh_api - INFO - Fetched 2 alerts from Indexer
2026-07-13 10:02:26,806 - app.services.wazuh_api - INFO - Found 2 agents
2026-07-13 10:02:27,623 - app.services.wazuh_api - INFO - Fetched 2 alerts from Indexer
2026-07-13 10:02:27,681 - app.services.wazuh_api - INFO - Fetched 2 alerts from Indexer
2026-07-13 10:02:27,754 - app.services.wazuh_api - INFO - Found 2 agents
2026-07-13 10:02:28,627 - app.services.wazuh_api - INFO - Fetched 2 alerts from Indexer
2026-07-13 10:02:28,669 - app.services.wazuh_api - INFO - Fetched 2 alerts from Indexer
2026-07-13 10:02:28,753 - app.services.wazuh_api - INFO - Found 2 agents
2026-07-13 10:02:29,081 - app.services.wazuh_api - INFO - Fetched 2 alerts from Indexer
2026-07-13 10:02:29,125 - app.services.wazuh_api - INFO - Fetched 2 alerts from Indexer
2026-07-13 10:02:29,204 - app.services.wazuh_api - INFO - Found 2 agents
2026-07-13 10:02:30,060 - app.services.wazuh_api - INFO - Fetched 2 alerts from Indexer
2026-07-13 10:02:30,105 - app.services.wazuh_api - INFO - Fetched 2 alerts from Indexer
2026-07-13 10:02:30,188 - app.services.wazuh_api - INFO - Found 2 agents
2026-07-13 10:02:31,639 - app.services.wazuh_api - INFO - Fetched 2 alerts from Indexer
2026-07-13 10:02:31,689 - app.services.wazuh_api - INFO - Fetched 2 alerts from Indexer
2026-07-13 10:02:31,779 - app.services.wazuh_api - INFO - Found 2 agents
2026-07-13 10:02:32,623 - app.services.wazuh_api - INFO - Fetched 2 alerts from Indexer
2026-07-13 10:02:32,682 - app.services.wazuh_api - INFO - Fetched 2 alerts from Indexer
2026-07-13 10:02:32,761 - app.services.wazuh_api - INFO - Found 2 agents
2026-07-13 10:02:33,629 - app.services.wazuh_api - INFO - Fetched 2 alerts from Indexer
2026-07-13 10:02:33,690 - app.services.wazuh_api - INFO - Fetched 2 alerts from Indexer
2026-07-13 10:02:33,767 - app.services.wazuh_api - INFO - Found 2 agents
2026-07-13 10:02:34,617 - app.services.wazuh_api - ERROR - Failed: 404
2026-07-13 10:02:34,673 - app.services.wazuh_api - ERROR - Failed: 404
2026-07-13 10:02:34,753 - app.services.wazuh_api - INFO - Found 2 agents
2026-07-13 10:02:35,627 - app.services.wazuh_api - ERROR - Failed: 404
2026-07-13 10:02:35,687 - app.services.wazuh_api - ERROR - Failed: 404
2026-07-13 10:02:35,752 - app.services.wazuh_api - INFO - Found 2 agents
2026-07-13 10:02:36,618 - app.services.wazuh_api - ERROR - Failed: 404
2026-07-13 10:02:36,673 - app.services.wazuh_api - ERROR - Failed: 404
2026-07-13 10:02:36,733 - app.services.wazuh_api - ERROR - Failed: 404
2026-07-13 10:02:36,799 - app.services.wazuh_api - INFO - Found 2 agents
2026-07-13 10:02:37,614 - app.services.wazuh_api - ERROR - Failed: 404
2026-07-13 10:02:37,667 - app.services.wazuh_api - ERROR - Failed: 404
2026-07-13 10:02:37,743 - app.services.wazuh_api - INFO - Found 2 agents
2026-07-13 10:02:38,626 - app.services.wazuh_api - ERROR - Failed: 404
2026-07-13 10:02:38,715 - app.services.wazuh_api - ERROR - Failed: 404
2026-07-13 10:02:38,791 - app.services.wazuh_api - INFO - Found 2 agents
2026-07-13 10:02:39,634 - app.services.wazuh_api - ERROR - Failed: 400
2026-07-13 10:02:39,699 - app.services.wazuh_api - ERROR - Failed: 400
2026-07-13 10:02:39,755 - app.services.wazuh_api - INFO - Found 2 agents
2026-07-13 10:02:40,105 - app.services.wazuh_api - ERROR - Failed: 400
2026-07-13 10:02:40,180 - app.services.wazuh_api - INFO - Found 2 agents
2026-07-13 10:02:40,244 - app.services.wazuh_api - ERROR - Failed: 400
2026-07-13 10:02:41,059 - app.services.wazuh_api - ERROR - Failed: 400
2026-07-13 10:02:41,109 - app.services.wazuh_api - ERROR - Failed: 400
2026-07-13 10:02:41,185 - app.services.wazuh_api - INFO - Found 2 agents
2026-07-13 10:02:42,081 - app.services.wazuh_api - ERROR - Failed: 400
2026-07-13 10:02:42,123 - app.services.wazuh_api - ERROR - Failed: 400
2026-07-13 10:02:42,203 - app.services.wazuh_api - INFO - Found 2 agents
2026-07-13 10:02:43,074 - app.services.wazuh_api - ERROR - Failed: 400
2026-07-13 10:02:43,135 - app.services.wazuh_api - ERROR - Failed: 400
2026-07-13 10:02:43,197 - app.services.wazuh_api - INFO - Found 2 agents
2026-07-13 10:02:44,625 - app.services.wazuh_api - ERROR - Failed: 400
2026-07-13 10:02:44,678 - app.services.wazuh_api - ERROR - Failed: 400
2026-07-13 10:02:44,761 - app.services.wazuh_api - INFO - Found 2 agents
2026-07-13 10:02:45,621 - app.services.wazuh_api - ERROR - Failed: 400
2026-07-13 10:02:45,670 - app.services.wazuh_api - ERROR - Failed: 400
2026-07-13 10:02:45,743 - app.services.wazuh_api - INFO - Found 2 agents
2026-07-13 10:02:46,061 - app.services.wazuh_api - INFO - Fetched 0 alerts from Indexer
2026-07-13 10:02:46,126 - app.services.wazuh_api - INFO - Fetched 0 alerts from Indexer
2026-07-13 10:02:46,197 - app.services.wazuh_api - INFO - Fetched 0 alerts from Indexer
2026-07-13 10:02:46,282 - app.services.wazuh_api - INFO - Found 2 agents
2026-07-13 10:02:47,069 - app.services.wazuh_api - INFO - Fetched 1 alerts from Indexer
2026-07-13 10:02:47,132 - app.services.wazuh_api - INFO - Fetched 1 alerts from Indexer
2026-07-13 10:02:47,238 - app.services.wazuh_api - INFO - Found 2 agents
2026-07-13 10:02:48,069 - app.services.wazuh_api - INFO - Fetched 1 alerts from Indexer
2026-07-13 10:02:48,111 - app.services.wazuh_api - INFO - Fetched 1 alerts from Indexer
2026-07-13 10:02:48,172 - app.services.wazuh_api - INFO - Found 2 agents
2026-07-13 10:02:49,077 - app.services.wazuh_api - INFO - Fetched 1 alerts from Indexer
2026-07-13 10:02:49,139 - app.services.wazuh_api - INFO - Fetched 1 alerts from Indexer
2026-07-13 10:02:49,197 - app.services.wazuh_api - INFO - Found 2 agents
2026-07-13 10:02:50,074 - app.services.wazuh_api - INFO - Fetched 1 alerts from Indexer
2026-07-13 10:02:50,117 - app.services.wazuh_api - INFO - Fetched 1 alerts from Indexer
2026-07-13 10:02:50,183 - app.services.wazuh_api - INFO - Found 2 agents
2026-07-13 10:02:51,069 - app.services.wazuh_api - INFO - Fetched 1 alerts from Indexer
2026-07-13 10:02:51,109 - app.services.wazuh_api - INFO - Fetched 1 alerts from Indexer
2026-07-13 10:02:51,168 - app.services.wazuh_api - INFO - Found 2 agents
2026-07-13 10:02:52,068 - app.services.wazuh_api - INFO - Fetched 1 alerts from Indexer
2026-07-13 10:02:52,130 - app.services.wazuh_api - INFO - Fetched 1 alerts from Indexer
2026-07-13 10:02:52,187 - app.services.wazuh_api - INFO - Found 2 agents
2026-07-13 10:02:53,086 - app.services.wazuh_api - INFO - Fetched 1 alerts from Indexer
2026-07-13 10:02:53,141 - app.services.wazuh_api - INFO - Fetched 1 alerts from Indexer
2026-07-13 10:02:53,206 - app.services.wazuh_api - INFO - Found 2 agents
2026-07-13 10:02:54,074 - app.services.wazuh_api - INFO - Fetched 1 alerts from Indexer
2026-07-13 10:02:54,117 - app.services.wazuh_api - INFO - Fetched 1 alerts from Indexer
2026-07-13 10:02:54,185 - app.services.wazuh_api - INFO - Found 2 agents
2026-07-13 10:02:55,065 - app.services.wazuh_api - INFO - Fetched 1 alerts from Indexer
2026-07-13 10:02:55,127 - app.services.wazuh_api - INFO - Fetched 1 alerts from Indexer
2026-07-13 10:02:55,183 - app.services.wazuh_api - INFO - Found 2 agents
2026-07-13 10:02:56,625 - app.services.wazuh_api - INFO - Fetched 1 alerts from Indexer
2026-07-13 10:02:56,686 - app.services.wazuh_api - INFO - Fetched 1 alerts from Indexer
2026-07-13 10:02:57,345 - app.services.wazuh_api - INFO - Fetched 1 alerts from Indexer
2026-07-13 10:02:57,407 - app.services.wazuh_api - INFO - Found 2 agents
2026-07-13 10:02:57,469 - app.services.wazuh_api - INFO - Fetched 1 alerts from Indexer
2026-07-13 10:02:57,530 - app.services.wazuh_api - INFO - Fetched 1 alerts from Indexer
2026-07-13 10:02:57,633 - app.services.wazuh_api - INFO - Found 2 agents
2026-07-13 10:02:58,081 - app.services.wazuh_api - INFO - Fetched 1 alerts from Indexer
2026-07-13 10:02:58,138 - app.services.wazuh_api - INFO - Fetched 1 alerts from Indexer
2026-07-13 10:02:58,205 - app.services.wazuh_api - INFO - Found 2 agents
2026-07-13 10:02:59,072 - app.services.wazuh_api - INFO - Fetched 1 alerts from Indexer
2026-07-13 10:02:59,134 - app.services.wazuh_api - INFO - Fetched 1 alerts from Indexer
2026-07-13 10:02:59,207 - app.services.wazuh_api - INFO - Found 2 agents
2026-07-13 10:03:00,072 - app.services.wazuh_api - INFO - Fetched 1 alerts from Indexer
2026-07-13 10:03:00,131 - app.services.wazuh_api - INFO - Fetched 1 alerts from Indexer
2026-07-13 10:03:00,211 - app.services.wazuh_api - INFO - Found 2 agents
2026-07-13 10:03:01,081 - app.services.wazuh_api - INFO - Fetched 1 alerts from Indexer
2026-07-13 10:03:01,141 - app.services.wazuh_api - INFO - Fetched 1 alerts from Indexer
2026-07-13 10:03:01,219 - app.services.wazuh_api - INFO - Found 2 agents
2026-07-13 10:03:02,066 - app.services.wazuh_api - INFO - Fetched 1 alerts from Indexer
2026-07-13 10:03:02,106 - app.services.wazuh_api - INFO - Fetched 1 alerts from Indexer
2026-07-13 10:03:02,182 - app.services.wazuh_api - INFO - Found 2 agents
2026-07-13 10:03:03,056 - app.services.wazuh_api - INFO - Fetched 1 alerts from Indexer
2026-07-13 10:03:03,115 - app.services.wazuh_api - INFO - Fetched 1 alerts from Indexer
2026-07-13 10:03:03,195 - app.services.wazuh_api - INFO - Found 2 agents
2026-07-13 10:03:04,069 - app.services.wazuh_api - INFO - Fetched 1 alerts from Indexer
2026-07-13 10:03:04,132 - app.services.wazuh_api - INFO - Fetched 1 alerts from Indexer
2026-07-13 10:03:04,210 - app.services.wazuh_api - INFO - Found 2 agents
2026-07-13 10:03:05,065 - app.services.wazuh_api - INFO - Fetched 1 alerts from Indexer
2026-07-13 10:03:05,121 - app.services.wazuh_api - INFO - Fetched 1 alerts from Indexer
2026-07-13 10:03:05,178 - app.services.wazuh_api - INFO - Found 2 agents
2026-07-13 10:03:06,099 - app.services.wazuh_api - INFO - Fetched 1 alerts from Indexer
2026-07-13 10:03:06,139 - app.services.wazuh_api - INFO - Fetched 1 alerts from Indexer
2026-07-13 10:03:06,197 - app.services.wazuh_api - INFO - Fetched 1 alerts from Indexer
2026-07-13 10:03:06,278 - app.services.wazuh_api - INFO - Found 2 agents
2026-07-13 10:03:07,636 - app.services.wazuh_api - INFO - Fetched 1 alerts from Indexer
2026-07-13 10:03:07,706 - app.services.wazuh_api - INFO - Fetched 1 alerts from Indexer
2026-07-13 10:03:07,766 - app.services.wazuh_api - INFO - Found 2 agents
2026-07-13 10:03:08,643 - app.services.wazuh_api - INFO - Fetched 1 alerts from Indexer
2026-07-13 10:03:08,694 - app.services.wazuh_api - INFO - Fetched 1 alerts from Indexer
2026-07-13 10:03:08,767 - app.services.wazuh_api - INFO - Found 2 agents
2026-07-13 10:03:09,428 - app.services.wazuh_api - INFO - Fetched 1 alerts from Indexer
2026-07-13 10:03:09,496 - app.services.wazuh_api - INFO - Found 2 agents
2026-07-13 10:03:09,556 - app.services.wazuh_api - INFO - Fetched 1 alerts from Indexer
2026-07-13 10:03:10,071 - app.services.wazuh_api - INFO - Fetched 1 alerts from Indexer
2026-07-13 10:03:10,115 - app.services.wazuh_api - INFO - Fetched 1 alerts from Indexer
2026-07-13 10:03:10,185 - app.services.wazuh_api - INFO - Found 2 agents
2026-07-13 10:03:11,622 - app.services.wazuh_api - INFO - Fetched 1 alerts from Indexer
2026-07-13 10:03:11,680 - app.services.wazuh_api - INFO - Fetched 1 alerts from Indexer
2026-07-13 10:03:11,757 - app.services.wazuh_api - INFO - Found 2 agents
2026-07-13 10:03:12,626 - app.services.wazuh_api - INFO - Fetched 1 alerts from Indexer
2026-07-13 10:03:12,667 - app.services.wazuh_api - INFO - Fetched 1 alerts from Indexer
2026-07-13 10:03:12,730 - app.services.wazuh_api - INFO - Found 2 agents
2026-07-13 10:03:13,625 - app.services.wazuh_api - INFO - Fetched 1 alerts from Indexer
2026-07-13 10:03:13,668 - app.services.wazuh_api - INFO - Fetched 1 alerts from Indexer
2026-07-13 10:03:13,744 - app.services.wazuh_api - INFO - Found 2 agents
2026-07-13 10:03:14,632 - app.services.wazuh_api - INFO - Fetched 1 alerts from Indexer
2026-07-13 10:03:14,674 - app.services.wazuh_api - INFO - Fetched 1 alerts from Indexer
2026-07-13 10:03:14,755 - app.services.wazuh_api - INFO - Found 2 agents
2026-07-13 10:03:15,628 - app.services.wazuh_api - INFO - Fetched 1 alerts from Indexer
2026-07-13 10:03:15,684 - app.services.wazuh_api - INFO - Fetched 1 alerts from Indexer
2026-07-13 10:03:15,763 - app.services.wazuh_api - INFO - Found 2 agents
2026-07-13 10:03:16,639 - app.services.wazuh_api - INFO - Fetched 1 alerts from Indexer
2026-07-13 10:03:16,703 - app.services.wazuh_api - INFO - Fetched 1 alerts from Indexer
2026-07-13 10:03:16,744 - app.services.wazuh_api - INFO - Fetched 1 alerts from Indexer
2026-07-13 10:03:16,804 - app.services.wazuh_api - INFO - Found 2 agents
2026-07-13 10:03:17,624 - app.services.wazuh_api - INFO - Fetched 1 alerts from Indexer
2026-07-13 10:03:17,667 - app.services.wazuh_api - INFO - Fetched 1 alerts from Indexer
2026-07-13 10:03:17,744 - app.services.wazuh_api - INFO - Found 2 agents
2026-07-13 10:03:18,626 - app.services.wazuh_api - INFO - Fetched 1 alerts from Indexer
2026-07-13 10:03:18,669 - app.services.wazuh_api - INFO - Fetched 1 alerts from Indexer
2026-07-13 10:03:18,721 - app.services.wazuh_api - INFO - Found 2 agents
2026-07-13 10:03:19,614 - app.services.wazuh_api - INFO - Fetched 1 alerts from Indexer
2026-07-13 10:03:19,672 - app.services.wazuh_api - INFO - Fetched 1 alerts from Indexer
2026-07-13 10:03:19,752 - app.services.wazuh_api - INFO - Found 2 agents
2026-07-13 10:03:20,627 - app.services.wazuh_api - INFO - Fetched 1 alerts from Indexer
2026-07-13 10:03:20,671 - app.services.wazuh_api - INFO - Fetched 1 alerts from Indexer
2026-07-13 10:03:20,739 - app.services.wazuh_api - INFO - Found 2 agents
2026-07-13 10:03:21,627 - app.services.wazuh_api - INFO - Fetched 1 alerts from Indexer
2026-07-13 10:03:21,667 - app.services.wazuh_api - INFO - Fetched 1 alerts from Indexer
2026-07-13 10:03:21,736 - app.services.wazuh_api - INFO - Found 2 agents
2026-07-13 10:03:22,615 - app.services.wazuh_api - INFO - Fetched 1 alerts from Indexer
2026-07-13 10:03:22,935 - app.services.wazuh_api - INFO - Fetched 1 alerts from Indexer
2026-07-13 10:03:23,012 - app.services.wazuh_api - INFO - Found 2 agents
2026-07-13 10:03:23,612 - app.services.wazuh_api - INFO - Fetched 1 alerts from Indexer
2026-07-13 10:03:23,668 - app.services.wazuh_api - INFO - Fetched 1 alerts from Indexer
2026-07-13 10:03:23,755 - app.services.wazuh_api - INFO - Found 2 agents
2026-07-13 10:03:24,629 - app.services.wazuh_api - INFO - Fetched 1 alerts from Indexer
2026-07-13 10:03:24,700 - app.services.wazuh_api - INFO - Fetched 1 alerts from Indexer
2026-07-13 10:03:24,756 - app.services.wazuh_api - INFO - Found 2 agents
2026-07-13 10:03:25,636 - app.services.wazuh_api - INFO - Fetched 1 alerts from Indexer
2026-07-13 10:03:25,680 - app.services.wazuh_api - INFO - Fetched 1 alerts from Indexer
2026-07-13 10:03:25,762 - app.services.wazuh_api - INFO - Found 2 agents
2026-07-13 10:03:26,647 - app.services.wazuh_api - INFO - Fetched 1 alerts from Indexer
2026-07-13 10:03:26,692 - app.services.wazuh_api - INFO - Fetched 1 alerts from Indexer
2026-07-13 10:03:26,750 - app.services.wazuh_api - INFO - Fetched 1 alerts from Indexer
2026-07-13 10:03:26,837 - app.services.wazuh_api - INFO - Found 2 agents
2026-07-13 10:03:27,067 - app.services.wazuh_api - INFO - Fetched 1 alerts from Indexer
2026-07-13 10:03:27,129 - app.services.wazuh_api - INFO - Fetched 1 alerts from Indexer
2026-07-13 10:03:27,203 - app.services.wazuh_api - INFO - Found 2 agents
2026-07-13 10:03:28,624 - app.services.wazuh_api - INFO - Fetched 1 alerts from Indexer
2026-07-13 10:03:28,686 - app.services.wazuh_api - INFO - Fetched 1 alerts from Indexer
2026-07-13 10:03:28,743 - app.services.wazuh_api - INFO - Found 2 agents
2026-07-13 10:03:29,621 - app.services.wazuh_api - INFO - Fetched 1 alerts from Indexer
2026-07-13 10:03:29,678 - app.services.wazuh_api - INFO - Fetched 1 alerts from Indexer
2026-07-13 10:03:29,760 - app.services.wazuh_api - INFO - Found 2 agents
2026-07-13 10:03:30,631 - app.services.wazuh_api - INFO - Fetched 1 alerts from Indexer
2026-07-13 10:03:30,671 - app.services.wazuh_api - INFO - Fetched 1 alerts from Indexer
2026-07-13 10:03:30,740 - app.services.wazuh_api - INFO - Found 2 agents
2026-07-13 10:03:31,244 - app.services.wazuh_api - INFO - Fetched 1 alerts from Indexer
2026-07-13 10:03:31,325 - app.services.wazuh_api - INFO - Found 2 agents
2026-07-13 10:03:31,384 - app.services.wazuh_api - INFO - Fetched 1 alerts from Indexer
2026-07-13 10:03:32,072 - app.services.wazuh_api - INFO - Fetched 1 alerts from Indexer
2026-07-13 10:03:32,117 - app.services.wazuh_api - INFO - Fetched 1 alerts from Indexer
2026-07-13 10:03:32,194 - app.services.wazuh_api - INFO - Found 2 agents
2026-07-13 10:03:33,069 - app.services.wazuh_api - INFO - Fetched 1 alerts from Indexer
2026-07-13 10:03:33,130 - app.services.wazuh_api - INFO - Fetched 1 alerts from Indexer
2026-07-13 10:03:33,212 - app.services.wazuh_api - INFO - Found 2 agents
2026-07-13 10:03:34,617 - app.services.wazuh_api - INFO - Fetched 1 alerts from Indexer
2026-07-13 10:03:34,659 - app.services.wazuh_api - INFO - Fetched 1 alerts from Indexer
2026-07-13 10:03:34,738 - app.services.wazuh_api - INFO - Found 2 agents
2026-07-13 10:03:35,636 - app.services.wazuh_api - INFO - Fetched 1 alerts from Indexer
2026-07-13 10:03:35,698 - app.services.wazuh_api - INFO - Fetched 1 alerts from Indexer
2026-07-13 10:03:35,772 - app.services.wazuh_api - INFO - Found 2 agents
2026-07-13 10:03:36,636 - app.services.wazuh_api - INFO - Fetched 1 alerts from Indexer
2026-07-13 10:03:36,677 - app.services.wazuh_api - INFO - Fetched 1 alerts from Indexer
2026-07-13 10:03:36,737 - app.services.wazuh_api - INFO - Fetched 1 alerts from Indexer
2026-07-13 10:03:36,796 - app.services.wazuh_api - INFO - Found 2 agents
2026-07-13 10:03:37,628 - app.services.wazuh_api - INFO - Fetched 1 alerts from Indexer
2026-07-13 10:03:37,688 - app.services.wazuh_api - INFO - Fetched 1 alerts from Indexer
2026-07-13 10:03:37,745 - app.services.wazuh_api - INFO - Found 2 agents
2026-07-13 10:03:38,635 - app.services.wazuh_api - INFO - Fetched 1 alerts from Indexer
2026-07-13 10:03:38,692 - app.services.wazuh_api - INFO - Fetched 1 alerts from Indexer
2026-07-13 10:03:38,765 - app.services.wazuh_api - INFO - Found 2 agents
2026-07-13 10:03:39,636 - app.services.wazuh_api - INFO - Fetched 1 alerts from Indexer
2026-07-13 10:03:39,699 - app.services.wazuh_api - INFO - Fetched 1 alerts from Indexer
2026-07-13 10:03:39,755 - app.services.wazuh_api - INFO - Found 2 agents
2026-07-13 10:03:40,636 - app.services.wazuh_api - INFO - Fetched 1 alerts from Indexer
2026-07-13 10:03:40,688 - app.services.wazuh_api - INFO - Fetched 1 alerts from Indexer
2026-07-13 10:03:40,761 - app.services.wazuh_api - INFO - Found 2 agents
2026-07-13 10:03:41,636 - app.services.wazuh_api - INFO - Fetched 1 alerts from Indexer
2026-07-13 10:03:41,686 - app.services.wazuh_api - INFO - Fetched 1 alerts from Indexer
2026-07-13 10:03:41,753 - app.services.wazuh_api - INFO - Found 2 agents
2026-07-13 10:03:42,637 - app.services.wazuh_api - INFO - Fetched 1 alerts from Indexer
2026-07-13 10:03:42,680 - app.services.wazuh_api - INFO - Fetched 1 alerts from Indexer
2026-07-13 10:03:42,753 - app.services.wazuh_api - INFO - Found 2 agents
2026-07-13 10:03:43,633 - app.services.wazuh_api - INFO - Fetched 1 alerts from Indexer
2026-07-13 10:03:43,689 - app.services.wazuh_api - INFO - Fetched 1 alerts from Indexer
2026-07-13 10:03:43,769 - app.services.wazuh_api - INFO - Found 2 agents
2026-07-13 10:03:44,628 - app.services.wazuh_api - INFO - Fetched 1 alerts from Indexer
2026-07-13 10:03:44,670 - app.services.wazuh_api - INFO - Fetched 1 alerts from Indexer
2026-07-13 10:03:44,746 - app.services.wazuh_api - INFO - Found 2 agents
2026-07-13 10:03:45,639 - app.services.wazuh_api - INFO - Fetched 1 alerts from Indexer
2026-07-13 10:03:45,689 - app.services.wazuh_api - INFO - Fetched 1 alerts from Indexer
2026-07-13 10:03:45,760 - app.services.wazuh_api - INFO - Found 2 agents
2026-07-13 10:03:46,631 - app.services.wazuh_api - INFO - Fetched 1 alerts from Indexer
2026-07-13 10:03:46,701 - app.services.wazuh_api - INFO - Fetched 1 alerts from Indexer
2026-07-13 10:03:46,768 - app.services.wazuh_api - INFO - Fetched 1 alerts from Indexer
2026-07-13 10:03:46,846 - app.services.wazuh_api - INFO - Found 2 agents
2026-07-13 10:03:47,628 - app.services.wazuh_api - INFO - Fetched 1 alerts from Indexer
2026-07-13 10:03:47,680 - app.services.wazuh_api - INFO - Fetched 1 alerts from Indexer
2026-07-13 10:03:47,751 - app.services.wazuh_api - INFO - Found 2 agents
2026-07-13 10:03:48,618 - app.services.wazuh_api - INFO - Fetched 1 alerts from Indexer
2026-07-13 10:03:48,685 - app.services.wazuh_api - INFO - Fetched 1 alerts from Indexer
2026-07-13 10:03:48,763 - app.services.wazuh_api - INFO - Found 2 agents
2026-07-13 10:03:49,629 - app.services.wazuh_api - INFO - Fetched 1 alerts from Indexer
2026-07-13 10:03:49,684 - app.services.wazuh_api - INFO - Fetched 1 alerts from Indexer
2026-07-13 10:03:49,748 - app.services.wazuh_api - INFO - Found 2 agents
2026-07-13 10:03:50,618 - app.services.wazuh_api - INFO - Fetched 1 alerts from Indexer
2026-07-13 10:03:50,682 - app.services.wazuh_api - INFO - Fetched 1 alerts from Indexer
2026-07-13 10:03:50,765 - app.services.wazuh_api - INFO - Found 2 agents
2026-07-13 10:03:51,628 - app.services.wazuh_api - INFO - Fetched 1 alerts from Indexer
2026-07-13 10:03:51,684 - app.services.wazuh_api - INFO - Fetched 1 alerts from Indexer
2026-07-13 10:03:51,743 - app.services.wazuh_api - INFO - Found 2 agents
2026-07-13 10:03:52,625 - app.services.wazuh_api - INFO - Fetched 1 alerts from Indexer
2026-07-13 10:03:52,684 - app.services.wazuh_api - INFO - Fetched 1 alerts from Indexer
2026-07-13 10:03:52,744 - app.services.wazuh_api - INFO - Found 2 agents
2026-07-13 10:03:53,617 - app.services.wazuh_api - INFO - Fetched 1 alerts from Indexer
2026-07-13 10:03:53,661 - app.services.wazuh_api - INFO - Fetched 1 alerts from Indexer
2026-07-13 10:03:53,729 - app.services.wazuh_api - INFO - Found 2 agents
2026-07-13 10:03:54,630 - app.services.wazuh_api - INFO - Fetched 1 alerts from Indexer
2026-07-13 10:03:54,704 - app.services.wazuh_api - INFO - Fetched 1 alerts from Indexer
2026-07-13 10:03:54,781 - app.services.wazuh_api - INFO - Found 2 agents
2026-07-13 10:03:55,629 - app.services.wazuh_api - INFO - Fetched 1 alerts from Indexer
2026-07-13 10:03:55,685 - app.services.wazuh_api - INFO - Fetched 1 alerts from Indexer
2026-07-13 10:03:55,747 - app.services.wazuh_api - INFO - Found 2 agents
2026-07-13 10:03:56,628 - app.services.wazuh_api - INFO - Fetched 1 alerts from Indexer
2026-07-13 10:03:56,696 - app.services.wazuh_api - INFO - Fetched 1 alerts from Indexer
2026-07-13 10:03:56,759 - app.services.wazuh_api - INFO - Fetched 1 alerts from Indexer
2026-07-13 10:03:56,833 - app.services.wazuh_api - INFO - Found 2 agents
2026-07-13 10:03:57,626 - app.services.wazuh_api - INFO - Fetched 1 alerts from Indexer
2026-07-13 10:03:57,677 - app.services.wazuh_api - INFO - Fetched 1 alerts from Indexer
2026-07-13 10:03:57,738 - app.services.wazuh_api - INFO - Found 2 agents
2026-07-13 10:03:58,634 - app.services.wazuh_api - INFO - Fetched 1 alerts from Indexer
2026-07-13 10:03:58,697 - app.services.wazuh_api - INFO - Fetched 1 alerts from Indexer
2026-07-13 10:03:58,780 - app.services.wazuh_api - INFO - Found 2 agents
2026-07-13 10:03:59,611 - app.services.wazuh_api - INFO - Fetched 1 alerts from Indexer
2026-07-13 10:03:59,666 - app.services.wazuh_api - INFO - Fetched 1 alerts from Indexer
2026-07-13 10:03:59,723 - app.services.wazuh_api - INFO - Found 2 agents
2026-07-13 10:04:00,625 - app.services.wazuh_api - INFO - Fetched 1 alerts from Indexer
2026-07-13 10:04:00,683 - app.services.wazuh_api - INFO - Fetched 1 alerts from Indexer
2026-07-13 10:04:00,762 - app.services.wazuh_api - INFO - Found 2 agents
2026-07-13 10:04:01,638 - app.services.wazuh_api - INFO - Fetched 1 alerts from Indexer
2026-07-13 10:04:01,700 - app.services.wazuh_api - INFO - Fetched 1 alerts from Indexer
2026-07-13 10:04:01,775 - app.services.wazuh_api - INFO - Found 2 agents
2026-07-13 10:04:02,627 - app.services.wazuh_api - INFO - Fetched 1 alerts from Indexer
2026-07-13 10:04:02,684 - app.services.wazuh_api - INFO - Fetched 1 alerts from Indexer
2026-07-13 10:04:02,764 - app.services.wazuh_api - INFO - Found 2 agents
2026-07-13 10:04:03,626 - app.services.wazuh_api - INFO - Fetched 1 alerts from Indexer
2026-07-13 10:04:03,692 - app.services.wazuh_api - INFO - Fetched 1 alerts from Indexer
2026-07-13 10:04:03,757 - app.services.wazuh_api - INFO - Found 2 agents
2026-07-13 10:04:04,628 - app.services.wazuh_api - INFO - Fetched 1 alerts from Indexer
2026-07-13 10:04:04,687 - app.services.wazuh_api - INFO - Fetched 1 alerts from Indexer
2026-07-13 10:04:04,764 - app.services.wazuh_api - INFO - Found 2 agents
2026-07-13 10:04:05,629 - app.services.wazuh_api - INFO - Fetched 1 alerts from Indexer
2026-07-13 10:04:05,690 - app.services.wazuh_api - INFO - Fetched 1 alerts from Indexer
2026-07-13 10:04:05,751 - app.services.wazuh_api - INFO - Found 2 agents
2026-07-13 10:04:06,630 - app.services.wazuh_api - INFO - Fetched 1 alerts from Indexer
2026-07-13 10:04:06,717 - app.services.wazuh_api - INFO - Fetched 1 alerts from Indexer
2026-07-13 10:04:06,772 - app.services.wazuh_api - INFO - Fetched 1 alerts from Indexer
2026-07-13 10:04:06,848 - app.services.wazuh_api - INFO - Found 2 agents
2026-07-13 10:04:07,630 - app.services.wazuh_api - INFO - Fetched 1 alerts from Indexer
2026-07-13 10:04:07,693 - app.services.wazuh_api - INFO - Fetched 1 alerts from Indexer
2026-07-13 10:04:07,752 - app.services.wazuh_api - INFO - Found 2 agents
2026-07-13 10:04:08,625 - app.services.wazuh_api - INFO - Fetched 1 alerts from Indexer
2026-07-13 10:04:08,692 - app.services.wazuh_api - INFO - Fetched 1 alerts from Indexer
2026-07-13 10:04:08,750 - app.services.wazuh_api - INFO - Found 2 agents
2026-07-13 10:04:09,628 - app.services.wazuh_api - INFO - Fetched 1 alerts from Indexer
2026-07-13 10:04:09,672 - app.services.wazuh_api - INFO - Fetched 1 alerts from Indexer
2026-07-13 10:04:09,753 - app.services.wazuh_api - INFO - Found 2 agents
2026-07-13 10:04:10,617 - app.services.wazuh_api - INFO - Fetched 1 alerts from Indexer
2026-07-13 10:04:10,672 - app.services.wazuh_api - INFO - Fetched 1 alerts from Indexer
2026-07-13 10:04:10,748 - app.services.wazuh_api - INFO - Found 2 agents
2026-07-13 10:04:11,631 - app.services.wazuh_api - INFO - Fetched 1 alerts from Indexer
2026-07-13 10:04:11,694 - app.services.wazuh_api - INFO - Fetched 1 alerts from Indexer
2026-07-13 10:04:11,776 - app.services.wazuh_api - INFO - Found 2 agents
2026-07-13 10:04:12,640 - app.services.wazuh_api - INFO - Fetched 1 alerts from Indexer
2026-07-13 10:04:12,698 - app.services.wazuh_api - INFO - Fetched 1 alerts from Indexer
2026-07-13 10:04:12,756 - app.services.wazuh_api - INFO - Found 2 agents
2026-07-13 10:04:13,630 - app.services.wazuh_api - INFO - Fetched 1 alerts from Indexer
2026-07-13 10:04:13,673 - app.services.wazuh_api - INFO - Fetched 1 alerts from Indexer
2026-07-13 10:04:13,752 - app.services.wazuh_api - INFO - Found 2 agents
2026-07-13 10:04:14,619 - app.services.wazuh_api - INFO - Fetched 1 alerts from Indexer
2026-07-13 10:04:14,680 - app.services.wazuh_api - INFO - Fetched 1 alerts from Indexer
2026-07-13 10:04:14,762 - app.services.wazuh_api - INFO - Found 2 agents
2026-07-13 10:04:15,641 - app.services.wazuh_api - INFO - Fetched 1 alerts from Indexer
2026-07-13 10:04:15,713 - app.services.wazuh_api - INFO - Fetched 1 alerts from Indexer
2026-07-13 10:04:15,791 - app.services.wazuh_api - INFO - Found 2 agents
2026-07-13 10:04:16,626 - app.services.wazuh_api - INFO - Fetched 1 alerts from Indexer
2026-07-13 10:04:16,670 - app.services.wazuh_api - INFO - Fetched 1 alerts from Indexer
2026-07-13 10:04:16,727 - app.services.wazuh_api - INFO - Fetched 1 alerts from Indexer
2026-07-13 10:04:16,805 - app.services.wazuh_api - INFO - Found 2 agents
2026-07-13 10:04:17,617 - app.services.wazuh_api - INFO - Fetched 1 alerts from Indexer
2026-07-13 10:04:17,673 - app.services.wazuh_api - INFO - Fetched 1 alerts from Indexer
2026-07-13 10:04:17,753 - app.services.wazuh_api - INFO - Found 2 agents
2026-07-13 10:04:18,616 - app.services.wazuh_api - INFO - Fetched 1 alerts from Indexer
2026-07-13 10:04:18,681 - app.services.wazuh_api - INFO - Fetched 1 alerts from Indexer
2026-07-13 10:04:18,759 - app.services.wazuh_api - INFO - Found 2 agents
2026-07-13 10:04:19,623 - app.services.wazuh_api - INFO - Fetched 1 alerts from Indexer
2026-07-13 10:04:19,680 - app.services.wazuh_api - INFO - Fetched 1 alerts from Indexer
2026-07-13 10:04:19,759 - app.services.wazuh_api - INFO - Found 2 agents
2026-07-13 10:04:20,636 - app.services.wazuh_api - INFO - Fetched 1 alerts from Indexer
2026-07-13 10:04:20,693 - app.services.wazuh_api - INFO - Fetched 1 alerts from Indexer
2026-07-13 10:04:20,768 - app.services.wazuh_api - INFO - Found 2 agents
2026-07-13 10:04:21,632 - app.services.wazuh_api - INFO - Fetched 1 alerts from Indexer
2026-07-13 10:04:21,688 - app.services.wazuh_api - INFO - Fetched 1 alerts from Indexer
2026-07-13 10:04:21,775 - app.services.wazuh_api - INFO - Found 2 agents
2026-07-13 10:04:22,379 - werkzeug - INFO -  * Detected change in 'D:\\EDR-Project\\dashboard\\app\\main.py', reloading
2026-07-13 10:04:22,899 - werkzeug - INFO -  * Restarting with stat
2026-07-13 10:04:26,772 - app.models.detector - INFO - [OK] Model loaded with joblib: D:\EDR-Project\dashboard\models_data\ecod.pkl
2026-07-13 10:04:26,797 - __main__ - INFO - Starting EDR Dashboard on 0.0.0.0:5000
2026-07-13 10:04:26,798 - __main__ - INFO - Wazuh API: localhost:55000
2026-07-13 10:04:26,798 - __main__ - INFO - Model: D:\EDR-Project\dashboard\models_data\ecod.pkl
2026-07-13 10:04:26,802 - werkzeug - WARNING -  * Debugger is active!
2026-07-13 10:04:26,808 - werkzeug - INFO -  * Debugger PIN: 506-881-550
2026-07-13 10:04:27,050 - app.services.wazuh_api - INFO - Fetched 1 alerts from Indexer
2026-07-13 10:04:27,110 - app.services.wazuh_api - INFO - Fetched 1 alerts from Indexer
2026-07-13 10:04:27,366 - app.services.wazuh_api - INFO - Connected to Wazuh API
2026-07-13 10:04:27,455 - app.services.wazuh_api - INFO - Found 2 agents
2026-07-13 10:04:27,517 - app.services.wazuh_api - INFO - Fetched 1 alerts from Indexer
2026-07-13 10:04:27,587 - app.services.wazuh_api - INFO - Found 2 agents
2026-07-13 10:04:27,647 - app.services.wazuh_api - INFO - Fetched 1 alerts from Indexer
2026-07-13 10:04:27,721 - app.services.wazuh_api - INFO - Found 2 agents
2026-07-13 10:04:27,785 - app.services.wazuh_api - INFO - Fetched 1 alerts from Indexer
2026-07-13 10:04:27,845 - app.services.wazuh_api - INFO - Found 2 agents
2026-07-13 10:04:28,633 - app.services.wazuh_api - INFO - Fetched 1 alerts from Indexer
2026-07-13 10:04:28,703 - app.services.wazuh_api - INFO - Found 2 agents
2026-07-13 10:04:28,707 - app.main - INFO - Client connected
2026-07-13 10:04:28,754 - app.services.wazuh_api - INFO - Fetched 1 alerts from Indexer
2026-07-13 10:04:28,796 - app.services.wazuh_api - INFO - Fetched 1 alerts from Indexer
2026-07-13 10:04:28,837 - app.services.wazuh_api - INFO - Fetched 1 alerts from Indexer
2026-07-13 10:04:28,933 - app.services.wazuh_api - INFO - Fetched 1 alerts from Indexer
2026-07-13 10:04:29,007 - app.services.wazuh_api - INFO - Fetched 1 alerts from Indexer
2026-07-13 10:04:29,073 - app.services.wazuh_api - INFO - Fetched 1 alerts from Indexer
2026-07-13 10:04:29,115 - app.services.wazuh_api - INFO - Fetched 1 alerts from Indexer
2026-07-13 10:04:29,178 - werkzeug - INFO -  * Detected change in 'D:\\EDR-Project\\dashboard\\app\\main.py', reloading
2026-07-13 10:04:29,583 - werkzeug - INFO -  * Restarting with stat
2026-07-13 10:04:33,389 - app.models.detector - INFO - [OK] Model loaded with joblib: D:\EDR-Project\dashboard\models_data\ecod.pkl
2026-07-13 10:04:33,403 - __main__ - INFO - Starting EDR Dashboard on 0.0.0.0:5000
2026-07-13 10:04:33,403 - __main__ - INFO - Wazuh API: localhost:55000
2026-07-13 10:04:33,403 - __main__ - INFO - Model: D:\EDR-Project\dashboard\models_data\ecod.pkl
2026-07-13 10:04:33,407 - werkzeug - WARNING -  * Debugger is active!
2026-07-13 10:04:33,412 - werkzeug - INFO -  * Debugger PIN: 506-881-550
2026-07-13 10:04:33,770 - app.services.wazuh_api - INFO - Fetched 1 alerts from Indexer
2026-07-13 10:04:34,033 - app.services.wazuh_api - INFO - Connected to Wazuh API
2026-07-13 10:04:34,124 - app.services.wazuh_api - INFO - Found 2 agents
2026-07-13 10:04:34,214 - app.services.wazuh_api - INFO - Fetched 1 alerts from Indexer
2026-07-13 10:04:34,276 - app.services.wazuh_api - INFO - Found 2 agents
2026-07-13 10:04:35,583 - app.main - INFO - Client connected
2026-07-13 10:04:35,646 - app.services.wazuh_api - INFO - Fetched 1 alerts from Indexer
2026-07-13 10:04:35,709 - app.services.wazuh_api - INFO - Fetched 1 alerts from Indexer
2026-07-13 10:04:35,774 - app.services.wazuh_api - INFO - Fetched 1 alerts from Indexer
2026-07-13 10:04:35,837 - app.services.wazuh_api - INFO - Fetched 1 alerts from Indexer
2026-07-13 10:04:35,896 - app.services.wazuh_api - INFO - Fetched 1 alerts from Indexer
2026-07-13 10:04:44,674 - werkzeug - INFO -  * Detected change in 'D:\\EDR-Project\\dashboard\\app\\main.py', reloading
2026-07-13 10:04:45,066 - werkzeug - INFO -  * Restarting with stat
2026-07-13 10:04:48,863 - app.models.detector - INFO - [OK] Model loaded with joblib: D:\EDR-Project\dashboard\models_data\ecod.pkl
2026-07-13 10:04:48,875 - __main__ - INFO - Starting EDR Dashboard on 0.0.0.0:5000
2026-07-13 10:04:48,875 - __main__ - INFO - Wazuh API: localhost:55000
2026-07-13 10:04:48,875 - __main__ - INFO - Model: D:\EDR-Project\dashboard\models_data\ecod.pkl
2026-07-13 10:04:48,879 - werkzeug - WARNING -  * Debugger is active!
2026-07-13 10:04:48,883 - werkzeug - INFO -  * Debugger PIN: 506-881-550
2026-07-13 10:04:50,582 - app.main - INFO - Client connected
2026-07-13 10:04:50,634 - app.services.wazuh_api - INFO - Fetched 1 alerts from Indexer
2026-07-13 10:04:58,357 - app.services.wazuh_api - INFO - Fetched 1 alerts from Indexer
2026-07-13 10:04:58,401 - app.services.wazuh_api - INFO - Fetched 1 alerts from Indexer
2026-07-13 10:04:58,451 - app.services.wazuh_api - INFO - Fetched 1 alerts from Indexer
2026-07-13 10:04:58,725 - app.services.wazuh_api - INFO - Connected to Wazuh API
2026-07-13 10:04:58,821 - app.services.wazuh_api - INFO - Found 2 agents
2026-07-13 10:04:59,070 - app.services.wazuh_api - INFO - Fetched 1 alerts from Indexer
2026-07-13 10:04:59,131 - app.services.wazuh_api - INFO - Fetched 1 alerts from Indexer
2026-07-13 10:04:59,208 - app.services.wazuh_api - INFO - Found 2 agents
2026-07-13 10:05:00,075 - app.services.wazuh_api - INFO - Fetched 1 alerts from Indexer
2026-07-13 10:05:00,122 - app.services.wazuh_api - INFO - Fetched 1 alerts from Indexer
2026-07-13 10:05:00,199 - app.services.wazuh_api - INFO - Found 2 agents
2026-07-13 10:05:01,634 - app.services.wazuh_api - INFO - Fetched 1 alerts from Indexer
2026-07-13 10:05:01,684 - app.services.wazuh_api - INFO - Fetched 1 alerts from Indexer
2026-07-13 10:05:01,775 - app.services.wazuh_api - INFO - Found 2 agents
2026-07-13 10:05:02,504 - app.services.wazuh_api - INFO - Fetched 1 alerts from Indexer
2026-07-13 10:05:02,588 - app.services.wazuh_api - INFO - Found 2 agents
2026-07-13 10:05:02,640 - app.services.wazuh_api - INFO - Fetched 1 alerts from Indexer
2026-07-13 10:05:03,077 - app.services.wazuh_api - INFO - Fetched 2 alerts from Indexer
2026-07-13 10:05:03,139 - app.services.wazuh_api - INFO - Fetched 2 alerts from Indexer
2026-07-13 10:05:03,219 - app.services.wazuh_api - INFO - Found 2 agents
2026-07-13 10:05:04,073 - app.services.wazuh_api - INFO - Fetched 2 alerts from Indexer
2026-07-13 10:05:04,135 - app.services.wazuh_api - INFO - Fetched 2 alerts from Indexer
2026-07-13 10:05:04,214 - app.services.wazuh_api - INFO - Found 2 agents
2026-07-13 10:05:05,070 - app.services.wazuh_api - INFO - Fetched 2 alerts from Indexer
2026-07-13 10:05:05,135 - app.services.wazuh_api - INFO - Fetched 2 alerts from Indexer
2026-07-13 10:05:05,215 - app.services.wazuh_api - INFO - Found 2 agents
2026-07-13 10:05:06,070 - app.services.wazuh_api - INFO - Fetched 2 alerts from Indexer
2026-07-13 10:05:06,136 - app.services.wazuh_api - INFO - Fetched 2 alerts from Indexer
2026-07-13 10:05:07,260 - app.services.wazuh_api - INFO - Fetched 2 alerts from Indexer
2026-07-13 10:05:07,318 - app.services.wazuh_api - INFO - Found 2 agents
2026-07-13 10:05:07,624 - app.services.wazuh_api - INFO - Fetched 2 alerts from Indexer
2026-07-13 10:05:07,667 - app.services.wazuh_api - INFO - Fetched 2 alerts from Indexer
2026-07-13 10:05:07,727 - app.services.wazuh_api - INFO - Found 2 agents
2026-07-13 10:05:08,609 - app.services.wazuh_api - INFO - Fetched 2 alerts from Indexer
2026-07-13 10:05:08,667 - app.services.wazuh_api - INFO - Fetched 2 alerts from Indexer
2026-07-13 10:05:08,742 - app.services.wazuh_api - INFO - Found 2 agents
2026-07-13 10:05:09,352 - app.services.wazuh_api - INFO - Fetched 2 alerts from Indexer
2026-07-13 10:05:09,410 - app.services.wazuh_api - INFO - Fetched 2 alerts from Indexer
2026-07-13 10:05:09,490 - app.services.wazuh_api - INFO - Found 2 agents
2026-07-13 10:05:10,067 - app.services.wazuh_api - INFO - Fetched 2 alerts from Indexer
2026-07-13 10:05:10,110 - app.services.wazuh_api - INFO - Fetched 2 alerts from Indexer
2026-07-13 10:05:10,169 - app.services.wazuh_api - INFO - Found 2 agents
2026-07-13 10:05:11,073 - app.services.wazuh_api - INFO - Fetched 2 alerts from Indexer
2026-07-13 10:05:11,135 - app.services.wazuh_api - INFO - Fetched 2 alerts from Indexer
2026-07-13 10:05:11,220 - app.services.wazuh_api - INFO - Found 2 agents
2026-07-13 10:05:12,630 - app.services.wazuh_api - INFO - Fetched 2 alerts from Indexer
2026-07-13 10:05:12,688 - app.services.wazuh_api - INFO - Fetched 2 alerts from Indexer
2026-07-13 10:05:12,763 - app.services.wazuh_api - INFO - Found 2 agents
2026-07-13 10:05:13,625 - app.services.wazuh_api - INFO - Fetched 2 alerts from Indexer
2026-07-13 10:05:13,666 - app.services.wazuh_api - INFO - Fetched 2 alerts from Indexer
2026-07-13 10:05:13,733 - app.services.wazuh_api - INFO - Found 2 agents
2026-07-13 10:05:14,626 - app.services.wazuh_api - INFO - Fetched 2 alerts from Indexer
2026-07-13 10:05:14,671 - app.services.wazuh_api - INFO - Fetched 2 alerts from Indexer
2026-07-13 10:05:14,728 - app.services.wazuh_api - INFO - Found 2 agents
2026-07-13 10:05:15,619 - app.services.wazuh_api - INFO - Fetched 2 alerts from Indexer
2026-07-13 10:05:15,678 - app.services.wazuh_api - INFO - Fetched 2 alerts from Indexer
2026-07-13 10:05:15,734 - app.services.wazuh_api - INFO - Found 2 agents
2026-07-13 10:05:16,630 - app.services.wazuh_api - INFO - Fetched 2 alerts from Indexer
2026-07-13 10:05:16,674 - app.services.wazuh_api - INFO - Fetched 2 alerts from Indexer
2026-07-13 10:05:16,743 - app.services.wazuh_api - INFO - Fetched 2 alerts from Indexer
2026-07-13 10:05:16,803 - app.services.wazuh_api - INFO - Found 2 agents
2026-07-13 10:05:17,428 - app.services.wazuh_api - INFO - Fetched 2 alerts from Indexer
2026-07-13 10:05:17,487 - app.services.wazuh_api - INFO - Fetched 2 alerts from Indexer
2026-07-13 10:05:17,571 - app.services.wazuh_api - INFO - Found 2 agents
2026-07-13 10:05:18,081 - app.services.wazuh_api - INFO - Fetched 2 alerts from Indexer
2026-07-13 10:05:18,141 - app.services.wazuh_api - INFO - Fetched 2 alerts from Indexer
2026-07-13 10:05:18,220 - app.services.wazuh_api - INFO - Found 2 agents
2026-07-13 10:05:19,099 - app.services.wazuh_api - INFO - Fetched 2 alerts from Indexer
2026-07-13 10:05:19,153 - app.services.wazuh_api - INFO - Fetched 2 alerts from Indexer
2026-07-13 10:05:19,233 - app.services.wazuh_api - INFO - Found 2 agents
2026-07-13 10:05:20,069 - app.services.wazuh_api - INFO - Fetched 2 alerts from Indexer
2026-07-13 10:05:20,113 - app.services.wazuh_api - INFO - Fetched 2 alerts from Indexer
2026-07-13 10:05:20,198 - app.services.wazuh_api - INFO - Found 2 agents
2026-07-13 10:05:21,074 - app.services.wazuh_api - INFO - Fetched 2 alerts from Indexer
2026-07-13 10:05:21,117 - app.services.wazuh_api - INFO - Fetched 2 alerts from Indexer
2026-07-13 10:05:21,187 - app.services.wazuh_api - INFO - Found 2 agents
2026-07-13 10:05:22,059 - app.services.wazuh_api - INFO - Fetched 2 alerts from Indexer
2026-07-13 10:05:22,099 - app.services.wazuh_api - INFO - Fetched 2 alerts from Indexer
2026-07-13 10:05:22,181 - app.services.wazuh_api - INFO - Found 2 agents
2026-07-13 10:05:23,082 - app.services.wazuh_api - INFO - Fetched 2 alerts from Indexer
2026-07-13 10:05:23,128 - app.services.wazuh_api - INFO - Fetched 2 alerts from Indexer
2026-07-13 10:05:23,207 - app.services.wazuh_api - INFO - Found 2 agents
2026-07-13 10:05:24,078 - app.services.wazuh_api - INFO - Fetched 2 alerts from Indexer
2026-07-13 10:05:24,140 - app.services.wazuh_api - INFO - Fetched 2 alerts from Indexer
2026-07-13 10:05:24,217 - app.services.wazuh_api - INFO - Found 2 agents
2026-07-13 10:05:25,077 - app.services.wazuh_api - INFO - Fetched 2 alerts from Indexer
2026-07-13 10:05:25,135 - app.services.wazuh_api - INFO - Fetched 2 alerts from Indexer
2026-07-13 10:05:25,215 - app.services.wazuh_api - INFO - Found 2 agents
2026-07-13 10:05:26,081 - app.services.wazuh_api - INFO - Fetched 2 alerts from Indexer
2026-07-13 10:05:26,123 - app.services.wazuh_api - INFO - Fetched 2 alerts from Indexer
2026-07-13 10:05:26,174 - app.services.wazuh_api - INFO - Fetched 2 alerts from Indexer
2026-07-13 10:05:26,255 - app.services.wazuh_api - INFO - Found 2 agents
2026-07-13 10:05:27,081 - app.services.wazuh_api - INFO - Fetched 2 alerts from Indexer
2026-07-13 10:05:27,124 - app.services.wazuh_api - INFO - Fetched 2 alerts from Indexer
2026-07-13 10:05:27,205 - app.services.wazuh_api - INFO - Found 2 agents
2026-07-13 10:05:28,076 - app.services.wazuh_api - INFO - Fetched 2 alerts from Indexer
2026-07-13 10:05:28,134 - app.services.wazuh_api - INFO - Fetched 2 alerts from Indexer
2026-07-13 10:05:28,215 - app.services.wazuh_api - INFO - Found 2 agents
2026-07-13 10:05:29,071 - app.services.wazuh_api - INFO - Fetched 2 alerts from Indexer
2026-07-13 10:05:29,132 - app.services.wazuh_api - INFO - Fetched 2 alerts from Indexer
2026-07-13 10:05:29,209 - app.services.wazuh_api - INFO - Found 2 agents
2026-07-13 10:05:30,086 - app.services.wazuh_api - INFO - Fetched 2 alerts from Indexer
2026-07-13 10:05:30,140 - app.services.wazuh_api - INFO - Fetched 2 alerts from Indexer
2026-07-13 10:05:30,219 - app.services.wazuh_api - INFO - Found 2 agents
2026-07-13 10:05:31,072 - app.services.wazuh_api - INFO - Fetched 2 alerts from Indexer
2026-07-13 10:05:31,113 - app.services.wazuh_api - INFO - Fetched 2 alerts from Indexer
2026-07-13 10:05:31,192 - app.services.wazuh_api - INFO - Found 2 agents
2026-07-13 10:05:32,065 - app.services.wazuh_api - INFO - Fetched 2 alerts from Indexer
2026-07-13 10:05:32,129 - app.services.wazuh_api - INFO - Fetched 2 alerts from Indexer
2026-07-13 10:05:32,205 - app.services.wazuh_api - INFO - Found 2 agents
2026-07-13 10:05:33,075 - app.services.wazuh_api - INFO - Fetched 2 alerts from Indexer
2026-07-13 10:05:33,137 - app.services.wazuh_api - INFO - Fetched 2 alerts from Indexer
2026-07-13 10:05:33,216 - app.services.wazuh_api - INFO - Found 2 agents
2026-07-13 10:05:34,620 - app.services.wazuh_api - INFO - Fetched 2 alerts from Indexer
2026-07-13 10:05:34,691 - app.services.wazuh_api - INFO - Fetched 2 alerts from Indexer
2026-07-13 10:05:34,769 - app.services.wazuh_api - INFO - Found 2 agents
2026-07-13 10:05:35,632 - app.services.wazuh_api - INFO - Fetched 2 alerts from Indexer
2026-07-13 10:05:40,896 - app.models.detector - INFO - [OK] Model loaded with joblib: D:\EDR-Project\dashboard\models_data\ecod.pkl
2026-07-13 10:05:40,911 - __main__ - INFO - Starting EDR Dashboard on 0.0.0.0:5000
2026-07-13 10:05:40,911 - __main__ - INFO - Wazuh API: localhost:55000
2026-07-13 10:05:40,911 - __main__ - INFO - Model: D:\EDR-Project\dashboard\models_data\ecod.pkl
2026-07-13 10:05:40,914 - werkzeug - INFO -  * Restarting with stat
2026-07-13 10:05:44,691 - app.models.detector - INFO - [OK] Model loaded with joblib: D:\EDR-Project\dashboard\models_data\ecod.pkl
2026-07-13 10:05:44,707 - __main__ - INFO - Starting EDR Dashboard on 0.0.0.0:5000
2026-07-13 10:05:44,707 - __main__ - INFO - Wazuh API: localhost:55000
2026-07-13 10:05:44,707 - __main__ - INFO - Model: D:\EDR-Project\dashboard\models_data\ecod.pkl
2026-07-13 10:05:44,711 - werkzeug - WARNING -  * Debugger is active!
2026-07-13 10:05:44,715 - werkzeug - INFO -  * Debugger PIN: 506-881-550
2026-07-13 10:05:44,902 - app.services.wazuh_api - INFO - Fetched 3 alerts from Indexer
2026-07-13 10:05:45,173 - app.services.wazuh_api - INFO - Connected to Wazuh API
2026-07-13 10:05:45,277 - app.services.wazuh_api - INFO - Found 2 agents
2026-07-13 10:05:45,336 - app.services.wazuh_api - INFO - Fetched 3 alerts from Indexer
2026-07-13 10:05:45,393 - app.services.wazuh_api - INFO - Found 2 agents
2026-07-13 10:05:45,456 - app.services.wazuh_api - INFO - Fetched 3 alerts from Indexer
2026-07-13 10:05:45,539 - app.services.wazuh_api - INFO - Found 2 agents
2026-07-13 10:05:45,599 - app.services.wazuh_api - INFO - Fetched 3 alerts from Indexer
2026-07-13 10:05:45,676 - app.services.wazuh_api - INFO - Found 2 agents
2026-07-13 10:05:45,720 - app.services.wazuh_api - INFO - Fetched 3 alerts from Indexer
2026-07-13 10:05:45,803 - app.services.wazuh_api - INFO - Found 2 agents
2026-07-13 10:05:46,070 - app.services.wazuh_api - INFO - Fetched 3 alerts from Indexer
2026-07-13 10:05:46,135 - app.services.wazuh_api - INFO - Found 2 agents
2026-07-13 10:05:46,202 - app.services.wazuh_api - INFO - Fetched 3 alerts from Indexer
2026-07-13 10:05:47,320 - app.services.wazuh_api - INFO - Fetched 3 alerts from Indexer
2026-07-13 10:05:47,385 - app.services.wazuh_api - INFO - Found 2 agents
2026-07-13 10:05:47,393 - app.main - INFO - Client connected
2026-07-13 10:05:47,452 - app.services.wazuh_api - INFO - Fetched 3 alerts from Indexer
2026-07-13 10:05:47,500 - app.services.wazuh_api - INFO - Fetched 3 alerts from Indexer
2026-07-13 10:05:47,564 - app.services.wazuh_api - INFO - Fetched 3 alerts from Indexer
2026-07-13 10:05:47,616 - app.services.wazuh_api - INFO - Fetched 3 alerts from Indexer
2026-07-13 10:05:47,658 - app.services.wazuh_api - INFO - Fetched 3 alerts from Indexer
2026-07-13 10:05:47,717 - app.services.wazuh_api - INFO - Fetched 3 alerts from Indexer
2026-07-13 10:05:47,781 - app.services.wazuh_api - INFO - Fetched 3 alerts from Indexer
2026-07-13 10:05:47,845 - app.services.wazuh_api - INFO - Fetched 3 alerts from Indexer
2026-07-13 10:05:47,897 - app.services.wazuh_api - INFO - Fetched 3 alerts from Indexer
2026-07-13 10:05:47,954 - app.services.wazuh_api - INFO - Fetched 3 alerts from Indexer
2026-07-13 10:05:48,015 - app.services.wazuh_api - INFO - Fetched 3 alerts from Indexer
2026-07-13 10:05:48,078 - app.services.wazuh_api - INFO - Fetched 3 alerts from Indexer
2026-07-13 10:05:48,145 - app.services.wazuh_api - INFO - Fetched 3 alerts from Indexer
2026-07-13 10:05:48,204 - app.services.wazuh_api - INFO - Fetched 3 alerts from Indexer
2026-07-13 10:05:48,280 - app.services.wazuh_api - INFO - Found 2 agents
2026-07-13 10:05:48,346 - app.services.wazuh_api - INFO - Fetched 3 alerts from Indexer
2026-07-13 10:05:49,066 - app.services.wazuh_api - INFO - Fetched 3 alerts from Indexer
2026-07-13 10:05:49,125 - app.services.wazuh_api - INFO - Fetched 3 alerts from Indexer
2026-07-13 10:05:49,199 - app.services.wazuh_api - INFO - Found 2 agents
2026-07-13 10:05:50,612 - app.services.wazuh_api - INFO - Fetched 3 alerts from Indexer
2026-07-13 10:05:50,685 - app.services.wazuh_api - INFO - Found 2 agents
2026-07-13 10:05:50,744 - app.services.wazuh_api - INFO - Fetched 3 alerts from Indexer
2026-07-13 10:05:51,076 - app.services.wazuh_api - INFO - Fetched 3 alerts from Indexer
2026-07-13 10:05:51,131 - app.services.wazuh_api - INFO - Fetched 3 alerts from Indexer
2026-07-13 10:05:51,199 - app.services.wazuh_api - INFO - Found 2 agents
2026-07-13 10:05:52,614 - app.services.wazuh_api - INFO - Fetched 3 alerts from Indexer
2026-07-13 10:05:52,660 - app.services.wazuh_api - INFO - Fetched 3 alerts from Indexer
2026-07-13 10:05:52,749 - app.services.wazuh_api - INFO - Found 2 agents
2026-07-13 10:05:53,086 - app.services.wazuh_api - INFO - Fetched 3 alerts from Indexer
2026-07-13 10:05:53,136 - app.services.wazuh_api - INFO - Fetched 3 alerts from Indexer
2026-07-13 10:05:53,218 - app.services.wazuh_api - INFO - Found 2 agents
2026-07-13 10:05:54,623 - app.services.wazuh_api - INFO - Fetched 3 alerts from Indexer
2026-07-13 10:05:54,684 - app.services.wazuh_api - INFO - Fetched 3 alerts from Indexer
2026-07-13 10:05:54,750 - app.services.wazuh_api - INFO - Found 2 agents
2026-07-13 10:05:55,611 - app.services.wazuh_api - INFO - Fetched 3 alerts from Indexer
2026-07-13 10:05:55,668 - app.services.wazuh_api - INFO - Fetched 3 alerts from Indexer
2026-07-13 10:05:55,736 - app.services.wazuh_api - INFO - Found 2 agents
2026-07-13 10:05:56,620 - app.services.wazuh_api - INFO - Fetched 3 alerts from Indexer
2026-07-13 10:05:56,681 - app.services.wazuh_api - INFO - Fetched 3 alerts from Indexer
2026-07-13 10:05:56,744 - app.services.wazuh_api - INFO - Fetched 3 alerts from Indexer
2026-07-13 10:05:56,819 - app.services.wazuh_api - INFO - Found 2 agents
2026-07-13 10:05:57,623 - app.services.wazuh_api - INFO - Fetched 3 alerts from Indexer
2026-07-13 10:05:57,665 - app.services.wazuh_api - INFO - Fetched 3 alerts from Indexer
2026-07-13 10:05:57,741 - app.services.wazuh_api - INFO - Found 2 agents
2026-07-13 10:05:58,626 - app.services.wazuh_api - INFO - Fetched 3 alerts from Indexer
2026-07-13 10:05:58,688 - app.services.wazuh_api - INFO - Fetched 3 alerts from Indexer
2026-07-13 10:05:58,747 - app.services.wazuh_api - INFO - Found 2 agents
2026-07-13 10:05:59,620 - app.services.wazuh_api - INFO - Fetched 3 alerts from Indexer
2026-07-13 10:05:59,661 - app.services.wazuh_api - INFO - Fetched 3 alerts from Indexer
2026-07-13 10:05:59,729 - app.services.wazuh_api - INFO - Found 2 agents
2026-07-13 10:06:00,610 - app.services.wazuh_api - INFO - Fetched 3 alerts from Indexer
2026-07-13 10:06:00,652 - app.services.wazuh_api - INFO - Fetched 3 alerts from Indexer
2026-07-13 10:06:00,730 - app.services.wazuh_api - INFO - Found 2 agents
2026-07-13 10:06:01,621 - app.services.wazuh_api - INFO - Fetched 3 alerts from Indexer
2026-07-13 10:06:01,680 - app.services.wazuh_api - INFO - Fetched 3 alerts from Indexer
2026-07-13 10:06:01,758 - app.services.wazuh_api - INFO - Found 2 agents
2026-07-13 10:06:02,620 - app.services.wazuh_api - INFO - Fetched 3 alerts from Indexer
2026-07-13 10:06:02,664 - app.services.wazuh_api - INFO - Fetched 3 alerts from Indexer
2026-07-13 10:06:02,753 - app.services.wazuh_api - INFO - Found 2 agents
2026-07-13 10:06:03,625 - app.services.wazuh_api - INFO - Fetched 3 alerts from Indexer
2026-07-13 10:06:03,684 - app.services.wazuh_api - INFO - Fetched 3 alerts from Indexer
2026-07-13 10:06:03,740 - app.services.wazuh_api - INFO - Found 2 agents
2026-07-13 10:06:04,622 - app.services.wazuh_api - INFO - Fetched 3 alerts from Indexer
2026-07-13 10:06:04,682 - app.services.wazuh_api - INFO - Fetched 3 alerts from Indexer
2026-07-13 10:06:04,764 - app.services.wazuh_api - INFO - Found 2 agents
2026-07-13 10:06:05,607 - app.services.wazuh_api - INFO - Fetched 3 alerts from Indexer
2026-07-13 10:06:05,663 - app.services.wazuh_api - INFO - Fetched 3 alerts from Indexer
2026-07-13 10:06:05,720 - app.services.wazuh_api - INFO - Found 2 agents
2026-07-13 10:06:06,613 - app.services.wazuh_api - INFO - Fetched 3 alerts from Indexer
2026-07-13 10:06:06,671 - app.services.wazuh_api - INFO - Fetched 3 alerts from Indexer
2026-07-13 10:06:06,732 - app.services.wazuh_api - INFO - Fetched 3 alerts from Indexer
2026-07-13 10:06:06,789 - app.services.wazuh_api - INFO - Found 2 agents
2026-07-13 10:06:07,623 - app.services.wazuh_api - INFO - Fetched 3 alerts from Indexer
2026-07-13 10:06:07,662 - app.services.wazuh_api - INFO - Fetched 3 alerts from Indexer
2026-07-13 10:06:07,734 - app.services.wazuh_api - INFO - Found 2 agents
2026-07-13 10:06:08,608 - app.services.wazuh_api - INFO - Fetched 3 alerts from Indexer
2026-07-13 10:06:08,672 - app.services.wazuh_api - INFO - Fetched 3 alerts from Indexer
2026-07-13 10:06:08,733 - app.services.wazuh_api - INFO - Found 2 agents
2026-07-13 10:06:09,625 - app.services.wazuh_api - INFO - Fetched 3 alerts from Indexer
2026-07-13 10:06:09,685 - app.services.wazuh_api - INFO - Fetched 3 alerts from Indexer
2026-07-13 10:06:09,765 - app.services.wazuh_api - INFO - Found 2 agents
2026-07-13 10:06:10,610 - app.services.wazuh_api - INFO - Fetched 3 alerts from Indexer
2026-07-13 10:06:10,662 - app.services.wazuh_api - INFO - Fetched 3 alerts from Indexer
2026-07-13 10:06:10,741 - app.services.wazuh_api - INFO - Found 2 agents
2026-07-13 10:06:11,631 - app.services.wazuh_api - INFO - Fetched 3 alerts from Indexer
2026-07-13 10:06:11,679 - app.services.wazuh_api - INFO - Fetched 3 alerts from Indexer
2026-07-13 10:06:11,755 - app.services.wazuh_api - INFO - Found 2 agents
2026-07-13 10:06:12,625 - app.services.wazuh_api - INFO - Fetched 3 alerts from Indexer
2026-07-13 10:06:12,690 - app.services.wazuh_api - INFO - Fetched 3 alerts from Indexer
2026-07-13 10:06:12,763 - app.services.wazuh_api - INFO - Found 2 agents
2026-07-13 10:06:13,622 - app.services.wazuh_api - INFO - Fetched 3 alerts from Indexer
2026-07-13 10:06:13,684 - app.services.wazuh_api - INFO - Fetched 3 alerts from Indexer
2026-07-13 10:06:13,747 - app.services.wazuh_api - INFO - Found 2 agents
2026-07-13 10:06:14,613 - app.services.wazuh_api - INFO - Fetched 3 alerts from Indexer
2026-07-13 10:06:14,669 - app.services.wazuh_api - INFO - Fetched 3 alerts from Indexer
2026-07-13 10:06:14,727 - app.services.wazuh_api - INFO - Found 2 agents
2026-07-13 10:06:15,619 - app.services.wazuh_api - INFO - Fetched 3 alerts from Indexer
2026-07-13 10:06:15,661 - app.services.wazuh_api - INFO - Fetched 3 alerts from Indexer
2026-07-13 10:06:15,730 - app.services.wazuh_api - INFO - Found 2 agents
2026-07-13 10:06:16,617 - app.services.wazuh_api - INFO - Fetched 3 alerts from Indexer
2026-07-13 10:06:16,676 - app.services.wazuh_api - INFO - Fetched 3 alerts from Indexer
2026-07-13 10:06:16,737 - app.services.wazuh_api - INFO - Fetched 3 alerts from Indexer
2026-07-13 10:06:16,790 - app.services.wazuh_api - INFO - Found 2 agents
2026-07-13 10:06:17,632 - app.services.wazuh_api - INFO - Fetched 3 alerts from Indexer
2026-07-13 10:06:17,691 - app.services.wazuh_api - INFO - Fetched 3 alerts from Indexer
2026-07-13 10:06:17,754 - app.services.wazuh_api - INFO - Found 2 agents
2026-07-13 10:06:18,626 - app.services.wazuh_api - INFO - Fetched 3 alerts from Indexer
2026-07-13 10:06:18,687 - app.services.wazuh_api - INFO - Fetched 3 alerts from Indexer
2026-07-13 10:06:18,764 - app.services.wazuh_api - INFO - Found 2 agents
2026-07-13 10:06:19,612 - app.services.wazuh_api - INFO - Fetched 3 alerts from Indexer
2026-07-13 10:06:19,669 - app.services.wazuh_api - INFO - Fetched 3 alerts from Indexer
2026-07-13 10:06:19,735 - app.services.wazuh_api - INFO - Found 2 agents
2026-07-13 10:06:20,631 - app.services.wazuh_api - INFO - Fetched 3 alerts from Indexer
2026-07-13 10:06:20,674 - app.services.wazuh_api - INFO - Fetched 3 alerts from Indexer
2026-07-13 10:06:20,741 - app.services.wazuh_api - INFO - Found 2 agents
2026-07-13 10:06:21,629 - app.services.wazuh_api - INFO - Fetched 3 alerts from Indexer
2026-07-13 10:06:21,691 - app.services.wazuh_api - INFO - Fetched 3 alerts from Indexer
2026-07-13 10:06:21,769 - app.services.wazuh_api - INFO - Found 2 agents
2026-07-13 10:06:22,624 - app.services.wazuh_api - INFO - Fetched 3 alerts from Indexer
2026-07-13 10:06:22,687 - app.services.wazuh_api - INFO - Fetched 3 alerts from Indexer
2026-07-13 10:06:22,767 - app.services.wazuh_api - INFO - Found 2 agents
2026-07-13 10:06:23,623 - app.services.wazuh_api - INFO - Fetched 3 alerts from Indexer
2026-07-13 10:06:23,683 - app.services.wazuh_api - INFO - Fetched 3 alerts from Indexer
2026-07-13 10:06:23,751 - app.services.wazuh_api - INFO - Found 2 agents
2026-07-13 10:06:24,614 - app.services.wazuh_api - INFO - Fetched 3 alerts from Indexer
2026-07-13 10:06:24,657 - app.services.wazuh_api - INFO - Fetched 3 alerts from Indexer
2026-07-13 10:06:24,736 - app.services.wazuh_api - INFO - Found 2 agents
2026-07-13 10:06:25,609 - app.services.wazuh_api - INFO - Fetched 3 alerts from Indexer
2026-07-13 10:06:25,665 - app.services.wazuh_api - INFO - Fetched 3 alerts from Indexer
2026-07-13 10:06:25,740 - app.services.wazuh_api - INFO - Found 2 agents
2026-07-13 10:06:26,620 - app.services.wazuh_api - INFO - Fetched 3 alerts from Indexer
2026-07-13 10:06:26,681 - app.services.wazuh_api - INFO - Fetched 3 alerts from Indexer
2026-07-13 10:06:26,746 - app.services.wazuh_api - INFO - Fetched 3 alerts from Indexer
2026-07-13 10:06:26,822 - app.services.wazuh_api - INFO - Found 2 agents
2026-07-13 10:06:27,619 - app.services.wazuh_api - INFO - Fetched 3 alerts from Indexer
2026-07-13 10:06:27,680 - app.services.wazuh_api - INFO - Fetched 3 alerts from Indexer
2026-07-13 10:06:27,756 - app.services.wazuh_api - INFO - Found 2 agents
2026-07-13 10:06:28,617 - app.services.wazuh_api - INFO - Fetched 3 alerts from Indexer
2026-07-13 10:06:28,676 - app.services.wazuh_api - INFO - Fetched 3 alerts from Indexer
2026-07-13 10:06:28,757 - app.services.wazuh_api - INFO - Found 2 agents
2026-07-13 10:06:29,628 - app.services.wazuh_api - INFO - Fetched 3 alerts from Indexer
2026-07-13 10:06:29,687 - app.services.wazuh_api - INFO - Fetched 3 alerts from Indexer
2026-07-13 10:06:29,765 - app.services.wazuh_api - INFO - Found 2 agents
2026-07-13 10:06:30,620 - app.services.wazuh_api - INFO - Fetched 3 alerts from Indexer
2026-07-13 10:06:30,679 - app.services.wazuh_api - INFO - Fetched 3 alerts from Indexer
2026-07-13 10:06:30,760 - app.services.wazuh_api - INFO - Found 2 agents
2026-07-13 10:06:31,629 - app.services.wazuh_api - INFO - Fetched 3 alerts from Indexer
2026-07-13 10:06:31,691 - app.services.wazuh_api - INFO - Fetched 3 alerts from Indexer
2026-07-13 10:06:31,755 - app.services.wazuh_api - INFO - Found 2 agents
2026-07-13 10:06:32,620 - app.services.wazuh_api - INFO - Fetched 3 alerts from Indexer
2026-07-13 10:06:32,659 - app.services.wazuh_api - INFO - Fetched 3 alerts from Indexer
2026-07-13 10:06:32,725 - app.services.wazuh_api - INFO - Found 2 agents
2026-07-13 10:06:33,627 - app.services.wazuh_api - INFO - Fetched 3 alerts from Indexer
2026-07-13 10:06:33,689 - app.services.wazuh_api - INFO - Fetched 3 alerts from Indexer
2026-07-13 10:06:33,744 - app.services.wazuh_api - INFO - Found 2 agents
2026-07-13 10:06:34,611 - app.services.wazuh_api - INFO - Fetched 3 alerts from Indexer
2026-07-13 10:06:34,671 - app.services.wazuh_api - INFO - Fetched 3 alerts from Indexer
2026-07-13 10:06:34,733 - app.services.wazuh_api - INFO - Found 2 agents
2026-07-13 10:06:35,624 - app.services.wazuh_api - INFO - Fetched 3 alerts from Indexer
2026-07-13 10:06:35,684 - app.services.wazuh_api - INFO - Fetched 3 alerts from Indexer
2026-07-13 10:06:35,759 - app.services.wazuh_api - INFO - Found 2 agents
2026-07-13 10:06:36,623 - app.services.wazuh_api - INFO - Fetched 3 alerts from Indexer
2026-07-13 10:06:36,685 - app.services.wazuh_api - INFO - Fetched 3 alerts from Indexer
2026-07-13 10:06:36,745 - app.services.wazuh_api - INFO - Fetched 3 alerts from Indexer
2026-07-13 10:06:36,798 - app.services.wazuh_api - INFO - Found 2 agents
2026-07-13 10:06:37,630 - app.services.wazuh_api - INFO - Fetched 3 alerts from Indexer
2026-07-13 10:06:37,677 - app.services.wazuh_api - INFO - Fetched 3 alerts from Indexer
2026-07-13 10:06:37,752 - app.services.wazuh_api - INFO - Found 2 agents
2026-07-13 10:06:38,626 - app.services.wazuh_api - INFO - Fetched 3 alerts from Indexer
2026-07-13 10:06:38,692 - app.services.wazuh_api - INFO - Fetched 3 alerts from Indexer
2026-07-13 10:06:38,774 - app.services.wazuh_api - INFO - Found 2 agents
2026-07-13 10:06:39,506 - app.services.wazuh_api - INFO - Fetched 3 alerts from Indexer
2026-07-13 10:06:39,588 - app.services.wazuh_api - INFO - Found 2 agents
2026-07-13 10:06:39,647 - app.services.wazuh_api - INFO - Fetched 3 alerts from Indexer
2026-07-13 10:06:40,080 - app.services.wazuh_api - INFO - Fetched 3 alerts from Indexer
2026-07-13 10:06:40,143 - app.services.wazuh_api - INFO - Fetched 3 alerts from Indexer
2026-07-13 10:06:40,224 - app.services.wazuh_api - INFO - Found 2 agents
2026-07-13 10:06:41,082 - app.services.wazuh_api - INFO - Fetched 3 alerts from Indexer
2026-07-13 10:06:41,140 - app.services.wazuh_api - INFO - Fetched 3 alerts from Indexer
2026-07-13 10:06:41,221 - app.services.wazuh_api - INFO - Found 2 agents
2026-07-13 10:06:42,077 - app.services.wazuh_api - INFO - Fetched 3 alerts from Indexer
2026-07-13 10:06:42,138 - app.services.wazuh_api - INFO - Fetched 3 alerts from Indexer
2026-07-13 10:06:42,194 - app.services.wazuh_api - INFO - Found 2 agents
2026-07-13 10:06:43,071 - app.services.wazuh_api - INFO - Fetched 3 alerts from Indexer
2026-07-13 10:06:43,111 - app.services.wazuh_api - INFO - Fetched 3 alerts from Indexer
2026-07-13 10:06:43,182 - app.services.wazuh_api - INFO - Found 2 agents
2026-07-13 10:06:44,079 - app.services.wazuh_api - INFO - Fetched 3 alerts from Indexer
2026-07-13 10:06:44,141 - app.services.wazuh_api - INFO - Fetched 3 alerts from Indexer
2026-07-13 10:06:44,223 - app.services.wazuh_api - INFO - Found 2 agents
2026-07-13 10:06:45,080 - app.services.wazuh_api - INFO - Fetched 3 alerts from Indexer
2026-07-13 10:06:45,143 - app.services.wazuh_api - INFO - Fetched 3 alerts from Indexer
2026-07-13 10:06:45,223 - app.services.wazuh_api - INFO - Found 2 agents
2026-07-13 10:06:46,631 - app.services.wazuh_api - INFO - Fetched 3 alerts from Indexer
2026-07-13 10:06:46,693 - app.services.wazuh_api - INFO - Fetched 3 alerts from Indexer
2026-07-13 10:06:46,761 - app.services.wazuh_api - INFO - Fetched 3 alerts from Indexer
2026-07-13 10:06:46,835 - app.services.wazuh_api - INFO - Found 2 agents
2026-07-13 10:06:47,629 - app.services.wazuh_api - INFO - Fetched 3 alerts from Indexer
2026-07-13 10:06:47,694 - app.services.wazuh_api - INFO - Fetched 3 alerts from Indexer
2026-07-13 10:06:47,766 - app.services.wazuh_api - INFO - Found 2 agents
2026-07-13 10:06:48,619 - app.services.wazuh_api - INFO - Fetched 3 alerts from Indexer
2026-07-13 10:06:48,669 - app.services.wazuh_api - INFO - Fetched 3 alerts from Indexer
2026-07-13 10:06:48,788 - app.services.wazuh_api - INFO - Found 2 agents
2026-07-13 10:06:49,616 - app.services.wazuh_api - INFO - Fetched 3 alerts from Indexer
2026-07-13 10:06:49,680 - app.services.wazuh_api - INFO - Fetched 3 alerts from Indexer
2026-07-13 10:06:49,740 - app.services.wazuh_api - INFO - Found 2 agents
2026-07-13 10:06:50,621 - app.services.wazuh_api - INFO - Fetched 3 alerts from Indexer
2026-07-13 10:06:50,675 - app.services.wazuh_api - INFO - Fetched 3 alerts from Indexer
2026-07-13 10:06:50,745 - app.services.wazuh_api - INFO - Found 2 agents
2026-07-13 10:06:51,632 - app.services.wazuh_api - INFO - Fetched 3 alerts from Indexer
2026-07-13 10:06:51,691 - app.services.wazuh_api - INFO - Fetched 3 alerts from Indexer
2026-07-13 10:06:51,748 - app.services.wazuh_api - INFO - Found 2 agents
2026-07-13 10:06:52,618 - app.services.wazuh_api - INFO - Fetched 3 alerts from Indexer
2026-07-13 10:06:52,675 - app.services.wazuh_api - INFO - Fetched 3 alerts from Indexer
2026-07-13 10:06:52,751 - app.services.wazuh_api - INFO - Found 2 agents
2026-07-13 10:06:53,620 - app.services.wazuh_api - INFO - Fetched 3 alerts from Indexer
2026-07-13 10:06:53,673 - app.services.wazuh_api - INFO - Fetched 3 alerts from Indexer
2026-07-13 10:06:53,727 - app.services.wazuh_api - INFO - Found 2 agents
2026-07-13 10:06:54,626 - app.services.wazuh_api - INFO - Fetched 3 alerts from Indexer
2026-07-13 10:06:54,687 - app.services.wazuh_api - INFO - Fetched 3 alerts from Indexer
2026-07-13 10:06:54,762 - app.services.wazuh_api - INFO - Found 2 agents
2026-07-13 10:06:55,626 - app.services.wazuh_api - INFO - Fetched 3 alerts from Indexer
2026-07-13 10:06:55,684 - app.services.wazuh_api - INFO - Fetched 3 alerts from Indexer
2026-07-13 10:06:55,754 - app.services.wazuh_api - INFO - Found 2 agents
2026-07-13 10:06:56,621 - app.services.wazuh_api - INFO - Fetched 3 alerts from Indexer
2026-07-13 10:06:56,661 - app.services.wazuh_api - INFO - Fetched 3 alerts from Indexer
2026-07-13 10:06:56,706 - app.services.wazuh_api - INFO - Fetched 3 alerts from Indexer
2026-07-13 10:06:56,774 - app.services.wazuh_api - INFO - Found 2 agents
2026-07-13 10:06:57,631 - app.services.wazuh_api - INFO - Fetched 3 alerts from Indexer
2026-07-13 10:06:57,689 - app.services.wazuh_api - INFO - Fetched 3 alerts from Indexer
2026-07-13 10:06:57,771 - app.services.wazuh_api - INFO - Found 2 agents
2026-07-13 10:06:58,634 - app.services.wazuh_api - INFO - Fetched 3 alerts from Indexer
2026-07-13 10:06:58,692 - app.services.wazuh_api - INFO - Fetched 3 alerts from Indexer
2026-07-13 10:06:58,771 - app.services.wazuh_api - INFO - Found 2 agents
2026-07-13 10:06:59,623 - app.services.wazuh_api - INFO - Fetched 3 alerts from Indexer
2026-07-13 10:06:59,680 - app.services.wazuh_api - INFO - Fetched 3 alerts from Indexer
2026-07-13 10:06:59,735 - app.services.wazuh_api - INFO - Found 2 agents
2026-07-13 10:07:00,620 - app.services.wazuh_api - INFO - Fetched 3 alerts from Indexer
2026-07-13 10:07:00,683 - app.services.wazuh_api - INFO - Fetched 3 alerts from Indexer
2026-07-13 10:07:00,778 - app.services.wazuh_api - INFO - Found 2 agents
2026-07-13 10:07:01,653 - app.services.wazuh_api - INFO - Fetched 3 alerts from Indexer
2026-07-13 10:07:01,715 - app.services.wazuh_api - INFO - Fetched 3 alerts from Indexer
2026-07-13 10:07:01,792 - app.services.wazuh_api - INFO - Found 2 agents
2026-07-13 10:07:02,634 - app.services.wazuh_api - INFO - Fetched 3 alerts from Indexer
2026-07-13 10:07:02,699 - app.services.wazuh_api - INFO - Fetched 3 alerts from Indexer
2026-07-13 10:07:02,775 - app.services.wazuh_api - INFO - Found 2 agents
2026-07-13 10:07:03,622 - app.services.wazuh_api - INFO - Fetched 3 alerts from Indexer
2026-07-13 10:07:03,684 - app.services.wazuh_api - INFO - Fetched 3 alerts from Indexer
2026-07-13 10:07:03,755 - app.services.wazuh_api - INFO - Found 2 agents
2026-07-13 10:07:04,626 - app.services.wazuh_api - INFO - Fetched 3 alerts from Indexer
2026-07-13 10:07:04,687 - app.services.wazuh_api - INFO - Fetched 3 alerts from Indexer
2026-07-13 10:07:04,770 - app.services.wazuh_api - INFO - Found 2 agents
2026-07-13 10:07:05,624 - app.services.wazuh_api - INFO - Fetched 3 alerts from Indexer
2026-07-13 10:07:05,685 - app.services.wazuh_api - INFO - Fetched 3 alerts from Indexer
2026-07-13 10:07:05,762 - app.services.wazuh_api - INFO - Found 2 agents
2026-07-13 10:07:06,611 - app.services.wazuh_api - INFO - Fetched 3 alerts from Indexer
2026-07-13 10:07:06,654 - app.services.wazuh_api - INFO - Fetched 3 alerts from Indexer
2026-07-13 10:07:06,698 - app.services.wazuh_api - INFO - Fetched 3 alerts from Indexer
2026-07-13 10:07:06,779 - app.services.wazuh_api - INFO - Found 2 agents
2026-07-13 10:07:07,621 - app.services.wazuh_api - INFO - Fetched 3 alerts from Indexer
2026-07-13 10:07:07,679 - app.services.wazuh_api - INFO - Fetched 3 alerts from Indexer
2026-07-13 10:07:07,762 - app.services.wazuh_api - INFO - Found 2 agents
2026-07-13 10:07:08,610 - app.services.wazuh_api - INFO - Fetched 3 alerts from Indexer
2026-07-13 10:07:08,667 - app.services.wazuh_api - INFO - Fetched 3 alerts from Indexer
2026-07-13 10:07:08,751 - app.services.wazuh_api - INFO - Found 2 agents
2026-07-13 10:07:09,625 - app.services.wazuh_api - INFO - Fetched 3 alerts from Indexer
2026-07-13 10:07:09,667 - app.services.wazuh_api - INFO - Fetched 3 alerts from Indexer
2026-07-13 10:07:09,726 - app.services.wazuh_api - INFO - Found 2 agents
2026-07-13 10:07:10,637 - app.services.wazuh_api - INFO - Fetched 3 alerts from Indexer
2026-07-13 10:07:10,702 - app.services.wazuh_api - INFO - Fetched 3 alerts from Indexer
2026-07-13 10:07:10,787 - app.services.wazuh_api - INFO - Found 2 agents
2026-07-13 10:07:11,630 - app.services.wazuh_api - INFO - Fetched 3 alerts from Indexer
2026-07-13 10:07:11,695 - app.services.wazuh_api - INFO - Fetched 3 alerts from Indexer
2026-07-13 10:07:11,758 - app.services.wazuh_api - INFO - Found 2 agents
2026-07-13 10:07:12,658 - app.services.wazuh_api - INFO - Fetched 3 alerts from Indexer
2026-07-13 10:07:12,705 - app.services.wazuh_api - INFO - Fetched 3 alerts from Indexer
2026-07-13 10:07:12,768 - app.services.wazuh_api - INFO - Found 2 agents
2026-07-13 10:07:13,626 - app.services.wazuh_api - INFO - Fetched 3 alerts from Indexer
2026-07-13 10:07:13,666 - app.services.wazuh_api - INFO - Fetched 3 alerts from Indexer
2026-07-13 10:07:13,742 - app.services.wazuh_api - INFO - Found 2 agents
2026-07-13 10:07:14,613 - app.services.wazuh_api - INFO - Fetched 3 alerts from Indexer
2026-07-13 10:07:14,669 - app.services.wazuh_api - INFO - Fetched 3 alerts from Indexer
2026-07-13 10:07:14,731 - app.services.wazuh_api - INFO - Found 2 agents
2026-07-13 10:07:15,606 - app.services.wazuh_api - INFO - Fetched 3 alerts from Indexer
2026-07-13 10:07:15,665 - app.services.wazuh_api - INFO - Fetched 3 alerts from Indexer
2026-07-13 10:07:15,745 - app.services.wazuh_api - INFO - Found 2 agents
2026-07-13 10:07:16,630 - app.services.wazuh_api - INFO - Fetched 3 alerts from Indexer
2026-07-13 10:07:16,692 - app.services.wazuh_api - INFO - Fetched 3 alerts from Indexer
2026-07-13 10:07:16,752 - app.services.wazuh_api - INFO - Fetched 3 alerts from Indexer
2026-07-13 10:07:16,810 - app.services.wazuh_api - INFO - Found 2 agents
2026-07-13 10:07:17,624 - app.services.wazuh_api - INFO - Fetched 3 alerts from Indexer
2026-07-13 10:07:17,683 - app.services.wazuh_api - INFO - Fetched 3 alerts from Indexer
2026-07-13 10:07:17,747 - app.services.wazuh_api - INFO - Found 2 agents
2026-07-13 10:07:18,612 - app.services.wazuh_api - INFO - Fetched 3 alerts from Indexer
2026-07-13 10:07:18,675 - app.services.wazuh_api - INFO - Fetched 3 alerts from Indexer
2026-07-13 10:07:18,765 - app.services.wazuh_api - INFO - Found 2 agents
2026-07-13 10:07:19,622 - app.services.wazuh_api - INFO - Fetched 3 alerts from Indexer
2026-07-13 10:07:19,682 - app.services.wazuh_api - INFO - Fetched 3 alerts from Indexer
2026-07-13 10:07:19,739 - app.services.wazuh_api - INFO - Found 2 agents
2026-07-13 10:07:20,631 - app.services.wazuh_api - INFO - Fetched 3 alerts from Indexer
2026-07-13 10:07:20,692 - app.services.wazuh_api - INFO - Fetched 3 alerts from Indexer
2026-07-13 10:07:20,769 - app.services.wazuh_api - INFO - Found 2 agents
2026-07-13 10:07:21,631 - app.services.wazuh_api - INFO - Fetched 3 alerts from Indexer
2026-07-13 10:07:21,679 - app.services.wazuh_api - INFO - Fetched 3 alerts from Indexer
2026-07-13 10:07:21,741 - app.services.wazuh_api - INFO - Found 2 agents
2026-07-13 10:07:22,621 - app.services.wazuh_api - INFO - Fetched 3 alerts from Indexer
2026-07-13 10:07:22,681 - app.services.wazuh_api - INFO - Fetched 3 alerts from Indexer
2026-07-13 10:07:22,756 - app.services.wazuh_api - INFO - Found 2 agents
2026-07-13 10:07:23,627 - app.services.wazuh_api - INFO - Fetched 3 alerts from Indexer
2026-07-13 10:07:23,668 - app.services.wazuh_api - INFO - Fetched 3 alerts from Indexer
2026-07-13 10:07:23,760 - app.services.wazuh_api - INFO - Found 2 agents
2026-07-13 10:07:24,631 - app.services.wazuh_api - INFO - Fetched 3 alerts from Indexer
2026-07-13 10:07:24,691 - app.services.wazuh_api - INFO - Fetched 3 alerts from Indexer
2026-07-13 10:07:24,751 - app.services.wazuh_api - INFO - Found 2 agents
2026-07-13 10:07:25,619 - app.services.wazuh_api - INFO - Fetched 3 alerts from Indexer
2026-07-13 10:07:25,681 - app.services.wazuh_api - INFO - Fetched 3 alerts from Indexer
2026-07-13 10:07:25,758 - app.services.wazuh_api - INFO - Found 2 agents
2026-07-13 10:07:26,628 - app.services.wazuh_api - INFO - Fetched 3 alerts from Indexer
2026-07-13 10:07:26,689 - app.services.wazuh_api - INFO - Fetched 3 alerts from Indexer
2026-07-13 10:07:26,750 - app.services.wazuh_api - INFO - Fetched 3 alerts from Indexer
2026-07-13 10:07:26,817 - app.services.wazuh_api - INFO - Found 2 agents
2026-07-13 10:07:27,622 - app.services.wazuh_api - INFO - Fetched 3 alerts from Indexer
2026-07-13 10:07:27,683 - app.services.wazuh_api - INFO - Fetched 3 alerts from Indexer
2026-07-13 10:07:27,760 - app.services.wazuh_api - INFO - Found 2 agents
2026-07-13 10:07:28,621 - app.services.wazuh_api - INFO - Fetched 3 alerts from Indexer
2026-07-13 10:07:28,684 - app.services.wazuh_api - INFO - Fetched 3 alerts from Indexer
2026-07-13 10:07:28,760 - app.services.wazuh_api - INFO - Found 2 agents
2026-07-13 10:07:29,630 - app.services.wazuh_api - INFO - Fetched 3 alerts from Indexer
2026-07-13 10:07:29,693 - app.services.wazuh_api - INFO - Fetched 3 alerts from Indexer
2026-07-13 10:07:29,769 - app.services.wazuh_api - INFO - Found 2 agents
2026-07-13 10:07:30,622 - app.services.wazuh_api - INFO - Fetched 3 alerts from Indexer
2026-07-13 10:07:30,685 - app.services.wazuh_api - INFO - Fetched 3 alerts from Indexer
2026-07-13 10:07:30,746 - app.services.wazuh_api - INFO - Found 2 agents
2026-07-13 10:07:31,632 - app.services.wazuh_api - INFO - Fetched 3 alerts from Indexer
2026-07-13 10:07:31,691 - app.services.wazuh_api - INFO - Fetched 3 alerts from Indexer
2026-07-13 10:07:31,768 - app.services.wazuh_api - INFO - Found 2 agents
2026-07-13 10:07:32,635 - app.services.wazuh_api - INFO - Fetched 3 alerts from Indexer
2026-07-13 10:07:32,694 - app.services.wazuh_api - INFO - Fetched 3 alerts from Indexer
2026-07-13 10:07:32,771 - app.services.wazuh_api - INFO - Found 2 agents
2026-07-13 10:07:33,632 - app.services.wazuh_api - INFO - Fetched 3 alerts from Indexer
2026-07-13 10:07:33,693 - app.services.wazuh_api - INFO - Fetched 3 alerts from Indexer
2026-07-13 10:07:33,769 - app.services.wazuh_api - INFO - Found 2 agents
2026-07-13 10:07:34,631 - app.services.wazuh_api - INFO - Fetched 3 alerts from Indexer
2026-07-13 10:07:34,689 - app.services.wazuh_api - INFO - Fetched 3 alerts from Indexer
2026-07-13 10:07:34,755 - app.services.wazuh_api - INFO - Found 2 agents
2026-07-13 10:07:35,625 - app.services.wazuh_api - INFO - Fetched 3 alerts from Indexer
2026-07-13 10:07:35,687 - app.services.wazuh_api - INFO - Fetched 3 alerts from Indexer
2026-07-13 10:07:35,769 - app.services.wazuh_api - INFO - Found 2 agents
2026-07-13 10:07:36,618 - app.services.wazuh_api - INFO - Fetched 3 alerts from Indexer
2026-07-13 10:07:36,672 - app.services.wazuh_api - INFO - Fetched 3 alerts from Indexer
2026-07-13 10:07:36,735 - app.services.wazuh_api - INFO - Fetched 3 alerts from Indexer
2026-07-13 10:07:36,813 - app.services.wazuh_api - INFO - Found 2 agents
2026-07-13 10:07:37,630 - app.services.wazuh_api - INFO - Fetched 3 alerts from Indexer
2026-07-13 10:07:37,699 - app.services.wazuh_api - INFO - Fetched 3 alerts from Indexer
2026-07-13 10:07:37,760 - app.services.wazuh_api - INFO - Found 2 agents
2026-07-13 10:07:38,628 - app.services.wazuh_api - INFO - Fetched 3 alerts from Indexer
2026-07-13 10:07:38,670 - app.services.wazuh_api - INFO - Fetched 3 alerts from Indexer
2026-07-13 10:07:38,730 - app.services.wazuh_api - INFO - Found 2 agents
2026-07-13 10:07:39,606 - app.services.wazuh_api - INFO - Fetched 3 alerts from Indexer
2026-07-13 10:07:39,663 - app.services.wazuh_api - INFO - Fetched 3 alerts from Indexer
2026-07-13 10:07:39,742 - app.services.wazuh_api - INFO - Found 2 agents
2026-07-13 10:07:40,619 - app.services.wazuh_api - INFO - Fetched 3 alerts from Indexer
2026-07-13 10:07:40,683 - app.services.wazuh_api - INFO - Fetched 3 alerts from Indexer
2026-07-13 10:07:40,740 - app.services.wazuh_api - INFO - Found 2 agents
2026-07-13 10:07:41,617 - app.services.wazuh_api - INFO - Fetched 3 alerts from Indexer
2026-07-13 10:07:41,675 - app.services.wazuh_api - INFO - Fetched 3 alerts from Indexer
2026-07-13 10:07:41,751 - app.services.wazuh_api - INFO - Found 2 agents
2026-07-13 10:07:42,628 - app.services.wazuh_api - INFO - Fetched 3 alerts from Indexer
2026-07-13 10:07:42,688 - app.services.wazuh_api - INFO - Fetched 3 alerts from Indexer
2026-07-13 10:07:42,746 - app.services.wazuh_api - INFO - Found 2 agents
2026-07-13 10:07:43,618 - app.services.wazuh_api - INFO - Fetched 3 alerts from Indexer
2026-07-13 10:07:43,673 - app.services.wazuh_api - INFO - Fetched 3 alerts from Indexer
2026-07-13 10:07:43,752 - app.services.wazuh_api - INFO - Found 2 agents
2026-07-13 10:07:44,621 - app.services.wazuh_api - INFO - Fetched 3 alerts from Indexer
2026-07-13 10:07:44,681 - app.services.wazuh_api - INFO - Fetched 3 alerts from Indexer
2026-07-13 10:07:44,761 - app.services.wazuh_api - INFO - Found 2 agents
2026-07-13 10:08:14,620 - app.services.wazuh_api - INFO - Fetched 3 alerts from Indexer
2026-07-13 10:08:14,668 - app.services.wazuh_api - INFO - Fetched 3 alerts from Indexer
2026-07-13 10:08:14,715 - app.services.wazuh_api - INFO - Fetched 3 alerts from Indexer
2026-07-13 10:08:14,781 - app.services.wazuh_api - INFO - Found 2 agents
2026-07-13 10:08:36,341 - app.models.detector - INFO - [OK] Model loaded with joblib: D:\EDR-Project\dashboard\models_data\ecod.pkl
2026-07-13 10:08:36,355 - __main__ - INFO - Starting EDR Dashboard on 0.0.0.0:5000
2026-07-13 10:08:36,355 - __main__ - INFO - Wazuh API: localhost:55000
2026-07-13 10:08:36,356 - __main__ - INFO - Model: D:\EDR-Project\dashboard\models_data\ecod.pkl
2026-07-13 10:08:36,359 - werkzeug - INFO -  * Restarting with stat
2026-07-13 10:08:39,836 - app.models.detector - INFO - [OK] Model loaded with joblib: D:\EDR-Project\dashboard\models_data\ecod.pkl
2026-07-13 10:08:39,851 - __main__ - INFO - Starting EDR Dashboard on 0.0.0.0:5000
2026-07-13 10:08:39,851 - __main__ - INFO - Wazuh API: localhost:55000
2026-07-13 10:08:39,851 - __main__ - INFO - Model: D:\EDR-Project\dashboard\models_data\ecod.pkl
2026-07-13 10:08:39,855 - werkzeug - WARNING -  * Debugger is active!
2026-07-13 10:08:39,859 - werkzeug - INFO -  * Debugger PIN: 506-881-550
2026-07-13 10:08:40,152 - app.main - INFO - Client connected
2026-07-13 10:08:40,201 - app.services.wazuh_api - INFO - Fetched 3 alerts from Indexer
2026-07-13 10:08:52,016 - app.services.wazuh_api - INFO - Fetched 3 alerts from Indexer
2026-07-13 10:08:52,280 - app.services.wazuh_api - INFO - Connected to Wazuh API
2026-07-13 10:08:52,361 - app.services.wazuh_api - INFO - Found 2 agents
2026-07-13 10:08:52,405 - app.services.wazuh_api - INFO - Fetched 3 alerts from Indexer
2026-07-13 10:08:52,474 - app.services.wazuh_api - INFO - Fetched 3 alerts from Indexer
2026-07-13 10:08:52,539 - app.services.wazuh_api - INFO - Fetched 3 alerts from Indexer
2026-07-13 10:08:52,620 - app.services.wazuh_api - INFO - Found 2 agents
2026-07-13 10:08:53,063 - app.services.wazuh_api - INFO - Fetched 3 alerts from Indexer
2026-07-13 10:08:53,128 - app.services.wazuh_api - INFO - Fetched 3 alerts from Indexer
2026-07-13 10:08:53,194 - app.services.wazuh_api - INFO - Found 2 agents
2026-07-13 10:09:18,681 - app.models.detector - INFO - [OK] Model loaded with joblib: D:\EDR-Project\dashboard\models_data\ecod.pkl
2026-07-13 10:09:18,697 - __main__ - INFO - Starting EDR Dashboard on 0.0.0.0:5000
2026-07-13 10:09:18,697 - __main__ - INFO - Wazuh API: localhost:55000
2026-07-13 10:09:18,697 - __main__ - INFO - Model: D:\EDR-Project\dashboard\models_data\ecod.pkl
2026-07-13 10:09:18,702 - werkzeug - INFO -  * Restarting with stat
2026-07-13 10:09:22,427 - app.models.detector - INFO - [OK] Model loaded with joblib: D:\EDR-Project\dashboard\models_data\ecod.pkl
2026-07-13 10:09:22,442 - __main__ - INFO - Starting EDR Dashboard on 0.0.0.0:5000
2026-07-13 10:09:22,442 - __main__ - INFO - Wazuh API: localhost:55000
2026-07-13 10:09:22,442 - __main__ - INFO - Model: D:\EDR-Project\dashboard\models_data\ecod.pkl
2026-07-13 10:09:22,446 - werkzeug - WARNING -  * Debugger is active!
2026-07-13 10:09:22,450 - werkzeug - INFO -  * Debugger PIN: 506-881-550
2026-07-13 10:09:43,601 - app.services.wazuh_api - INFO - Fetched 3 alerts from Indexer
2026-07-13 10:09:43,848 - app.services.wazuh_api - INFO - Connected to Wazuh API
2026-07-13 10:09:43,941 - app.services.wazuh_api - INFO - Found 2 agents
2026-07-13 10:09:43,998 - app.services.wazuh_api - INFO - Fetched 3 alerts from Indexer
2026-07-13 10:09:44,002 - app.main - INFO - Client connected
2026-07-13 10:09:44,064 - app.services.wazuh_api - INFO - Fetched 3 alerts from Indexer
2026-07-13 10:09:44,608 - app.services.wazuh_api - INFO - Fetched 3 alerts from Indexer
2026-07-13 10:09:44,675 - app.services.wazuh_api - INFO - Fetched 3 alerts from Indexer
2026-07-13 10:09:44,763 - app.services.wazuh_api - INFO - Found 2 agents
2026-07-13 10:09:45,621 - app.services.wazuh_api - INFO - Fetched 3 alerts from Indexer
2026-07-13 10:09:45,674 - app.services.wazuh_api - INFO - Fetched 3 alerts from Indexer
2026-07-13 10:09:45,735 - app.services.wazuh_api - INFO - Found 2 agents
2026-07-13 10:09:46,609 - app.services.wazuh_api - INFO - Fetched 3 alerts from Indexer
2026-07-13 10:09:46,653 - app.services.wazuh_api - INFO - Fetched 3 alerts from Indexer
2026-07-13 10:09:46,766 - app.services.wazuh_api - INFO - Found 2 agents
2026-07-13 10:09:47,633 - app.services.wazuh_api - INFO - Fetched 3 alerts from Indexer
2026-07-13 10:09:47,692 - app.services.wazuh_api - INFO - Fetched 3 alerts from Indexer
2026-07-13 10:09:47,758 - app.services.wazuh_api - INFO - Found 2 agents
2026-07-13 10:09:48,629 - app.services.wazuh_api - INFO - Fetched 3 alerts from Indexer
2026-07-13 10:09:48,678 - app.services.wazuh_api - INFO - Fetched 3 alerts from Indexer
2026-07-13 10:09:48,754 - app.services.wazuh_api - INFO - Found 2 agents
2026-07-13 10:09:49,632 - app.services.wazuh_api - INFO - Fetched 3 alerts from Indexer
2026-07-13 10:09:49,697 - app.services.wazuh_api - INFO - Fetched 3 alerts from Indexer
2026-07-13 10:09:49,772 - app.services.wazuh_api - INFO - Found 2 agents
2026-07-13 10:09:50,633 - app.services.wazuh_api - INFO - Fetched 3 alerts from Indexer
2026-07-13 10:09:50,701 - app.services.wazuh_api - INFO - Fetched 3 alerts from Indexer
2026-07-13 10:09:50,771 - app.services.wazuh_api - INFO - Found 2 agents
2026-07-13 10:09:51,634 - app.services.wazuh_api - INFO - Fetched 3 alerts from Indexer
2026-07-13 10:09:51,678 - app.services.wazuh_api - INFO - Fetched 3 alerts from Indexer
2026-07-13 10:09:51,757 - app.services.wazuh_api - INFO - Found 2 agents
2026-07-13 10:09:52,644 - app.services.wazuh_api - INFO - Fetched 3 alerts from Indexer
2026-07-13 10:09:52,701 - app.services.wazuh_api - INFO - Fetched 3 alerts from Indexer
2026-07-13 10:09:52,782 - app.services.wazuh_api - INFO - Found 2 agents
2026-07-13 10:09:53,627 - app.services.wazuh_api - INFO - Fetched 3 alerts from Indexer
2026-07-13 10:09:53,678 - app.services.wazuh_api - INFO - Fetched 3 alerts from Indexer
2026-07-13 10:09:53,742 - app.services.wazuh_api - INFO - Fetched 3 alerts from Indexer
2026-07-13 10:09:53,831 - app.services.wazuh_api - INFO - Found 2 agents
2026-07-13 10:09:54,616 - app.services.wazuh_api - INFO - Fetched 3 alerts from Indexer
2026-07-13 10:09:54,668 - app.services.wazuh_api - INFO - Fetched 3 alerts from Indexer
2026-07-13 10:09:54,745 - app.services.wazuh_api - INFO - Found 2 agents
2026-07-13 10:10:00,676 - app.models.detector - INFO - [OK] Model loaded with joblib: D:\EDR-Project\dashboard\models_data\ecod.pkl
2026-07-13 10:10:00,695 - __main__ - INFO - Starting EDR Dashboard on 0.0.0.0:5000
2026-07-13 10:10:00,695 - __main__ - INFO - Wazuh API: localhost:55000
2026-07-13 10:10:00,695 - __main__ - INFO - Model: D:\EDR-Project\dashboard\models_data\ecod.pkl
2026-07-13 10:10:00,699 - werkzeug - INFO -  * Restarting with stat
2026-07-13 10:10:04,305 - app.models.detector - INFO - [OK] Model loaded with joblib: D:\EDR-Project\dashboard\models_data\ecod.pkl
2026-07-13 10:10:04,319 - __main__ - INFO - Starting EDR Dashboard on 0.0.0.0:5000
2026-07-13 10:10:04,319 - __main__ - INFO - Wazuh API: localhost:55000
2026-07-13 10:10:04,319 - __main__ - INFO - Model: D:\EDR-Project\dashboard\models_data\ecod.pkl
2026-07-13 10:10:04,323 - werkzeug - WARNING -  * Debugger is active!
2026-07-13 10:10:04,328 - werkzeug - INFO -  * Debugger PIN: 506-881-550
2026-07-13 10:10:04,625 - app.services.wazuh_api - INFO - Fetched 3 alerts from Indexer
2026-07-13 10:10:04,672 - app.services.wazuh_api - INFO - Fetched 3 alerts from Indexer
2026-07-13 10:10:04,922 - app.services.wazuh_api - INFO - Connected to Wazuh API
2026-07-13 10:10:05,012 - app.services.wazuh_api - INFO - Found 2 agents
2026-07-13 10:10:05,057 - app.services.wazuh_api - INFO - Fetched 3 alerts from Indexer
2026-07-13 10:10:05,134 - app.services.wazuh_api - INFO - Found 2 agents
2026-07-13 10:10:05,191 - app.services.wazuh_api - INFO - Fetched 3 alerts from Indexer
2026-07-13 10:10:05,268 - app.services.wazuh_api - INFO - Found 2 agents
2026-07-13 10:10:05,314 - app.services.wazuh_api - INFO - Fetched 3 alerts from Indexer
2026-07-13 10:10:05,393 - app.services.wazuh_api - INFO - Found 2 agents
2026-07-13 10:10:05,452 - app.services.wazuh_api - INFO - Fetched 3 alerts from Indexer
2026-07-13 10:10:05,545 - app.services.wazuh_api - INFO - Found 2 agents
2026-07-13 10:10:05,638 - app.services.wazuh_api - INFO - Fetched 3 alerts from Indexer
2026-07-13 10:10:05,707 - app.services.wazuh_api - INFO - Found 2 agents
2026-07-13 10:10:06,635 - app.services.wazuh_api - INFO - Fetched 3 alerts from Indexer
2026-07-13 10:10:06,703 - app.services.wazuh_api - INFO - Found 2 agents
2026-07-13 10:10:07,619 - app.services.wazuh_api - INFO - Fetched 4 alerts from Indexer
2026-07-13 10:10:07,683 - app.services.wazuh_api - INFO - Found 2 agents
2026-07-13 10:10:07,728 - app.main - INFO - Client connected
2026-07-13 10:10:07,778 - app.services.wazuh_api - INFO - Fetched 4 alerts from Indexer
2026-07-13 10:10:07,840 - app.services.wazuh_api - INFO - Fetched 4 alerts from Indexer
2026-07-13 10:10:07,904 - app.services.wazuh_api - INFO - Fetched 4 alerts from Indexer
2026-07-13 10:10:07,973 - app.services.wazuh_api - INFO - Fetched 4 alerts from Indexer
2026-07-13 10:10:08,028 - app.services.wazuh_api - INFO - Fetched 4 alerts from Indexer
2026-07-13 10:10:08,088 - app.services.wazuh_api - INFO - Fetched 4 alerts from Indexer
2026-07-13 10:10:08,133 - app.services.wazuh_api - INFO - Fetched 4 alerts from Indexer
2026-07-13 10:10:08,177 - app.services.wazuh_api - INFO - Fetched 4 alerts from Indexer
2026-07-13 10:10:08,233 - app.services.wazuh_api - INFO - Fetched 4 alerts from Indexer
2026-07-13 10:10:08,293 - app.services.wazuh_api - INFO - Fetched 4 alerts from Indexer
2026-07-13 10:10:08,356 - app.services.wazuh_api - INFO - Fetched 4 alerts from Indexer
2026-07-13 10:10:08,417 - app.services.wazuh_api - INFO - Fetched 4 alerts from Indexer
2026-07-13 10:10:08,499 - app.services.wazuh_api - INFO - Fetched 4 alerts from Indexer
2026-07-13 10:10:08,633 - app.services.wazuh_api - INFO - Fetched 4 alerts from Indexer
2026-07-13 10:10:08,693 - app.services.wazuh_api - INFO - Fetched 4 alerts from Indexer
2026-07-13 10:10:08,759 - app.services.wazuh_api - INFO - Found 2 agents
2026-07-13 10:10:09,619 - app.services.wazuh_api - INFO - Fetched 4 alerts from Indexer
2026-07-13 10:10:09,684 - app.services.wazuh_api - INFO - Fetched 4 alerts from Indexer
2026-07-13 10:10:09,759 - app.services.wazuh_api - INFO - Found 2 agents
2026-07-13 10:10:10,621 - app.services.wazuh_api - INFO - Fetched 4 alerts from Indexer
2026-07-13 10:10:10,668 - app.services.wazuh_api - INFO - Fetched 4 alerts from Indexer
2026-07-13 10:10:10,736 - app.services.wazuh_api - INFO - Found 2 agents
2026-07-13 10:10:11,612 - app.services.wazuh_api - INFO - Fetched 4 alerts from Indexer
2026-07-13 10:10:11,658 - app.services.wazuh_api - INFO - Fetched 4 alerts from Indexer
2026-07-13 10:10:11,717 - app.services.wazuh_api - INFO - Found 2 agents
2026-07-13 10:10:12,627 - app.services.wazuh_api - INFO - Fetched 4 alerts from Indexer
2026-07-13 10:10:12,669 - app.services.wazuh_api - INFO - Fetched 4 alerts from Indexer
2026-07-13 10:10:12,747 - app.services.wazuh_api - INFO - Found 2 agents
2026-07-13 10:10:13,625 - app.services.wazuh_api - INFO - Fetched 4 alerts from Indexer
2026-07-13 10:10:13,686 - app.services.wazuh_api - INFO - Fetched 4 alerts from Indexer
2026-07-13 10:10:14,817 - app.services.wazuh_api - INFO - Fetched 4 alerts from Indexer
2026-07-13 10:10:14,905 - app.services.wazuh_api - INFO - Found 2 agents
2026-07-13 10:10:14,953 - app.services.wazuh_api - INFO - Fetched 4 alerts from Indexer
2026-07-13 10:10:15,003 - app.services.wazuh_api - INFO - Fetched 4 alerts from Indexer
2026-07-13 10:10:15,056 - app.services.wazuh_api - INFO - Found 2 agents
2026-07-13 10:10:15,631 - app.services.wazuh_api - INFO - Fetched 4 alerts from Indexer
2026-07-13 10:10:15,711 - app.services.wazuh_api - INFO - Fetched 4 alerts from Indexer
2026-07-13 10:10:15,811 - app.services.wazuh_api - INFO - Found 2 agents
2026-07-13 10:10:16,611 - app.services.wazuh_api - INFO - Fetched 4 alerts from Indexer
2026-07-13 10:10:16,660 - app.services.wazuh_api - INFO - Fetched 4 alerts from Indexer
2026-07-13 10:10:16,730 - app.services.wazuh_api - INFO - Found 2 agents
2026-07-13 10:10:17,616 - app.services.wazuh_api - INFO - Fetched 4 alerts from Indexer
2026-07-13 10:10:17,682 - app.services.wazuh_api - INFO - Fetched 4 alerts from Indexer
2026-07-13 10:10:17,764 - app.services.wazuh_api - INFO - Found 2 agents
2026-07-13 10:10:18,627 - app.services.wazuh_api - INFO - Fetched 4 alerts from Indexer
2026-07-13 10:10:18,680 - app.services.wazuh_api - INFO - Fetched 4 alerts from Indexer
2026-07-13 10:10:18,755 - app.services.wazuh_api - INFO - Found 2 agents
2026-07-13 10:10:19,629 - app.services.wazuh_api - INFO - Fetched 4 alerts from Indexer
2026-07-13 10:10:19,691 - app.services.wazuh_api - INFO - Fetched 4 alerts from Indexer
2026-07-13 10:10:19,773 - app.services.wazuh_api - INFO - Found 2 agents
2026-07-13 10:10:20,603 - app.services.wazuh_api - INFO - Fetched 4 alerts from Indexer
2026-07-13 10:10:20,646 - app.services.wazuh_api - INFO - Fetched 4 alerts from Indexer
2026-07-13 10:10:20,728 - app.services.wazuh_api - INFO - Found 2 agents
2026-07-13 10:10:21,615 - app.services.wazuh_api - INFO - Fetched 4 alerts from Indexer
2026-07-13 10:10:21,676 - app.services.wazuh_api - INFO - Fetched 4 alerts from Indexer
2026-07-13 10:10:21,750 - app.services.wazuh_api - INFO - Found 2 agents
2026-07-13 10:10:22,610 - app.services.wazuh_api - INFO - Fetched 4 alerts from Indexer
2026-07-13 10:10:22,667 - app.services.wazuh_api - INFO - Fetched 4 alerts from Indexer
2026-07-13 10:10:22,746 - app.services.wazuh_api - INFO - Found 2 agents
2026-07-13 10:10:23,623 - app.services.wazuh_api - INFO - Fetched 4 alerts from Indexer
2026-07-13 10:10:23,679 - app.services.wazuh_api - INFO - Fetched 4 alerts from Indexer
2026-07-13 10:10:23,743 - app.services.wazuh_api - INFO - Fetched 4 alerts from Indexer
2026-07-13 10:10:23,822 - app.services.wazuh_api - INFO - Found 2 agents
2026-07-13 10:10:24,631 - app.services.wazuh_api - INFO - Fetched 4 alerts from Indexer
2026-07-13 10:10:24,674 - app.services.wazuh_api - INFO - Fetched 4 alerts from Indexer
2026-07-13 10:10:24,755 - app.services.wazuh_api - INFO - Found 2 agents
2026-07-13 10:10:25,617 - app.services.wazuh_api - INFO - Fetched 4 alerts from Indexer
2026-07-13 10:10:25,682 - app.services.wazuh_api - INFO - Fetched 4 alerts from Indexer
2026-07-13 10:10:25,766 - app.services.wazuh_api - INFO - Found 2 agents
2026-07-13 10:10:26,616 - app.services.wazuh_api - INFO - Fetched 4 alerts from Indexer
2026-07-13 10:10:26,662 - app.services.wazuh_api - INFO - Fetched 4 alerts from Indexer
2026-07-13 10:10:26,725 - app.services.wazuh_api - INFO - Found 2 agents
2026-07-13 10:10:27,627 - app.services.wazuh_api - INFO - Fetched 4 alerts from Indexer
2026-07-13 10:10:27,686 - app.services.wazuh_api - INFO - Fetched 4 alerts from Indexer
2026-07-13 10:10:27,764 - app.services.wazuh_api - INFO - Found 2 agents
2026-07-13 10:10:28,629 - app.services.wazuh_api - INFO - Fetched 4 alerts from Indexer
2026-07-13 10:10:28,683 - app.services.wazuh_api - INFO - Fetched 4 alerts from Indexer
2026-07-13 10:10:28,759 - app.services.wazuh_api - INFO - Found 2 agents
2026-07-13 10:10:29,624 - app.services.wazuh_api - INFO - Fetched 4 alerts from Indexer
2026-07-13 10:10:29,664 - app.services.wazuh_api - INFO - Fetched 4 alerts from Indexer
2026-07-13 10:10:29,744 - app.services.wazuh_api - INFO - Found 2 agents
2026-07-13 10:10:30,626 - app.services.wazuh_api - INFO - Fetched 4 alerts from Indexer
2026-07-13 10:10:30,683 - app.services.wazuh_api - INFO - Fetched 4 alerts from Indexer
2026-07-13 10:10:30,748 - app.services.wazuh_api - INFO - Found 2 agents
2026-07-13 10:10:31,627 - app.services.wazuh_api - INFO - Fetched 4 alerts from Indexer
2026-07-13 10:10:31,669 - app.services.wazuh_api - INFO - Fetched 4 alerts from Indexer
2026-07-13 10:10:31,750 - app.services.wazuh_api - INFO - Found 2 agents
2026-07-13 10:10:32,631 - app.services.wazuh_api - INFO - Fetched 4 alerts from Indexer
2026-07-13 10:10:32,675 - app.services.wazuh_api - INFO - Fetched 4 alerts from Indexer
2026-07-13 10:10:32,752 - app.services.wazuh_api - INFO - Found 2 agents
2026-07-13 10:10:33,628 - app.services.wazuh_api - INFO - Fetched 4 alerts from Indexer
2026-07-13 10:10:33,686 - app.services.wazuh_api - INFO - Fetched 4 alerts from Indexer
2026-07-13 10:10:33,760 - app.services.wazuh_api - INFO - Fetched 4 alerts from Indexer
2026-07-13 10:10:33,855 - app.services.wazuh_api - INFO - Found 2 agents
2026-07-13 10:10:34,617 - app.services.wazuh_api - INFO - Fetched 4 alerts from Indexer
2026-07-13 10:10:34,662 - app.services.wazuh_api - INFO - Fetched 4 alerts from Indexer
2026-07-13 10:10:34,739 - app.services.wazuh_api - INFO - Found 2 agents
2026-07-13 10:10:35,623 - app.services.wazuh_api - INFO - Fetched 4 alerts from Indexer
2026-07-13 10:10:35,666 - app.services.wazuh_api - INFO - Fetched 4 alerts from Indexer
2026-07-13 10:10:35,735 - app.services.wazuh_api - INFO - Found 2 agents
2026-07-13 10:10:35,811 - werkzeug - INFO -  * Detected change in 'D:\\EDR-Project\\dashboard\\app\\models\\detector.py', reloading
2026-07-13 10:10:36,297 - werkzeug - INFO -  * Restarting with stat
2026-07-13 10:10:40,319 - app.models.detector - INFO - [OK] Model loaded with joblib: D:\EDR-Project\dashboard\models_data\ecod.pkl
2026-07-13 10:10:40,334 - __main__ - INFO - Starting EDR Dashboard on 0.0.0.0:5000
2026-07-13 10:10:40,334 - __main__ - INFO - Wazuh API: localhost:55000
2026-07-13 10:10:40,336 - __main__ - INFO - Model: D:\EDR-Project\dashboard\models_data\ecod.pkl
2026-07-13 10:10:40,340 - werkzeug - WARNING -  * Debugger is active!
2026-07-13 10:10:40,345 - werkzeug - INFO -  * Debugger PIN: 506-881-550
2026-07-13 10:10:40,806 - app.services.wazuh_api - INFO - Fetched 4 alerts from Indexer
2026-07-13 10:10:41,147 - app.services.wazuh_api - INFO - Connected to Wazuh API
2026-07-13 10:10:41,219 - app.services.wazuh_api - INFO - Found 2 agents
2026-07-13 10:10:41,287 - app.services.wazuh_api - INFO - Fetched 4 alerts from Indexer
2026-07-13 10:10:41,376 - app.services.wazuh_api - INFO - Found 2 agents
2026-07-13 10:10:41,441 - app.services.wazuh_api - INFO - Fetched 4 alerts from Indexer
2026-07-13 10:10:41,519 - app.services.wazuh_api - INFO - Found 2 agents
2026-07-13 10:10:41,563 - app.services.wazuh_api - INFO - Fetched 4 alerts from Indexer
2026-07-13 10:10:41,632 - app.services.wazuh_api - INFO - Found 2 agents
2026-07-13 10:10:41,687 - app.services.wazuh_api - INFO - Fetched 4 alerts from Indexer
2026-07-13 10:10:41,771 - app.services.wazuh_api - INFO - Found 2 agents
2026-07-13 10:10:41,775 - app.main - INFO - Client connected
2026-07-13 10:10:41,834 - app.services.wazuh_api - INFO - Fetched 4 alerts from Indexer
2026-07-13 10:10:41,897 - app.services.wazuh_api - INFO - Fetched 4 alerts from Indexer
2026-07-13 10:10:41,959 - app.services.wazuh_api - INFO - Fetched 4 alerts from Indexer
2026-07-13 10:10:42,002 - app.services.wazuh_api - INFO - Fetched 4 alerts from Indexer
2026-07-13 10:10:42,068 - app.services.wazuh_api - INFO - Fetched 4 alerts from Indexer
2026-07-13 10:10:42,133 - app.services.wazuh_api - INFO - Fetched 4 alerts from Indexer
2026-07-13 10:10:42,196 - app.services.wazuh_api - INFO - Fetched 4 alerts from Indexer
2026-07-13 10:10:42,605 - app.services.wazuh_api - INFO - Fetched 4 alerts from Indexer
2026-07-13 10:10:42,661 - app.services.wazuh_api - INFO - Fetched 4 alerts from Indexer
2026-07-13 10:10:42,741 - app.services.wazuh_api - INFO - Found 2 agents
2026-07-13 10:10:43,613 - app.services.wazuh_api - INFO - Fetched 4 alerts from Indexer
2026-07-13 10:10:43,673 - app.services.wazuh_api - INFO - Fetched 4 alerts from Indexer
2026-07-13 10:10:43,715 - app.services.wazuh_api - INFO - Fetched 4 alerts from Indexer
2026-07-13 10:10:43,775 - app.services.wazuh_api - INFO - Found 2 agents
2026-07-13 10:10:44,618 - app.services.wazuh_api - INFO - Fetched 4 alerts from Indexer
2026-07-13 10:10:44,676 - app.services.wazuh_api - INFO - Fetched 4 alerts from Indexer
2026-07-13 10:10:44,756 - app.services.wazuh_api - INFO - Found 2 agents
2026-07-13 10:10:45,620 - app.services.wazuh_api - INFO - Fetched 4 alerts from Indexer
2026-07-13 10:10:45,676 - app.services.wazuh_api - INFO - Fetched 4 alerts from Indexer
2026-07-13 10:10:45,758 - app.services.wazuh_api - INFO - Found 2 agents
2026-07-13 10:10:46,631 - app.services.wazuh_api - INFO - Fetched 4 alerts from Indexer
2026-07-13 10:10:46,700 - app.services.wazuh_api - INFO - Fetched 4 alerts from Indexer
2026-07-13 10:10:46,764 - app.services.wazuh_api - INFO - Found 2 agents
2026-07-13 10:10:47,623 - app.services.wazuh_api - INFO - Fetched 4 alerts from Indexer
2026-07-13 10:10:47,692 - app.services.wazuh_api - INFO - Fetched 4 alerts from Indexer
2026-07-13 10:10:47,752 - app.services.wazuh_api - INFO - Found 2 agents
2026-07-13 10:10:48,655 - app.services.wazuh_api - INFO - Fetched 4 alerts from Indexer
2026-07-13 10:10:48,720 - app.services.wazuh_api - INFO - Fetched 4 alerts from Indexer
2026-07-13 10:10:48,787 - app.services.wazuh_api - INFO - Found 2 agents
2026-07-13 10:10:49,610 - app.services.wazuh_api - INFO - Fetched 4 alerts from Indexer
2026-07-13 10:10:49,654 - app.services.wazuh_api - INFO - Fetched 4 alerts from Indexer
2026-07-13 10:10:49,713 - app.services.wazuh_api - INFO - Found 2 agents
2026-07-13 10:10:50,634 - app.services.wazuh_api - INFO - Fetched 4 alerts from Indexer
2026-07-13 10:10:50,693 - app.services.wazuh_api - INFO - Fetched 4 alerts from Indexer
2026-07-13 10:10:50,769 - app.services.wazuh_api - INFO - Found 2 agents
2026-07-13 10:10:51,625 - app.services.wazuh_api - INFO - Fetched 4 alerts from Indexer
2026-07-13 10:10:51,684 - app.services.wazuh_api - INFO - Fetched 4 alerts from Indexer
2026-07-13 10:10:51,761 - app.services.wazuh_api - INFO - Found 2 agents
2026-07-13 10:10:52,636 - app.services.wazuh_api - INFO - Fetched 4 alerts from Indexer
2026-07-13 10:10:52,699 - app.services.wazuh_api - INFO - Fetched 4 alerts from Indexer
2026-07-13 10:10:52,780 - app.services.wazuh_api - INFO - Found 2 agents
2026-07-13 10:10:53,631 - app.services.wazuh_api - INFO - Fetched 4 alerts from Indexer
2026-07-13 10:10:53,679 - app.services.wazuh_api - INFO - Fetched 4 alerts from Indexer
2026-07-13 10:10:53,721 - app.services.wazuh_api - INFO - Fetched 4 alerts from Indexer
2026-07-13 10:10:53,798 - app.services.wazuh_api - INFO - Found 2 agents
2026-07-13 10:10:54,623 - app.services.wazuh_api - INFO - Fetched 4 alerts from Indexer
2026-07-13 10:10:54,667 - app.services.wazuh_api - INFO - Fetched 4 alerts from Indexer
2026-07-13 10:10:54,746 - app.services.wazuh_api - INFO - Found 2 agents
2026-07-13 10:10:55,642 - app.services.wazuh_api - INFO - Fetched 4 alerts from Indexer
2026-07-13 10:10:55,695 - app.services.wazuh_api - INFO - Fetched 4 alerts from Indexer
2026-07-13 10:10:55,758 - app.services.wazuh_api - INFO - Found 2 agents
2026-07-13 10:10:56,622 - app.services.wazuh_api - INFO - Fetched 4 alerts from Indexer
2026-07-13 10:10:56,692 - app.services.wazuh_api - INFO - Fetched 4 alerts from Indexer
2026-07-13 10:10:56,757 - app.services.wazuh_api - INFO - Found 2 agents
2026-07-13 10:10:57,638 - app.services.wazuh_api - INFO - Fetched 4 alerts from Indexer
2026-07-13 10:10:57,698 - app.services.wazuh_api - INFO - Fetched 4 alerts from Indexer
2026-07-13 10:10:57,783 - app.services.wazuh_api - INFO - Found 2 agents
2026-07-13 10:10:58,628 - app.services.wazuh_api - INFO - Fetched 4 alerts from Indexer
2026-07-13 10:10:58,669 - app.services.wazuh_api - INFO - Fetched 4 alerts from Indexer
2026-07-13 10:10:58,736 - app.services.wazuh_api - INFO - Found 2 agents
2026-07-13 10:10:59,622 - app.services.wazuh_api - INFO - Fetched 4 alerts from Indexer
2026-07-13 10:10:59,685 - app.services.wazuh_api - INFO - Fetched 4 alerts from Indexer
2026-07-13 10:10:59,760 - app.services.wazuh_api - INFO - Found 2 agents
2026-07-13 10:11:00,627 - app.services.wazuh_api - INFO - Fetched 4 alerts from Indexer
2026-07-13 10:11:00,677 - app.services.wazuh_api - INFO - Fetched 4 alerts from Indexer
2026-07-13 10:11:00,749 - app.services.wazuh_api - INFO - Found 2 agents
2026-07-13 10:11:01,621 - app.services.wazuh_api - INFO - Fetched 4 alerts from Indexer
2026-07-13 10:11:01,685 - app.services.wazuh_api - INFO - Fetched 4 alerts from Indexer
2026-07-13 10:11:01,767 - app.services.wazuh_api - INFO - Found 2 agents
2026-07-13 10:11:02,643 - app.services.wazuh_api - INFO - Fetched 4 alerts from Indexer
2026-07-13 10:11:02,693 - app.services.wazuh_api - INFO - Fetched 4 alerts from Indexer
2026-07-13 10:11:02,766 - app.services.wazuh_api - INFO - Found 2 agents
2026-07-13 10:11:03,627 - app.services.wazuh_api - INFO - Fetched 4 alerts from Indexer
2026-07-13 10:11:03,688 - app.services.wazuh_api - INFO - Fetched 4 alerts from Indexer
2026-07-13 10:11:03,745 - app.services.wazuh_api - INFO - Fetched 4 alerts from Indexer
2026-07-13 10:11:03,811 - app.services.wazuh_api - INFO - Found 2 agents
2026-07-13 10:11:04,635 - app.services.wazuh_api - INFO - Fetched 4 alerts from Indexer
2026-07-13 10:11:04,691 - app.services.wazuh_api - INFO - Fetched 4 alerts from Indexer
2026-07-13 10:11:04,757 - app.services.wazuh_api - INFO - Found 2 agents
2026-07-13 10:11:05,617 - app.services.wazuh_api - INFO - Fetched 4 alerts from Indexer
2026-07-13 10:11:05,673 - app.services.wazuh_api - INFO - Fetched 4 alerts from Indexer
2026-07-13 10:11:05,746 - app.services.wazuh_api - INFO - Found 2 agents
2026-07-13 10:11:06,624 - app.services.wazuh_api - INFO - Fetched 4 alerts from Indexer
2026-07-13 10:11:06,684 - app.services.wazuh_api - INFO - Fetched 4 alerts from Indexer
2026-07-13 10:11:06,760 - app.services.wazuh_api - INFO - Found 2 agents
2026-07-13 10:11:07,632 - app.services.wazuh_api - INFO - Fetched 4 alerts from Indexer
2026-07-13 10:11:07,692 - app.services.wazuh_api - INFO - Fetched 4 alerts from Indexer
2026-07-13 10:11:07,771 - app.services.wazuh_api - INFO - Found 2 agents
2026-07-13 10:11:08,630 - app.services.wazuh_api - INFO - Fetched 4 alerts from Indexer
2026-07-13 10:11:08,696 - app.services.wazuh_api - INFO - Fetched 4 alerts from Indexer
2026-07-13 10:11:08,755 - app.services.wazuh_api - INFO - Found 2 agents
2026-07-13 10:11:09,632 - app.services.wazuh_api - INFO - Fetched 4 alerts from Indexer
2026-07-13 10:11:09,690 - app.services.wazuh_api - INFO - Fetched 4 alerts from Indexer
2026-07-13 10:11:09,771 - app.services.wazuh_api - INFO - Found 2 agents
2026-07-13 10:11:10,658 - app.services.wazuh_api - INFO - Fetched 4 alerts from Indexer
2026-07-13 10:11:10,720 - app.services.wazuh_api - INFO - Fetched 4 alerts from Indexer
2026-07-13 10:11:10,779 - app.services.wazuh_api - INFO - Found 2 agents
2026-07-13 10:11:11,628 - app.services.wazuh_api - INFO - Fetched 4 alerts from Indexer
2026-07-13 10:11:11,668 - app.services.wazuh_api - INFO - Fetched 4 alerts from Indexer
2026-07-13 10:11:11,755 - app.services.wazuh_api - INFO - Found 2 agents
2026-07-13 10:11:12,624 - app.services.wazuh_api - INFO - Fetched 4 alerts from Indexer
2026-07-13 10:11:12,667 - app.services.wazuh_api - INFO - Fetched 4 alerts from Indexer
2026-07-13 10:11:12,737 - app.services.wazuh_api - INFO - Found 2 agents
2026-07-13 10:11:13,616 - app.services.wazuh_api - INFO - Fetched 4 alerts from Indexer
2026-07-13 10:11:13,672 - app.services.wazuh_api - INFO - Fetched 4 alerts from Indexer
2026-07-13 10:11:13,736 - app.services.wazuh_api - INFO - Fetched 4 alerts from Indexer
2026-07-13 10:11:13,803 - app.services.wazuh_api - INFO - Found 2 agents
2026-07-13 10:11:14,639 - app.services.wazuh_api - INFO - Fetched 4 alerts from Indexer
2026-07-13 10:11:14,713 - app.services.wazuh_api - INFO - Fetched 4 alerts from Indexer
2026-07-13 10:11:14,772 - app.services.wazuh_api - INFO - Found 2 agents
2026-07-13 10:11:15,633 - app.services.wazuh_api - INFO - Fetched 4 alerts from Indexer
2026-07-13 10:11:15,685 - app.services.wazuh_api - INFO - Fetched 4 alerts from Indexer
2026-07-13 10:11:15,761 - app.services.wazuh_api - INFO - Found 2 agents
2026-07-13 10:11:16,625 - app.services.wazuh_api - INFO - Fetched 4 alerts from Indexer
2026-07-13 10:11:16,684 - app.services.wazuh_api - INFO - Fetched 4 alerts from Indexer
2026-07-13 10:11:16,757 - app.services.wazuh_api - INFO - Found 2 agents
2026-07-13 10:11:17,652 - app.services.wazuh_api - INFO - Fetched 4 alerts from Indexer
2026-07-13 10:11:17,709 - app.services.wazuh_api - INFO - Fetched 4 alerts from Indexer
2026-07-13 10:11:17,783 - app.services.wazuh_api - INFO - Found 2 agents
2026-07-13 10:11:18,630 - app.services.wazuh_api - INFO - Fetched 4 alerts from Indexer
2026-07-13 10:11:18,688 - app.services.wazuh_api - INFO - Fetched 4 alerts from Indexer
2026-07-13 10:11:18,766 - app.services.wazuh_api - INFO - Found 2 agents
2026-07-13 10:11:19,617 - app.services.wazuh_api - INFO - Fetched 4 alerts from Indexer
2026-07-13 10:11:19,671 - app.services.wazuh_api - INFO - Fetched 4 alerts from Indexer
2026-07-13 10:11:19,733 - app.services.wazuh_api - INFO - Found 2 agents
2026-07-13 10:11:20,616 - app.services.wazuh_api - INFO - Fetched 4 alerts from Indexer
2026-07-13 10:11:20,684 - app.services.wazuh_api - INFO - Fetched 4 alerts from Indexer
2026-07-13 10:11:20,776 - app.services.wazuh_api - INFO - Found 2 agents
2026-07-13 10:11:21,655 - app.services.wazuh_api - INFO - Fetched 4 alerts from Indexer
2026-07-13 10:11:21,698 - app.services.wazuh_api - INFO - Fetched 4 alerts from Indexer
2026-07-13 10:11:21,756 - app.services.wazuh_api - INFO - Found 2 agents
2026-07-13 10:11:22,625 - app.services.wazuh_api - INFO - Fetched 4 alerts from Indexer
2026-07-13 10:11:22,694 - app.services.wazuh_api - INFO - Fetched 4 alerts from Indexer
2026-07-13 10:11:22,776 - app.services.wazuh_api - INFO - Found 2 agents
2026-07-13 10:11:23,628 - app.services.wazuh_api - INFO - Fetched 4 alerts from Indexer
2026-07-13 10:11:23,685 - app.services.wazuh_api - INFO - Fetched 4 alerts from Indexer
2026-07-13 10:11:23,727 - app.services.wazuh_api - INFO - Fetched 4 alerts from Indexer
2026-07-13 10:11:23,791 - app.services.wazuh_api - INFO - Found 2 agents
2026-07-13 10:11:24,608 - app.services.wazuh_api - INFO - Fetched 4 alerts from Indexer
2026-07-13 10:11:24,665 - app.services.wazuh_api - INFO - Fetched 4 alerts from Indexer
2026-07-13 10:11:24,743 - app.services.wazuh_api - INFO - Found 2 agents
2026-07-13 10:11:25,620 - app.services.wazuh_api - INFO - Fetched 4 alerts from Indexer
2026-07-13 10:11:25,679 - app.services.wazuh_api - INFO - Fetched 4 alerts from Indexer
2026-07-13 10:11:25,757 - app.services.wazuh_api - INFO - Found 2 agents
2026-07-13 10:11:26,610 - app.services.wazuh_api - INFO - Fetched 4 alerts from Indexer
2026-07-13 10:11:26,664 - app.services.wazuh_api - INFO - Fetched 4 alerts from Indexer
2026-07-13 10:11:26,734 - app.services.wazuh_api - INFO - Found 2 agents
2026-07-13 10:11:27,624 - app.services.wazuh_api - INFO - Fetched 4 alerts from Indexer
2026-07-13 10:11:27,681 - app.services.wazuh_api - INFO - Fetched 4 alerts from Indexer
2026-07-13 10:11:27,756 - app.services.wazuh_api - INFO - Found 2 agents
2026-07-13 10:11:28,625 - app.services.wazuh_api - INFO - Fetched 4 alerts from Indexer
2026-07-13 10:11:28,685 - app.services.wazuh_api - INFO - Fetched 4 alerts from Indexer
2026-07-13 10:11:28,766 - app.services.wazuh_api - INFO - Found 2 agents
2026-07-13 10:11:29,628 - app.services.wazuh_api - INFO - Fetched 4 alerts from Indexer
2026-07-13 10:11:29,672 - app.services.wazuh_api - INFO - Fetched 4 alerts from Indexer
2026-07-13 10:11:29,751 - app.services.wazuh_api - INFO - Found 2 agents
2026-07-13 10:11:30,633 - app.services.wazuh_api - INFO - Fetched 4 alerts from Indexer
2026-07-13 10:11:30,676 - app.services.wazuh_api - INFO - Fetched 4 alerts from Indexer
2026-07-13 10:11:30,736 - app.services.wazuh_api - INFO - Found 2 agents
2026-07-13 10:11:31,627 - app.services.wazuh_api - INFO - Fetched 4 alerts from Indexer
2026-07-13 10:11:31,687 - app.services.wazuh_api - INFO - Fetched 4 alerts from Indexer
2026-07-13 10:11:31,741 - app.services.wazuh_api - INFO - Found 2 agents
2026-07-13 10:11:32,625 - app.services.wazuh_api - INFO - Fetched 4 alerts from Indexer
2026-07-13 10:11:32,669 - app.services.wazuh_api - INFO - Fetched 4 alerts from Indexer
2026-07-13 10:11:32,748 - app.services.wazuh_api - INFO - Found 2 agents
2026-07-13 10:11:33,617 - app.services.wazuh_api - INFO - Fetched 4 alerts from Indexer
2026-07-13 10:11:33,659 - app.services.wazuh_api - INFO - Fetched 4 alerts from Indexer
2026-07-13 10:11:33,725 - app.services.wazuh_api - INFO - Fetched 4 alerts from Indexer
2026-07-13 10:11:33,799 - app.services.wazuh_api - INFO - Found 2 agents
2026-07-13 10:11:34,641 - app.services.wazuh_api - INFO - Fetched 4 alerts from Indexer
2026-07-13 10:11:34,685 - app.services.wazuh_api - INFO - Fetched 4 alerts from Indexer
2026-07-13 10:11:34,756 - app.services.wazuh_api - INFO - Found 2 agents
2026-07-13 10:11:35,626 - app.services.wazuh_api - INFO - Fetched 4 alerts from Indexer
2026-07-13 10:11:35,668 - app.services.wazuh_api - INFO - Fetched 4 alerts from Indexer
2026-07-13 10:11:35,734 - app.services.wazuh_api - INFO - Found 2 agents
2026-07-13 10:11:36,637 - app.services.wazuh_api - INFO - Fetched 4 alerts from Indexer
2026-07-13 10:11:36,694 - app.services.wazuh_api - INFO - Fetched 4 alerts from Indexer
2026-07-13 10:11:36,766 - app.services.wazuh_api - INFO - Found 2 agents
2026-07-13 10:11:37,641 - app.services.wazuh_api - INFO - Fetched 4 alerts from Indexer
2026-07-13 10:11:37,690 - app.services.wazuh_api - INFO - Fetched 4 alerts from Indexer
2026-07-13 10:11:37,777 - app.services.wazuh_api - INFO - Found 2 agents
2026-07-13 10:11:38,628 - app.services.wazuh_api - INFO - Fetched 4 alerts from Indexer
2026-07-13 10:11:38,684 - app.services.wazuh_api - INFO - Fetched 4 alerts from Indexer
2026-07-13 10:11:38,763 - app.services.wazuh_api - INFO - Found 2 agents
2026-07-13 10:11:39,623 - app.services.wazuh_api - INFO - Fetched 4 alerts from Indexer
2026-07-13 10:11:39,682 - app.services.wazuh_api - INFO - Fetched 4 alerts from Indexer
2026-07-13 10:11:39,759 - app.services.wazuh_api - INFO - Found 2 agents
2026-07-13 10:11:40,632 - app.services.wazuh_api - INFO - Fetched 4 alerts from Indexer
2026-07-13 10:11:40,700 - app.services.wazuh_api - INFO - Fetched 4 alerts from Indexer
2026-07-13 10:11:40,765 - app.services.wazuh_api - INFO - Found 2 agents
2026-07-13 10:11:41,616 - app.services.wazuh_api - INFO - Fetched 4 alerts from Indexer
2026-07-13 10:11:41,669 - app.services.wazuh_api - INFO - Fetched 4 alerts from Indexer
2026-07-13 10:11:41,748 - app.services.wazuh_api - INFO - Found 2 agents
2026-07-13 10:11:42,622 - app.services.wazuh_api - INFO - Fetched 4 alerts from Indexer
2026-07-13 10:11:42,691 - app.services.wazuh_api - INFO - Fetched 4 alerts from Indexer
2026-07-13 10:11:42,755 - app.services.wazuh_api - INFO - Found 2 agents
2026-07-13 10:11:42,773 - werkzeug - INFO -  * Detected change in 'D:\\EDR-Project\\dashboard\\app\\main.py', reloading
2026-07-13 10:11:43,152 - werkzeug - INFO -  * Restarting with stat
2026-07-13 10:11:46,732 - app.models.detector - INFO - [OK] Model loaded with joblib: D:\EDR-Project\dashboard\models_data\ecod.pkl
2026-07-13 10:11:46,747 - __main__ - INFO - Starting EDR Dashboard on 0.0.0.0:5000
2026-07-13 10:11:46,747 - __main__ - INFO - Wazuh API: localhost:55000
2026-07-13 10:11:46,748 - __main__ - INFO - Model: D:\EDR-Project\dashboard\models_data\ecod.pkl
2026-07-13 10:11:46,751 - werkzeug - WARNING -  * Debugger is active!
2026-07-13 10:11:46,754 - werkzeug - INFO -  * Debugger PIN: 506-881-550
2026-07-13 10:11:46,953 - app.services.wazuh_api - INFO - Fetched 4 alerts from Indexer
2026-07-13 10:11:47,183 - app.services.wazuh_api - INFO - Connected to Wazuh API
2026-07-13 10:11:47,255 - app.services.wazuh_api - INFO - Found 2 agents
2026-07-13 10:11:47,299 - app.services.wazuh_api - INFO - Fetched 4 alerts from Indexer
2026-07-13 10:11:47,369 - app.services.wazuh_api - INFO - Found 2 agents
2026-07-13 10:11:47,412 - app.services.wazuh_api - INFO - Fetched 4 alerts from Indexer
2026-07-13 10:11:47,492 - app.services.wazuh_api - INFO - Found 2 agents
2026-07-13 10:11:47,633 - app.services.wazuh_api - INFO - Fetched 4 alerts from Indexer
2026-07-13 10:11:47,707 - app.services.wazuh_api - INFO - Found 2 agents
2026-07-13 10:11:48,619 - app.services.wazuh_api - INFO - Fetched 4 alerts from Indexer
2026-07-13 10:11:48,674 - app.services.wazuh_api - INFO - Found 2 agents
2026-07-13 10:11:48,678 - app.main - INFO - Client connected
2026-07-13 10:11:48,735 - app.services.wazuh_api - INFO - Fetched 4 alerts from Indexer
2026-07-13 10:11:48,780 - app.services.wazuh_api - INFO - Fetched 4 alerts from Indexer
2026-07-13 10:11:48,842 - app.services.wazuh_api - INFO - Fetched 4 alerts from Indexer
2026-07-13 10:11:48,909 - app.services.wazuh_api - INFO - Fetched 4 alerts from Indexer
2026-07-13 10:11:48,974 - app.services.wazuh_api - INFO - Fetched 4 alerts from Indexer
2026-07-13 10:11:49,033 - app.services.wazuh_api - INFO - Fetched 4 alerts from Indexer
2026-07-13 10:11:49,123 - app.services.wazuh_api - INFO - Fetched 4 alerts from Indexer
2026-07-13 10:11:49,630 - app.services.wazuh_api - INFO - Fetched 4 alerts from Indexer
2026-07-13 10:11:49,673 - app.services.wazuh_api - INFO - Fetched 4 alerts from Indexer
2026-07-13 10:11:49,733 - app.services.wazuh_api - INFO - Found 2 agents
2026-07-13 10:12:14,620 - app.services.wazuh_api - INFO - Fetched 4 alerts from Indexer
2026-07-13 10:12:14,680 - app.services.wazuh_api - INFO - Fetched 4 alerts from Indexer
2026-07-13 10:12:14,737 - app.services.wazuh_api - INFO - Fetched 4 alerts from Indexer
2026-07-13 10:12:14,793 - app.services.wazuh_api - INFO - Found 2 agents
2026-07-13 10:12:48,282 - app.services.wazuh_api - INFO - Fetched 4 alerts from Indexer
2026-07-13 10:12:48,324 - app.services.wazuh_api - INFO - Fetched 4 alerts from Indexer
2026-07-13 10:12:48,389 - app.services.wazuh_api - INFO - Fetched 4 alerts from Indexer
2026-07-13 10:12:48,470 - app.services.wazuh_api - INFO - Found 2 agents
2026-07-13 10:12:48,612 - app.services.wazuh_api - INFO - Fetched 4 alerts from Indexer
2026-07-13 10:12:48,671 - app.services.wazuh_api - INFO - Fetched 4 alerts from Indexer
2026-07-13 10:12:48,752 - app.services.wazuh_api - INFO - Found 2 agents
2026-07-13 10:12:49,612 - app.services.wazuh_api - INFO - Fetched 4 alerts from Indexer
2026-07-13 10:12:49,668 - app.services.wazuh_api - INFO - Fetched 4 alerts from Indexer
2026-07-13 10:12:49,747 - app.services.wazuh_api - INFO - Found 2 agents
2026-07-13 10:12:50,276 - app.services.wazuh_api - INFO - Fetched 4 alerts from Indexer
2026-07-13 10:12:50,349 - app.services.wazuh_api - INFO - Found 2 agents
2026-07-13 10:12:50,409 - app.services.wazuh_api - INFO - Fetched 4 alerts from Indexer
2026-07-13 10:12:50,413 - app.main - INFO - Client connected
2026-07-13 10:12:50,462 - app.services.wazuh_api - INFO - Fetched 4 alerts from Indexer
2026-07-13 10:12:51,283 - app.services.wazuh_api - INFO - Fetched 4 alerts from Indexer
2026-07-13 10:12:51,348 - app.services.wazuh_api - INFO - Fetched 4 alerts from Indexer
2026-07-13 10:12:51,430 - app.services.wazuh_api - INFO - Found 2 agents
2026-07-13 10:12:52,288 - app.services.wazuh_api - INFO - Fetched 4 alerts from Indexer
2026-07-13 10:12:52,342 - app.services.wazuh_api - INFO - Fetched 4 alerts from Indexer
2026-07-13 10:12:52,424 - app.services.wazuh_api - INFO - Found 2 agents
2026-07-13 10:12:53,635 - app.services.wazuh_api - INFO - Fetched 4 alerts from Indexer
2026-07-13 10:12:53,685 - app.services.wazuh_api - INFO - Fetched 4 alerts from Indexer
2026-07-13 10:12:53,740 - app.services.wazuh_api - INFO - Found 2 agents
2026-07-13 10:12:59,892 - app.models.detector - INFO - [OK] Model loaded with joblib: D:\EDR-Project\dashboard\models_data\ecod.pkl
2026-07-13 10:12:59,904 - __main__ - INFO - Starting EDR Dashboard on 0.0.0.0:5000
2026-07-13 10:12:59,904 - __main__ - INFO - Wazuh API: localhost:55000
2026-07-13 10:12:59,905 - __main__ - INFO - Model: D:\EDR-Project\dashboard\models_data\ecod.pkl
2026-07-13 10:12:59,908 - werkzeug - INFO -  * Restarting with stat
2026-07-13 10:13:03,708 - app.models.detector - INFO - [OK] Model loaded with joblib: D:\EDR-Project\dashboard\models_data\ecod.pkl
2026-07-13 10:13:03,723 - __main__ - INFO - Starting EDR Dashboard on 0.0.0.0:5000
2026-07-13 10:13:03,724 - __main__ - INFO - Wazuh API: localhost:55000
2026-07-13 10:13:03,724 - __main__ - INFO - Model: D:\EDR-Project\dashboard\models_data\ecod.pkl
2026-07-13 10:13:03,727 - werkzeug - WARNING -  * Debugger is active!
2026-07-13 10:13:03,730 - werkzeug - INFO -  * Debugger PIN: 506-881-550
2026-07-13 10:13:04,299 - app.services.wazuh_api - INFO - Fetched 4 alerts from Indexer
2026-07-13 10:13:04,566 - app.services.wazuh_api - INFO - Connected to Wazuh API
2026-07-13 10:13:04,661 - app.services.wazuh_api - INFO - Found 2 agents
2026-07-13 10:13:04,705 - app.services.wazuh_api - INFO - Fetched 4 alerts from Indexer
2026-07-13 10:13:04,774 - app.services.wazuh_api - INFO - Found 2 agents
2026-07-13 10:13:04,821 - app.services.wazuh_api - INFO - Fetched 4 alerts from Indexer
2026-07-13 10:13:04,897 - app.services.wazuh_api - INFO - Found 2 agents
2026-07-13 10:13:04,947 - app.services.wazuh_api - INFO - Fetched 4 alerts from Indexer
2026-07-13 10:13:05,007 - app.services.wazuh_api - INFO - Found 2 agents
2026-07-13 10:13:05,072 - app.services.wazuh_api - INFO - Fetched 4 alerts from Indexer
2026-07-13 10:13:05,179 - app.services.wazuh_api - INFO - Found 2 agents
2026-07-13 10:13:05,631 - app.services.wazuh_api - INFO - Fetched 4 alerts from Indexer
2026-07-13 10:13:05,707 - app.services.wazuh_api - INFO - Found 2 agents
2026-07-13 10:13:06,617 - app.services.wazuh_api - INFO - Fetched 4 alerts from Indexer
2026-07-13 10:13:06,686 - app.services.wazuh_api - INFO - Found 2 agents
2026-07-13 10:13:07,628 - app.services.wazuh_api - INFO - Fetched 4 alerts from Indexer
2026-07-13 10:13:07,700 - app.services.wazuh_api - INFO - Found 2 agents
2026-07-13 10:13:07,703 - app.main - INFO - Client connected
2026-07-13 10:13:07,764 - app.services.wazuh_api - INFO - Fetched 4 alerts from Indexer
2026-07-13 10:13:07,825 - app.services.wazuh_api - INFO - Fetched 4 alerts from Indexer
2026-07-13 10:13:07,874 - app.services.wazuh_api - INFO - Fetched 4 alerts from Indexer
2026-07-13 10:13:07,936 - app.services.wazuh_api - INFO - Fetched 4 alerts from Indexer
2026-07-13 10:13:07,976 - app.services.wazuh_api - INFO - Fetched 4 alerts from Indexer
2026-07-13 10:13:08,033 - app.services.wazuh_api - INFO - Fetched 4 alerts from Indexer
2026-07-13 10:13:08,092 - app.services.wazuh_api - INFO - Fetched 4 alerts from Indexer
2026-07-13 10:13:08,156 - app.services.wazuh_api - INFO - Fetched 4 alerts from Indexer
2026-07-13 10:13:08,219 - app.services.wazuh_api - INFO - Fetched 4 alerts from Indexer
2026-07-13 10:13:08,259 - app.services.wazuh_api - INFO - Fetched 4 alerts from Indexer
2026-07-13 10:13:08,313 - app.services.wazuh_api - INFO - Fetched 4 alerts from Indexer
2026-07-13 10:13:08,374 - app.services.wazuh_api - INFO - Fetched 4 alerts from Indexer
2026-07-13 10:13:08,435 - app.services.wazuh_api - INFO - Fetched 4 alerts from Indexer
2026-07-13 10:13:08,502 - app.services.wazuh_api - INFO - Fetched 4 alerts from Indexer
2026-07-13 10:13:08,617 - app.services.wazuh_api - INFO - Fetched 4 alerts from Indexer
2026-07-13 10:13:08,671 - app.services.wazuh_api - INFO - Fetched 4 alerts from Indexer
2026-07-13 10:13:08,750 - app.services.wazuh_api - INFO - Found 2 agents
2026-07-13 10:13:09,614 - app.services.wazuh_api - INFO - Fetched 4 alerts from Indexer
2026-07-13 10:13:09,667 - app.services.wazuh_api - INFO - Fetched 4 alerts from Indexer
2026-07-13 10:13:09,742 - app.services.wazuh_api - INFO - Found 2 agents
2026-07-13 10:13:10,630 - app.services.wazuh_api - INFO - Fetched 4 alerts from Indexer
2026-07-13 10:13:10,677 - app.services.wazuh_api - INFO - Fetched 4 alerts from Indexer
2026-07-13 10:13:10,736 - app.services.wazuh_api - INFO - Fetched 4 alerts from Indexer
2026-07-13 10:13:10,818 - app.services.wazuh_api - INFO - Found 2 agents
2026-07-13 10:13:11,628 - app.services.wazuh_api - INFO - Fetched 4 alerts from Indexer
2026-07-13 10:13:11,686 - app.services.wazuh_api - INFO - Fetched 4 alerts from Indexer
2026-07-13 10:13:11,749 - app.services.wazuh_api - INFO - Found 2 agents
2026-07-13 10:13:12,630 - app.services.wazuh_api - INFO - Fetched 4 alerts from Indexer
2026-07-13 10:13:12,671 - app.services.wazuh_api - INFO - Fetched 4 alerts from Indexer
2026-07-13 10:13:12,739 - app.services.wazuh_api - INFO - Found 2 agents
2026-07-13 10:13:13,630 - app.services.wazuh_api - INFO - Fetched 4 alerts from Indexer
2026-07-13 10:13:13,672 - app.services.wazuh_api - INFO - Fetched 4 alerts from Indexer
2026-07-13 10:13:13,739 - app.services.wazuh_api - INFO - Found 2 agents
2026-07-13 10:13:14,635 - app.services.wazuh_api - INFO - Fetched 4 alerts from Indexer
2026-07-13 10:13:14,691 - app.services.wazuh_api - INFO - Fetched 4 alerts from Indexer
2026-07-13 10:13:14,771 - app.services.wazuh_api - INFO - Found 2 agents
2026-07-13 10:13:15,625 - app.services.wazuh_api - INFO - Fetched 4 alerts from Indexer
2026-07-13 10:13:15,670 - app.services.wazuh_api - INFO - Fetched 4 alerts from Indexer
2026-07-13 10:13:15,732 - app.services.wazuh_api - INFO - Found 2 agents
2026-07-13 10:13:16,622 - app.services.wazuh_api - INFO - Fetched 4 alerts from Indexer
2026-07-13 10:13:16,681 - app.services.wazuh_api - INFO - Fetched 4 alerts from Indexer
2026-07-13 10:13:16,759 - app.services.wazuh_api - INFO - Found 2 agents
2026-07-13 10:13:17,630 - app.services.wazuh_api - INFO - Fetched 4 alerts from Indexer
2026-07-13 10:13:17,691 - app.services.wazuh_api - INFO - Fetched 4 alerts from Indexer
2026-07-13 10:13:17,768 - app.services.wazuh_api - INFO - Found 2 agents
2026-07-13 10:13:18,625 - app.services.wazuh_api - INFO - Fetched 4 alerts from Indexer
2026-07-13 10:13:18,687 - app.services.wazuh_api - INFO - Fetched 4 alerts from Indexer
2026-07-13 10:13:18,764 - app.services.wazuh_api - INFO - Found 2 agents
2026-07-13 10:13:19,616 - app.services.wazuh_api - INFO - Fetched 4 alerts from Indexer
2026-07-13 10:13:19,670 - app.services.wazuh_api - INFO - Fetched 4 alerts from Indexer
2026-07-13 10:13:19,749 - app.services.wazuh_api - INFO - Found 2 agents
2026-07-13 10:13:20,606 - app.services.wazuh_api - INFO - Fetched 4 alerts from Indexer
2026-07-13 10:13:20,650 - app.services.wazuh_api - INFO - Fetched 4 alerts from Indexer
2026-07-13 10:13:20,710 - app.services.wazuh_api - INFO - Fetched 4 alerts from Indexer
2026-07-13 10:13:20,771 - app.services.wazuh_api - INFO - Found 2 agents
2026-07-13 10:13:21,621 - app.services.wazuh_api - INFO - Fetched 4 alerts from Indexer
2026-07-13 10:13:21,679 - app.services.wazuh_api - INFO - Fetched 4 alerts from Indexer
2026-07-13 10:13:21,752 - app.services.wazuh_api - INFO - Found 2 agents
2026-07-13 10:13:22,614 - app.services.wazuh_api - INFO - Fetched 4 alerts from Indexer
2026-07-13 10:13:22,669 - app.services.wazuh_api - INFO - Fetched 4 alerts from Indexer
2026-07-13 10:13:22,744 - app.services.wazuh_api - INFO - Found 2 agents
2026-07-13 10:13:23,629 - app.services.wazuh_api - INFO - Fetched 4 alerts from Indexer
2026-07-13 10:13:23,699 - app.services.wazuh_api - INFO - Fetched 4 alerts from Indexer
2026-07-13 10:13:23,777 - app.services.wazuh_api - INFO - Found 2 agents
2026-07-13 10:13:24,638 - app.services.wazuh_api - INFO - Fetched 4 alerts from Indexer
2026-07-13 10:13:24,686 - app.services.wazuh_api - INFO - Fetched 4 alerts from Indexer
2026-07-13 10:13:24,759 - app.services.wazuh_api - INFO - Found 2 agents
2026-07-13 10:13:25,275 - app.services.wazuh_api - INFO - Fetched 4 alerts from Indexer
2026-07-13 10:13:25,338 - app.services.wazuh_api - INFO - Fetched 4 alerts from Indexer
2026-07-13 10:13:25,416 - app.services.wazuh_api - INFO - Found 2 agents
2026-07-13 10:13:26,291 - app.services.wazuh_api - INFO - Fetched 5 alerts from Indexer
2026-07-13 10:13:26,355 - app.services.wazuh_api - INFO - Fetched 5 alerts from Indexer
2026-07-13 10:13:26,415 - app.services.wazuh_api - INFO - Found 2 agents
2026-07-13 10:13:27,283 - app.services.wazuh_api - INFO - Fetched 5 alerts from Indexer
2026-07-13 10:13:27,366 - app.services.wazuh_api - INFO - Fetched 5 alerts from Indexer
2026-07-13 10:13:27,443 - app.services.wazuh_api - INFO - Found 2 agents
2026-07-13 10:13:28,625 - app.services.wazuh_api - INFO - Fetched 5 alerts from Indexer
2026-07-13 10:13:28,667 - app.services.wazuh_api - INFO - Fetched 5 alerts from Indexer
2026-07-13 10:13:28,741 - app.services.wazuh_api - INFO - Found 2 agents
2026-07-13 10:13:29,632 - app.services.wazuh_api - INFO - Fetched 5 alerts from Indexer
2026-07-13 10:13:29,689 - app.services.wazuh_api - INFO - Fetched 5 alerts from Indexer
2026-07-13 10:13:29,765 - app.services.wazuh_api - INFO - Found 2 agents
2026-07-13 10:13:30,614 - app.services.wazuh_api - INFO - Fetched 5 alerts from Indexer
2026-07-13 10:13:30,657 - app.services.wazuh_api - INFO - Fetched 5 alerts from Indexer
2026-07-13 10:13:31,757 - app.services.wazuh_api - INFO - Fetched 5 alerts from Indexer
2026-07-13 10:13:31,838 - app.services.wazuh_api - INFO - Found 2 agents
2026-07-13 10:13:31,883 - app.services.wazuh_api - INFO - Fetched 5 alerts from Indexer
2026-07-13 10:13:31,951 - app.services.wazuh_api - INFO - Fetched 5 alerts from Indexer
2026-07-13 10:13:32,031 - app.services.wazuh_api - INFO - Found 2 agents
2026-07-13 10:13:32,466 - app.services.wazuh_api - INFO - Fetched 5 alerts from Indexer
2026-07-13 10:13:32,550 - app.services.wazuh_api - INFO - Found 2 agents
2026-07-13 10:13:32,613 - app.services.wazuh_api - INFO - Fetched 5 alerts from Indexer
2026-07-13 10:13:33,290 - app.services.wazuh_api - INFO - Fetched 5 alerts from Indexer
2026-07-13 10:13:33,355 - app.services.wazuh_api - INFO - Fetched 5 alerts from Indexer
2026-07-13 10:13:33,432 - app.services.wazuh_api - INFO - Found 2 agents
2026-07-13 10:13:34,289 - app.services.wazuh_api - INFO - Fetched 5 alerts from Indexer
2026-07-13 10:13:34,349 - app.services.wazuh_api - INFO - Found 2 agents
2026-07-13 10:13:34,408 - app.services.wazuh_api - INFO - Fetched 5 alerts from Indexer
2026-07-13 10:13:35,290 - app.services.wazuh_api - INFO - Fetched 5 alerts from Indexer
2026-07-13 10:13:35,335 - app.services.wazuh_api - INFO - Fetched 5 alerts from Indexer
2026-07-13 10:13:35,399 - app.services.wazuh_api - INFO - Found 2 agents
2026-07-13 10:13:36,286 - app.services.wazuh_api - INFO - Fetched 5 alerts from Indexer
2026-07-13 10:13:36,344 - app.services.wazuh_api - INFO - Fetched 5 alerts from Indexer
2026-07-13 10:13:36,420 - app.services.wazuh_api - INFO - Found 2 agents
2026-07-13 10:13:37,279 - app.services.wazuh_api - INFO - Fetched 5 alerts from Indexer
2026-07-13 10:13:37,326 - app.services.wazuh_api - INFO - Fetched 5 alerts from Indexer
2026-07-13 10:13:37,406 - app.services.wazuh_api - INFO - Found 2 agents
2026-07-13 10:13:38,287 - app.services.wazuh_api - INFO - Fetched 5 alerts from Indexer
2026-07-13 10:13:38,350 - app.services.wazuh_api - INFO - Fetched 5 alerts from Indexer
2026-07-13 10:13:38,427 - app.services.wazuh_api - INFO - Found 2 agents
2026-07-13 10:13:39,295 - app.services.wazuh_api - INFO - Fetched 5 alerts from Indexer
2026-07-13 10:13:39,357 - app.services.wazuh_api - INFO - Fetched 5 alerts from Indexer
2026-07-13 10:13:39,433 - app.services.wazuh_api - INFO - Found 2 agents
2026-07-13 10:13:40,273 - app.services.wazuh_api - INFO - Fetched 5 alerts from Indexer
2026-07-13 10:13:40,315 - app.services.wazuh_api - INFO - Fetched 5 alerts from Indexer
2026-07-13 10:13:40,387 - app.services.wazuh_api - INFO - Fetched 5 alerts from Indexer
2026-07-13 10:13:40,443 - app.services.wazuh_api - INFO - Found 2 agents
2026-07-13 10:13:41,615 - app.services.wazuh_api - INFO - Fetched 5 alerts from Indexer
2026-07-13 10:13:41,673 - app.services.wazuh_api - INFO - Fetched 5 alerts from Indexer
2026-07-13 10:13:41,751 - app.services.wazuh_api - INFO - Found 2 agents
2026-07-13 10:13:42,627 - app.services.wazuh_api - INFO - Fetched 5 alerts from Indexer
2026-07-13 10:13:42,681 - app.services.wazuh_api - INFO - Fetched 5 alerts from Indexer
2026-07-13 10:13:42,753 - app.services.wazuh_api - INFO - Found 2 agents
2026-07-13 10:13:43,636 - app.services.wazuh_api - INFO - Fetched 5 alerts from Indexer
2026-07-13 10:13:43,681 - app.services.wazuh_api - INFO - Fetched 5 alerts from Indexer
2026-07-13 10:13:43,755 - app.services.wazuh_api - INFO - Found 2 agents
2026-07-13 10:13:44,637 - app.services.wazuh_api - INFO - Fetched 5 alerts from Indexer
2026-07-13 10:13:44,692 - app.services.wazuh_api - INFO - Fetched 5 alerts from Indexer
2026-07-13 10:13:44,767 - app.services.wazuh_api - INFO - Found 2 agents
2026-07-13 10:13:45,624 - app.services.wazuh_api - INFO - Fetched 5 alerts from Indexer
2026-07-13 10:13:45,695 - app.services.wazuh_api - INFO - Fetched 5 alerts from Indexer
2026-07-13 10:13:45,756 - app.services.wazuh_api - INFO - Found 2 agents
2026-07-13 10:13:46,619 - app.services.wazuh_api - INFO - Fetched 5 alerts from Indexer
2026-07-13 10:13:46,685 - app.services.wazuh_api - INFO - Fetched 5 alerts from Indexer
2026-07-13 10:13:46,760 - app.services.wazuh_api - INFO - Found 2 agents
2026-07-13 10:13:47,637 - app.services.wazuh_api - INFO - Fetched 5 alerts from Indexer
2026-07-13 10:13:47,686 - app.services.wazuh_api - INFO - Fetched 5 alerts from Indexer
2026-07-13 10:13:47,743 - app.services.wazuh_api - INFO - Found 2 agents
2026-07-13 10:13:48,622 - app.services.wazuh_api - INFO - Fetched 5 alerts from Indexer
2026-07-13 10:13:48,687 - app.services.wazuh_api - INFO - Fetched 5 alerts from Indexer
2026-07-13 10:13:48,764 - app.services.wazuh_api - INFO - Found 2 agents
2026-07-13 10:13:49,642 - app.services.wazuh_api - INFO - Fetched 5 alerts from Indexer
2026-07-13 10:13:49,688 - app.services.wazuh_api - INFO - Fetched 5 alerts from Indexer
2026-07-13 10:13:49,763 - app.services.wazuh_api - INFO - Found 2 agents
2026-07-13 10:13:50,628 - app.services.wazuh_api - INFO - Fetched 5 alerts from Indexer
2026-07-13 10:13:50,697 - app.services.wazuh_api - INFO - Fetched 5 alerts from Indexer
2026-07-13 10:13:50,743 - app.services.wazuh_api - INFO - Fetched 5 alerts from Indexer
2026-07-13 10:13:50,817 - app.services.wazuh_api - INFO - Found 2 agents
2026-07-13 10:13:51,626 - app.services.wazuh_api - INFO - Fetched 5 alerts from Indexer
2026-07-13 10:13:51,687 - app.services.wazuh_api - INFO - Fetched 5 alerts from Indexer
2026-07-13 10:13:51,762 - app.services.wazuh_api - INFO - Found 2 agents
2026-07-13 10:13:52,626 - app.services.wazuh_api - INFO - Fetched 5 alerts from Indexer
2026-07-13 10:13:52,687 - app.services.wazuh_api - INFO - Fetched 5 alerts from Indexer
2026-07-13 10:13:52,761 - app.services.wazuh_api - INFO - Found 2 agents
2026-07-13 10:13:53,637 - app.services.wazuh_api - INFO - Fetched 5 alerts from Indexer
2026-07-13 10:13:53,698 - app.services.wazuh_api - INFO - Fetched 5 alerts from Indexer
2026-07-13 10:13:53,754 - app.services.wazuh_api - INFO - Found 2 agents
2026-07-13 10:13:54,641 - app.services.wazuh_api - INFO - Fetched 5 alerts from Indexer
2026-07-13 10:13:54,709 - app.services.wazuh_api - INFO - Fetched 5 alerts from Indexer
2026-07-13 10:13:54,768 - app.services.wazuh_api - INFO - Found 2 agents
2026-07-13 10:13:55,635 - app.services.wazuh_api - INFO - Fetched 5 alerts from Indexer
2026-07-13 10:13:55,684 - app.services.wazuh_api - INFO - Fetched 5 alerts from Indexer
2026-07-13 10:13:55,765 - app.services.wazuh_api - INFO - Found 2 agents
2026-07-13 10:13:56,625 - app.services.wazuh_api - INFO - Fetched 5 alerts from Indexer
2026-07-13 10:13:56,689 - app.services.wazuh_api - INFO - Fetched 5 alerts from Indexer
2026-07-13 10:13:56,764 - app.services.wazuh_api - INFO - Found 2 agents
2026-07-13 10:13:57,627 - app.services.wazuh_api - INFO - Fetched 5 alerts from Indexer
2026-07-13 10:13:57,694 - app.services.wazuh_api - INFO - Fetched 5 alerts from Indexer
2026-07-13 10:13:57,771 - app.services.wazuh_api - INFO - Found 2 agents
2026-07-13 10:13:58,625 - app.services.wazuh_api - INFO - Fetched 5 alerts from Indexer
2026-07-13 10:13:58,673 - app.services.wazuh_api - INFO - Fetched 5 alerts from Indexer
2026-07-13 10:13:58,738 - app.services.wazuh_api - INFO - Found 2 agents
2026-07-13 10:13:59,628 - app.services.wazuh_api - INFO - Fetched 5 alerts from Indexer
2026-07-13 10:13:59,694 - app.services.wazuh_api - INFO - Fetched 5 alerts from Indexer
2026-07-13 10:13:59,763 - app.services.wazuh_api - INFO - Found 2 agents
2026-07-13 10:14:00,632 - app.services.wazuh_api - INFO - Fetched 5 alerts from Indexer
2026-07-13 10:14:00,682 - app.services.wazuh_api - INFO - Fetched 5 alerts from Indexer
2026-07-13 10:14:00,732 - app.services.wazuh_api - INFO - Fetched 5 alerts from Indexer
2026-07-13 10:14:00,796 - app.services.wazuh_api - INFO - Found 2 agents
2026-07-13 10:14:01,641 - app.services.wazuh_api - INFO - Fetched 5 alerts from Indexer
2026-07-13 10:14:01,707 - app.services.wazuh_api - INFO - Fetched 5 alerts from Indexer
2026-07-13 10:14:01,767 - app.services.wazuh_api - INFO - Found 2 agents
2026-07-13 10:14:02,634 - app.services.wazuh_api - INFO - Fetched 5 alerts from Indexer
2026-07-13 10:14:02,694 - app.services.wazuh_api - INFO - Fetched 5 alerts from Indexer
2026-07-13 10:14:02,752 - app.services.wazuh_api - INFO - Found 2 agents
2026-07-13 10:14:03,623 - app.services.wazuh_api - INFO - Fetched 5 alerts from Indexer
2026-07-13 10:14:03,677 - app.services.wazuh_api - INFO - Fetched 5 alerts from Indexer
2026-07-13 10:14:03,767 - app.services.wazuh_api - INFO - Found 2 agents
2026-07-13 10:14:04,646 - app.services.wazuh_api - INFO - Fetched 5 alerts from Indexer
2026-07-13 10:14:04,705 - app.services.wazuh_api - INFO - Fetched 5 alerts from Indexer
2026-07-13 10:14:04,785 - app.services.wazuh_api - INFO - Found 2 agents
2026-07-13 10:14:05,639 - app.services.wazuh_api - INFO - Fetched 5 alerts from Indexer
2026-07-13 10:14:05,686 - app.services.wazuh_api - INFO - Fetched 5 alerts from Indexer
2026-07-13 10:14:05,751 - app.services.wazuh_api - INFO - Found 2 agents
2026-07-13 10:14:06,630 - app.services.wazuh_api - INFO - Fetched 5 alerts from Indexer
2026-07-13 10:14:06,693 - app.services.wazuh_api - INFO - Fetched 5 alerts from Indexer
2026-07-13 10:14:06,759 - app.services.wazuh_api - INFO - Found 2 agents
2026-07-13 10:14:07,641 - app.services.wazuh_api - INFO - Fetched 5 alerts from Indexer
2026-07-13 10:14:07,700 - app.services.wazuh_api - INFO - Fetched 5 alerts from Indexer
2026-07-13 10:14:07,781 - app.services.wazuh_api - INFO - Found 2 agents
2026-07-13 10:14:08,624 - app.services.wazuh_api - INFO - Fetched 5 alerts from Indexer
2026-07-13 10:14:08,677 - app.services.wazuh_api - INFO - Fetched 5 alerts from Indexer
2026-07-13 10:14:08,745 - app.services.wazuh_api - INFO - Found 2 agents
2026-07-13 10:14:09,623 - app.services.wazuh_api - INFO - Fetched 5 alerts from Indexer
2026-07-13 10:14:09,705 - app.services.wazuh_api - INFO - Fetched 5 alerts from Indexer
2026-07-13 10:14:09,783 - app.services.wazuh_api - INFO - Found 2 agents
2026-07-13 10:14:10,636 - app.services.wazuh_api - INFO - Fetched 5 alerts from Indexer
2026-07-13 10:14:10,682 - app.services.wazuh_api - INFO - Fetched 5 alerts from Indexer
2026-07-13 10:14:10,744 - app.services.wazuh_api - INFO - Fetched 5 alerts from Indexer
2026-07-13 10:14:10,831 - app.services.wazuh_api - INFO - Found 2 agents
2026-07-13 10:14:11,637 - app.services.wazuh_api - INFO - Fetched 5 alerts from Indexer
2026-07-13 10:14:11,686 - app.services.wazuh_api - INFO - Fetched 5 alerts from Indexer
2026-07-13 10:14:11,754 - app.services.wazuh_api - INFO - Found 2 agents
2026-07-13 10:14:12,631 - app.services.wazuh_api - INFO - Fetched 5 alerts from Indexer
2026-07-13 10:14:12,709 - app.services.wazuh_api - INFO - Fetched 5 alerts from Indexer
2026-07-13 10:14:12,769 - app.services.wazuh_api - INFO - Found 2 agents
2026-07-13 10:14:13,627 - app.services.wazuh_api - INFO - Fetched 5 alerts from Indexer
2026-07-13 10:14:13,694 - app.services.wazuh_api - INFO - Fetched 5 alerts from Indexer
2026-07-13 10:14:13,769 - app.services.wazuh_api - INFO - Found 2 agents
2026-07-13 10:14:14,640 - app.services.wazuh_api - INFO - Fetched 5 alerts from Indexer
2026-07-13 10:14:14,708 - app.services.wazuh_api - INFO - Fetched 5 alerts from Indexer
2026-07-13 10:14:14,784 - app.services.wazuh_api - INFO - Found 2 agents
2026-07-13 10:14:15,635 - app.services.wazuh_api - INFO - Fetched 5 alerts from Indexer
2026-07-13 10:14:15,682 - app.services.wazuh_api - INFO - Fetched 5 alerts from Indexer
2026-07-13 10:14:15,759 - app.services.wazuh_api - INFO - Found 2 agents
2026-07-13 10:14:16,626 - app.services.wazuh_api - INFO - Fetched 5 alerts from Indexer
2026-07-13 10:14:16,691 - app.services.wazuh_api - INFO - Fetched 5 alerts from Indexer
2026-07-13 10:14:16,767 - app.services.wazuh_api - INFO - Found 2 agents
2026-07-13 10:14:17,633 - app.services.wazuh_api - INFO - Fetched 5 alerts from Indexer
2026-07-13 10:14:17,701 - app.services.wazuh_api - INFO - Fetched 5 alerts from Indexer
2026-07-13 10:14:17,775 - app.services.wazuh_api - INFO - Found 2 agents
2026-07-13 10:14:18,643 - app.services.wazuh_api - INFO - Fetched 5 alerts from Indexer
2026-07-13 10:14:18,711 - app.services.wazuh_api - INFO - Fetched 5 alerts from Indexer
2026-07-13 10:14:18,793 - app.services.wazuh_api - INFO - Found 2 agents
2026-07-13 10:14:19,639 - app.services.wazuh_api - INFO - Fetched 5 alerts from Indexer
2026-07-13 10:14:19,702 - app.services.wazuh_api - INFO - Fetched 5 alerts from Indexer
2026-07-13 10:14:19,778 - app.services.wazuh_api - INFO - Found 2 agents
2026-07-13 10:14:20,633 - app.services.wazuh_api - INFO - Fetched 5 alerts from Indexer
2026-07-13 10:14:20,711 - app.services.wazuh_api - INFO - Fetched 5 alerts from Indexer
2026-07-13 10:14:20,777 - app.services.wazuh_api - INFO - Fetched 5 alerts from Indexer
2026-07-13 10:14:20,832 - app.services.wazuh_api - INFO - Found 2 agents
2026-07-13 10:14:21,618 - app.services.wazuh_api - INFO - Fetched 5 alerts from Indexer
2026-07-13 10:14:21,698 - app.services.wazuh_api - INFO - Fetched 5 alerts from Indexer
2026-07-13 10:14:21,761 - app.services.wazuh_api - INFO - Found 2 agents
2026-07-13 10:14:22,617 - app.services.wazuh_api - INFO - Fetched 5 alerts from Indexer
2026-07-13 10:14:22,682 - app.services.wazuh_api - INFO - Fetched 5 alerts from Indexer
2026-07-13 10:14:22,762 - app.services.wazuh_api - INFO - Found 2 agents
2026-07-13 10:14:23,634 - app.services.wazuh_api - INFO - Fetched 5 alerts from Indexer
2026-07-13 10:14:23,679 - app.services.wazuh_api - INFO - Fetched 5 alerts from Indexer
2026-07-13 10:14:23,755 - app.services.wazuh_api - INFO - Found 2 agents
2026-07-13 10:14:24,630 - app.services.wazuh_api - INFO - Fetched 5 alerts from Indexer
2026-07-13 10:14:24,690 - app.services.wazuh_api - INFO - Fetched 5 alerts from Indexer
2026-07-13 10:14:24,771 - app.services.wazuh_api - INFO - Found 2 agents
2026-07-13 10:14:25,622 - app.services.wazuh_api - INFO - Fetched 5 alerts from Indexer
2026-07-13 10:14:25,670 - app.services.wazuh_api - INFO - Fetched 5 alerts from Indexer
2026-07-13 10:14:25,734 - app.services.wazuh_api - INFO - Found 2 agents
2026-07-13 10:14:26,629 - app.services.wazuh_api - INFO - Fetched 5 alerts from Indexer
2026-07-13 10:14:26,686 - app.services.wazuh_api - INFO - Fetched 5 alerts from Indexer
2026-07-13 10:14:26,762 - app.services.wazuh_api - INFO - Found 2 agents
2026-07-13 10:14:27,634 - app.services.wazuh_api - INFO - Fetched 5 alerts from Indexer
2026-07-13 10:14:27,692 - app.services.wazuh_api - INFO - Fetched 5 alerts from Indexer
2026-07-13 10:14:27,773 - app.services.wazuh_api - INFO - Found 2 agents
2026-07-13 10:14:28,635 - app.services.wazuh_api - INFO - Fetched 5 alerts from Indexer
2026-07-13 10:14:28,684 - app.services.wazuh_api - INFO - Fetched 5 alerts from Indexer
2026-07-13 10:14:28,751 - app.services.wazuh_api - INFO - Found 2 agents
2026-07-13 10:14:29,625 - app.services.wazuh_api - INFO - Fetched 5 alerts from Indexer
2026-07-13 10:14:29,675 - app.services.wazuh_api - INFO - Fetched 5 alerts from Indexer
2026-07-13 10:14:29,747 - app.services.wazuh_api - INFO - Found 2 agents
2026-07-13 10:14:30,631 - app.services.wazuh_api - INFO - Fetched 5 alerts from Indexer
2026-07-13 10:14:30,677 - app.services.wazuh_api - INFO - Fetched 5 alerts from Indexer
2026-07-13 10:14:30,732 - app.services.wazuh_api - INFO - Fetched 5 alerts from Indexer
2026-07-13 10:14:30,790 - app.services.wazuh_api - INFO - Found 2 agents
2026-07-13 10:14:31,637 - app.services.wazuh_api - INFO - Fetched 5 alerts from Indexer
2026-07-13 10:14:31,691 - app.services.wazuh_api - INFO - Fetched 5 alerts from Indexer
2026-07-13 10:14:31,771 - app.services.wazuh_api - INFO - Found 2 agents
2026-07-13 10:14:32,629 - app.services.wazuh_api - INFO - Fetched 5 alerts from Indexer
2026-07-13 10:14:32,694 - app.services.wazuh_api - INFO - Fetched 5 alerts from Indexer
2026-07-13 10:14:32,750 - app.services.wazuh_api - INFO - Found 2 agents
2026-07-13 10:14:33,629 - app.services.wazuh_api - INFO - Fetched 5 alerts from Indexer
2026-07-13 10:14:33,679 - app.services.wazuh_api - INFO - Fetched 5 alerts from Indexer
2026-07-13 10:14:33,753 - app.services.wazuh_api - INFO - Found 2 agents
2026-07-13 10:14:34,636 - app.services.wazuh_api - INFO - Fetched 5 alerts from Indexer
2026-07-13 10:14:34,698 - app.services.wazuh_api - INFO - Fetched 5 alerts from Indexer
2026-07-13 10:14:34,771 - app.services.wazuh_api - INFO - Found 2 agents
2026-07-13 10:14:35,626 - app.services.wazuh_api - INFO - Fetched 5 alerts from Indexer
2026-07-13 10:14:35,694 - app.services.wazuh_api - INFO - Fetched 5 alerts from Indexer
2026-07-13 10:14:35,772 - app.services.wazuh_api - INFO - Found 2 agents
2026-07-13 10:14:36,633 - app.services.wazuh_api - INFO - Fetched 5 alerts from Indexer
2026-07-13 10:14:36,687 - app.services.wazuh_api - INFO - Fetched 5 alerts from Indexer
2026-07-13 10:14:36,745 - app.services.wazuh_api - INFO - Found 2 agents
2026-07-13 10:14:37,616 - app.services.wazuh_api - INFO - Fetched 5 alerts from Indexer
2026-07-13 10:14:37,666 - app.services.wazuh_api - INFO - Fetched 5 alerts from Indexer
2026-07-13 10:14:37,738 - app.services.wazuh_api - INFO - Found 2 agents
2026-07-13 10:14:38,615 - app.services.wazuh_api - INFO - Fetched 5 alerts from Indexer
2026-07-13 10:14:38,662 - app.services.wazuh_api - INFO - Fetched 5 alerts from Indexer
2026-07-13 10:14:38,738 - app.services.wazuh_api - INFO - Found 2 agents
2026-07-13 10:14:39,629 - app.services.wazuh_api - INFO - Fetched 5 alerts from Indexer
2026-07-13 10:14:39,707 - app.services.wazuh_api - INFO - Fetched 5 alerts from Indexer
2026-07-13 10:14:39,783 - app.services.wazuh_api - INFO - Found 2 agents
2026-07-13 10:15:14,622 - app.services.wazuh_api - INFO - Fetched 5 alerts from Indexer
2026-07-13 10:15:14,666 - app.services.wazuh_api - INFO - Fetched 5 alerts from Indexer
2026-07-13 10:15:14,723 - app.services.wazuh_api - INFO - Fetched 5 alerts from Indexer
2026-07-13 10:15:14,793 - app.services.wazuh_api - INFO - Found 2 agents
2026-07-13 10:16:14,622 - app.services.wazuh_api - INFO - Fetched 5 alerts from Indexer
2026-07-13 10:16:14,668 - app.services.wazuh_api - INFO - Fetched 5 alerts from Indexer
2026-07-13 10:16:14,710 - app.services.wazuh_api - INFO - Fetched 5 alerts from Indexer
2026-07-13 10:16:14,772 - app.services.wazuh_api - INFO - Found 2 agents
2026-07-13 10:17:14,627 - app.services.wazuh_api - INFO - Fetched 5 alerts from Indexer
2026-07-13 10:17:14,681 - app.services.wazuh_api - INFO - Fetched 5 alerts from Indexer
2026-07-13 10:17:14,769 - app.services.wazuh_api - INFO - Fetched 5 alerts from Indexer
2026-07-13 10:17:14,827 - app.services.wazuh_api - INFO - Found 2 agents
2026-07-21 11:44:36,926 - app.models.detector - INFO - [OK] Model loaded with joblib: D:\EDR-Project\dashboard\models_data\ecod.pkl
2026-07-21 11:44:36,980 - __main__ - INFO - Starting EDR Dashboard on 0.0.0.0:5000
2026-07-21 11:44:36,980 - __main__ - INFO - Wazuh API: localhost:55000
2026-07-21 11:44:36,980 - __main__ - INFO - Model: D:\EDR-Project\dashboard\models_data\ecod.pkl
2026-07-21 11:44:36,988 - werkzeug - INFO -  * Restarting with stat
2026-07-21 11:44:40,588 - app.models.detector - INFO - [OK] Model loaded with joblib: D:\EDR-Project\dashboard\models_data\ecod.pkl
2026-07-21 11:44:40,601 - __main__ - INFO - Starting EDR Dashboard on 0.0.0.0:5000
2026-07-21 11:44:40,601 - __main__ - INFO - Wazuh API: localhost:55000
2026-07-21 11:44:40,601 - __main__ - INFO - Model: D:\EDR-Project\dashboard\models_data\ecod.pkl
2026-07-21 11:44:40,606 - werkzeug - WARNING -  * Debugger is active!
2026-07-21 11:44:40,610 - werkzeug - INFO -  * Debugger PIN: 506-881-550
2026-07-21 11:45:32,465 - werkzeug - INFO -  * Detected change in 'D:\\EDR-Project\\dashboard\\app\\models\\detector.py', reloading
2026-07-21 11:45:32,871 - werkzeug - INFO -  * Restarting with stat
2026-07-21 11:45:36,897 - app.models.detector - INFO - [OK] Model loaded with joblib: D:\EDR-Project\dashboard\models_data\ecod.pkl
2026-07-21 11:45:36,899 - app.models.detector - INFO -  Scaler loaded: D:\EDR-Project\dashboard\models_data\scaler.pkl
2026-07-21 11:45:36,909 - __main__ - INFO - Starting EDR Dashboard on 0.0.0.0:5000
2026-07-21 11:45:36,909 - __main__ - INFO - Wazuh API: localhost:55000
2026-07-21 11:45:36,910 - __main__ - INFO - Model: D:\EDR-Project\dashboard\models_data\ecod.pkl
2026-07-21 11:45:36,913 - werkzeug - WARNING -  * Debugger is active!
2026-07-21 11:45:36,918 - werkzeug - INFO -  * Debugger PIN: 506-881-550
2026-07-21 11:46:05,162 - app.models.detector - INFO - [OK] Model loaded with joblib: D:\EDR-Project\dashboard\models_data\ecod.pkl
2026-07-21 11:46:05,163 - app.models.detector - INFO -  Scaler loaded: D:\EDR-Project\dashboard\models_data\scaler.pkl
2026-07-21 11:46:05,163 - app.models.detector - INFO -     Expected features: 185
2026-07-21 11:46:05,166 - __main__ - INFO - Starting EDR Dashboard on 0.0.0.0:5000
2026-07-21 11:46:05,167 - __main__ - INFO - Wazuh API: localhost:55000
2026-07-21 11:46:05,167 - __main__ - INFO - Model: D:\EDR-Project\dashboard\models_data\ecod.pkl
2026-07-21 11:46:05,172 - werkzeug - INFO -  * Restarting with stat
2026-07-21 11:46:08,988 - app.models.detector - INFO - [OK] Model loaded with joblib: D:\EDR-Project\dashboard\models_data\ecod.pkl
2026-07-21 11:46:08,989 - app.models.detector - INFO -  Scaler loaded: D:\EDR-Project\dashboard\models_data\scaler.pkl
2026-07-21 11:46:08,989 - app.models.detector - INFO -     Expected features: 185
2026-07-21 11:46:08,992 - __main__ - INFO - Starting EDR Dashboard on 0.0.0.0:5000
2026-07-21 11:46:08,992 - __main__ - INFO - Wazuh API: localhost:55000
2026-07-21 11:46:08,993 - __main__ - INFO - Model: D:\EDR-Project\dashboard\models_data\ecod.pkl
2026-07-21 11:46:08,996 - werkzeug - WARNING -  * Debugger is active!
2026-07-21 11:46:09,000 - werkzeug - INFO -  * Debugger PIN: 506-881-550
2026-07-21 11:46:10,619 - app.services.wazuh_api - INFO - Fetched 5 alerts from Indexer
2026-07-21 11:46:10,883 - app.services.wazuh_api - INFO - Connected to Wazuh API
2026-07-21 11:46:10,982 - app.services.wazuh_api - INFO - Found 2 agents
2026-07-21 11:46:11,052 - app.services.wazuh_api - INFO - Fetched 5 alerts from Indexer
2026-07-21 11:46:11,057 - app.main - INFO - Client connected
2026-07-21 11:46:11,118 - app.services.wazuh_api - INFO - Fetched 5 alerts from Indexer
2026-07-21 11:46:11,584 - app.services.wazuh_api - INFO - Fetched 5 alerts from Indexer
2026-07-21 11:46:11,636 - app.services.wazuh_api - INFO - Fetched 5 alerts from Indexer
2026-07-21 11:46:11,719 - app.services.wazuh_api - INFO - Found 2 agents
2026-07-21 11:46:12,598 - app.services.wazuh_api - INFO - Fetched 5 alerts from Indexer
2026-07-21 11:46:12,675 - app.services.wazuh_api - INFO - Fetched 5 alerts from Indexer
2026-07-21 11:46:12,747 - app.services.wazuh_api - INFO - Found 2 agents
2026-07-21 11:46:13,613 - app.services.wazuh_api - INFO - Fetched 5 alerts from Indexer
2026-07-21 11:46:13,676 - app.services.wazuh_api - INFO - Fetched 5 alerts from Indexer
2026-07-21 11:46:13,739 - app.services.wazuh_api - INFO - Found 2 agents
2026-07-21 11:46:14,992 - app.services.wazuh_api - INFO - Fetched 5 alerts from Indexer
2026-07-21 11:46:15,062 - app.services.wazuh_api - INFO - Fetched 5 alerts from Indexer
2026-07-21 11:46:15,125 - app.services.wazuh_api - INFO - Found 2 agents
2026-07-21 11:46:15,980 - app.services.wazuh_api - INFO - Fetched 5 alerts from Indexer
2026-07-21 11:46:16,044 - app.services.wazuh_api - INFO - Fetched 5 alerts from Indexer
2026-07-21 11:46:16,122 - app.services.wazuh_api - INFO - Found 2 agents
2026-07-21 11:46:16,985 - app.services.wazuh_api - INFO - Fetched 5 alerts from Indexer
2026-07-21 11:46:17,047 - app.services.wazuh_api - INFO - Fetched 5 alerts from Indexer
2026-07-21 11:46:17,127 - app.services.wazuh_api - INFO - Found 2 agents
2026-07-21 11:46:17,986 - app.services.wazuh_api - INFO - Fetched 5 alerts from Indexer
2026-07-21 11:46:18,032 - app.services.wazuh_api - INFO - Fetched 5 alerts from Indexer
2026-07-21 11:46:18,106 - app.services.wazuh_api - INFO - Found 2 agents
2026-07-21 11:46:18,986 - app.services.wazuh_api - INFO - Fetched 5 alerts from Indexer
2026-07-21 11:46:19,039 - app.services.wazuh_api - INFO - Fetched 5 alerts from Indexer
2026-07-21 11:46:19,115 - app.services.wazuh_api - INFO - Found 2 agents
2026-07-21 11:46:19,982 - app.services.wazuh_api - INFO - Fetched 5 alerts from Indexer
2026-07-21 11:46:20,044 - app.services.wazuh_api - INFO - Fetched 5 alerts from Indexer
2026-07-21 11:46:20,117 - app.services.wazuh_api - INFO - Found 2 agents
2026-07-21 11:46:20,983 - app.services.wazuh_api - INFO - Fetched 5 alerts from Indexer
2026-07-21 11:46:21,030 - app.services.wazuh_api - INFO - Fetched 5 alerts from Indexer
2026-07-21 11:46:21,092 - app.services.wazuh_api - INFO - Fetched 5 alerts from Indexer
2026-07-21 11:46:21,163 - app.services.wazuh_api - INFO - Found 2 agents
2026-07-21 11:46:21,986 - app.services.wazuh_api - INFO - Fetched 5 alerts from Indexer
2026-07-21 11:46:22,046 - app.services.wazuh_api - INFO - Fetched 5 alerts from Indexer
2026-07-21 11:46:22,101 - app.services.wazuh_api - INFO - Found 2 agents
2026-07-21 11:46:22,990 - app.services.wazuh_api - INFO - Fetched 5 alerts from Indexer
2026-07-21 11:46:23,049 - app.services.wazuh_api - INFO - Fetched 5 alerts from Indexer
2026-07-21 11:46:23,125 - app.services.wazuh_api - INFO - Found 2 agents
2026-07-21 11:46:23,972 - app.services.wazuh_api - INFO - Fetched 5 alerts from Indexer
2026-07-21 11:46:24,021 - app.services.wazuh_api - INFO - Fetched 5 alerts from Indexer
2026-07-21 11:46:24,102 - app.services.wazuh_api - INFO - Found 2 agents
2026-07-21 11:46:24,982 - app.services.wazuh_api - INFO - Fetched 5 alerts from Indexer
2026-07-21 11:46:25,053 - app.services.wazuh_api - INFO - Fetched 5 alerts from Indexer
2026-07-21 11:46:25,115 - app.services.wazuh_api - INFO - Found 2 agents
2026-07-21 11:46:25,967 - app.services.wazuh_api - INFO - Fetched 5 alerts from Indexer
2026-07-21 11:46:26,031 - app.services.wazuh_api - INFO - Fetched 5 alerts from Indexer
2026-07-21 11:46:26,092 - app.services.wazuh_api - INFO - Found 2 agents
2026-07-21 11:46:26,977 - app.services.wazuh_api - INFO - Fetched 5 alerts from Indexer
2026-07-21 11:46:27,038 - app.services.wazuh_api - INFO - Fetched 5 alerts from Indexer
2026-07-21 11:46:27,116 - app.services.wazuh_api - INFO - Found 2 agents
2026-07-21 11:46:27,980 - app.services.wazuh_api - INFO - Fetched 5 alerts from Indexer
2026-07-21 11:46:28,043 - app.services.wazuh_api - INFO - Fetched 5 alerts from Indexer
2026-07-21 11:46:28,123 - app.services.wazuh_api - INFO - Found 2 agents
2026-07-21 11:46:28,990 - app.services.wazuh_api - INFO - Fetched 5 alerts from Indexer
2026-07-21 11:46:29,049 - app.services.wazuh_api - INFO - Fetched 5 alerts from Indexer
2026-07-21 11:46:29,121 - app.services.wazuh_api - INFO - Found 2 agents
2026-07-21 11:46:29,974 - app.services.wazuh_api - INFO - Fetched 5 alerts from Indexer
2026-07-21 11:46:30,020 - app.services.wazuh_api - INFO - Fetched 5 alerts from Indexer
2026-07-21 11:46:30,077 - app.services.wazuh_api - INFO - Found 2 agents
2026-07-21 11:46:30,966 - app.services.wazuh_api - INFO - Fetched 5 alerts from Indexer
2026-07-21 11:46:31,025 - app.services.wazuh_api - INFO - Fetched 5 alerts from Indexer
2026-07-21 11:46:31,084 - app.services.wazuh_api - INFO - Fetched 5 alerts from Indexer
2026-07-21 11:46:31,156 - app.services.wazuh_api - INFO - Found 2 agents
2026-07-21 11:46:31,979 - app.services.wazuh_api - INFO - Fetched 5 alerts from Indexer
2026-07-21 11:46:32,051 - app.services.wazuh_api - INFO - Fetched 5 alerts from Indexer
2026-07-21 11:46:32,122 - app.services.wazuh_api - INFO - Found 2 agents
2026-07-21 11:46:32,993 - app.services.wazuh_api - INFO - Fetched 5 alerts from Indexer
2026-07-21 11:46:33,050 - app.services.wazuh_api - INFO - Fetched 5 alerts from Indexer
2026-07-21 11:46:33,129 - app.services.wazuh_api - INFO - Found 2 agents
2026-07-21 11:46:33,976 - app.services.wazuh_api - INFO - Fetched 5 alerts from Indexer
2026-07-21 11:46:34,022 - app.services.wazuh_api - INFO - Fetched 5 alerts from Indexer
2026-07-21 11:46:34,097 - app.services.wazuh_api - INFO - Found 2 agents
2026-07-21 11:46:34,980 - app.services.wazuh_api - INFO - Fetched 5 alerts from Indexer
2026-07-21 11:46:35,039 - app.services.wazuh_api - INFO - Fetched 5 alerts from Indexer
2026-07-21 11:46:35,112 - app.services.wazuh_api - INFO - Found 2 agents
2026-07-21 11:46:35,990 - app.services.wazuh_api - INFO - Fetched 5 alerts from Indexer
2026-07-21 11:46:36,051 - app.services.wazuh_api - INFO - Fetched 5 alerts from Indexer
2026-07-21 11:46:36,123 - app.services.wazuh_api - INFO - Found 2 agents
2026-07-21 11:46:36,983 - app.services.wazuh_api - INFO - Fetched 5 alerts from Indexer
2026-07-21 11:46:37,040 - app.services.wazuh_api - INFO - Fetched 5 alerts from Indexer
2026-07-21 11:46:37,116 - app.services.wazuh_api - INFO - Found 2 agents
2026-07-21 11:46:37,985 - app.services.wazuh_api - INFO - Fetched 5 alerts from Indexer
2026-07-21 11:46:38,030 - app.services.wazuh_api - INFO - Fetched 5 alerts from Indexer
2026-07-21 11:46:38,098 - app.services.wazuh_api - INFO - Found 2 agents
2026-07-21 11:46:38,976 - app.services.wazuh_api - INFO - Fetched 5 alerts from Indexer
2026-07-21 11:46:39,040 - app.services.wazuh_api - INFO - Fetched 5 alerts from Indexer
2026-07-21 11:46:39,097 - app.services.wazuh_api - INFO - Found 2 agents
2026-07-21 11:46:39,996 - app.services.wazuh_api - INFO - Fetched 5 alerts from Indexer
2026-07-21 11:46:40,091 - app.services.wazuh_api - INFO - Fetched 5 alerts from Indexer
2026-07-21 11:46:40,156 - app.services.wazuh_api - INFO - Found 2 agents
2026-07-21 11:46:40,669 - app.services.wazuh_api - INFO - Fetched 5 alerts from Indexer
2026-07-21 11:46:40,716 - app.services.wazuh_api - INFO - Fetched 5 alerts from Indexer
2026-07-21 11:46:40,787 - app.services.wazuh_api - INFO - Fetched 5 alerts from Indexer
2026-07-21 11:46:40,862 - app.services.wazuh_api - INFO - Found 2 agents
2026-07-21 11:46:41,601 - app.services.wazuh_api - INFO - Fetched 5 alerts from Indexer
2026-07-21 11:46:41,665 - app.services.wazuh_api - INFO - Fetched 5 alerts from Indexer
2026-07-21 11:46:41,726 - app.services.wazuh_api - INFO - Found 2 agents
2026-07-21 11:46:42,985 - app.services.wazuh_api - INFO - Fetched 5 alerts from Indexer
2026-07-21 11:46:43,032 - app.services.wazuh_api - INFO - Fetched 5 alerts from Indexer
2026-07-21 11:46:43,103 - app.services.wazuh_api - INFO - Found 2 agents
2026-07-21 11:46:43,981 - app.services.wazuh_api - INFO - Fetched 5 alerts from Indexer
2026-07-21 11:46:44,043 - app.services.wazuh_api - INFO - Fetched 5 alerts from Indexer
2026-07-21 11:46:44,097 - app.services.wazuh_api - INFO - Found 2 agents
2026-07-21 11:46:44,979 - app.services.wazuh_api - INFO - Fetched 5 alerts from Indexer
2026-07-21 11:46:45,040 - app.services.wazuh_api - INFO - Fetched 5 alerts from Indexer
2026-07-21 11:46:45,093 - app.services.wazuh_api - INFO - Found 2 agents
2026-07-21 11:46:45,972 - app.services.wazuh_api - INFO - Fetched 5 alerts from Indexer
2026-07-21 11:46:46,034 - app.services.wazuh_api - INFO - Fetched 5 alerts from Indexer
2026-07-21 11:46:46,120 - app.services.wazuh_api - INFO - Found 2 agents
2026-07-21 11:46:46,991 - app.services.wazuh_api - INFO - Fetched 5 alerts from Indexer
2026-07-21 11:46:47,041 - app.services.wazuh_api - INFO - Fetched 5 alerts from Indexer
2026-07-21 11:46:47,105 - app.services.wazuh_api - INFO - Found 2 agents
2026-07-21 11:46:47,982 - app.services.wazuh_api - INFO - Fetched 5 alerts from Indexer
2026-07-21 11:46:48,045 - app.services.wazuh_api - INFO - Fetched 5 alerts from Indexer
2026-07-21 11:46:48,121 - app.services.wazuh_api - INFO - Found 2 agents
2026-07-21 11:46:48,985 - app.services.wazuh_api - INFO - Fetched 5 alerts from Indexer
2026-07-21 11:46:49,045 - app.services.wazuh_api - INFO - Fetched 5 alerts from Indexer
2026-07-21 11:46:49,120 - app.services.wazuh_api - INFO - Found 2 agents
2026-07-21 11:46:49,984 - app.services.wazuh_api - INFO - Fetched 5 alerts from Indexer
2026-07-21 11:46:50,043 - app.services.wazuh_api - INFO - Fetched 5 alerts from Indexer
2026-07-21 11:46:50,116 - app.services.wazuh_api - INFO - Found 2 agents
2026-07-21 11:46:50,990 - app.services.wazuh_api - INFO - Fetched 5 alerts from Indexer
2026-07-21 11:46:51,060 - app.services.wazuh_api - INFO - Fetched 5 alerts from Indexer
2026-07-21 11:46:51,128 - app.services.wazuh_api - INFO - Fetched 5 alerts from Indexer
2026-07-21 11:46:51,199 - app.services.wazuh_api - INFO - Found 2 agents
2026-07-21 11:46:51,980 - app.services.wazuh_api - INFO - Fetched 5 alerts from Indexer
2026-07-21 11:46:52,042 - app.services.wazuh_api - INFO - Fetched 5 alerts from Indexer
2026-07-21 11:46:52,103 - app.services.wazuh_api - INFO - Found 2 agents
2026-07-21 11:46:52,979 - app.services.wazuh_api - INFO - Fetched 5 alerts from Indexer
2026-07-21 11:46:53,040 - app.services.wazuh_api - INFO - Fetched 5 alerts from Indexer
2026-07-21 11:46:53,113 - app.services.wazuh_api - INFO - Found 2 agents
2026-07-21 11:46:53,990 - app.services.wazuh_api - INFO - Fetched 5 alerts from Indexer
2026-07-21 11:46:54,050 - app.services.wazuh_api - INFO - Fetched 5 alerts from Indexer
2026-07-21 11:46:54,124 - app.services.wazuh_api - INFO - Found 2 agents
2026-07-21 11:46:54,996 - app.services.wazuh_api - INFO - Fetched 5 alerts from Indexer
2026-07-21 11:46:55,052 - app.services.wazuh_api - INFO - Fetched 5 alerts from Indexer
2026-07-21 11:46:55,128 - app.services.wazuh_api - INFO - Found 2 agents
2026-07-21 11:46:55,981 - app.services.wazuh_api - INFO - Fetched 5 alerts from Indexer
2026-07-21 11:46:56,040 - app.services.wazuh_api - INFO - Fetched 5 alerts from Indexer
2026-07-21 11:46:56,111 - app.services.wazuh_api - INFO - Found 2 agents
2026-07-21 11:46:56,991 - app.services.wazuh_api - INFO - Fetched 5 alerts from Indexer
2026-07-21 11:46:57,037 - app.services.wazuh_api - INFO - Fetched 5 alerts from Indexer
2026-07-21 11:46:57,108 - app.services.wazuh_api - INFO - Found 2 agents
2026-07-21 11:46:57,985 - app.services.wazuh_api - INFO - Fetched 5 alerts from Indexer
2026-07-21 11:46:58,047 - app.services.wazuh_api - INFO - Fetched 5 alerts from Indexer
2026-07-21 11:46:58,120 - app.services.wazuh_api - INFO - Found 2 agents
2026-07-21 11:46:58,991 - app.services.wazuh_api - INFO - Fetched 5 alerts from Indexer
2026-07-21 11:46:59,059 - app.services.wazuh_api - INFO - Fetched 5 alerts from Indexer
2026-07-21 11:46:59,114 - app.services.wazuh_api - INFO - Found 2 agents
2026-07-21 11:47:00,008 - app.services.wazuh_api - INFO - Fetched 5 alerts from Indexer
2026-07-21 11:47:00,086 - app.services.wazuh_api - INFO - Fetched 5 alerts from Indexer
2026-07-21 11:47:00,146 - app.services.wazuh_api - INFO - Found 2 agents
2026-07-21 11:47:00,993 - app.services.wazuh_api - INFO - Fetched 5 alerts from Indexer
2026-07-21 11:47:01,048 - app.services.wazuh_api - INFO - Fetched 5 alerts from Indexer
2026-07-21 11:47:01,111 - app.services.wazuh_api - INFO - Fetched 5 alerts from Indexer
2026-07-21 11:47:01,185 - app.services.wazuh_api - INFO - Found 2 agents
2026-07-21 11:47:01,977 - app.services.wazuh_api - INFO - Fetched 5 alerts from Indexer
2026-07-21 11:47:02,035 - app.services.wazuh_api - INFO - Fetched 5 alerts from Indexer
2026-07-21 11:47:02,113 - app.services.wazuh_api - INFO - Found 2 agents
2026-07-21 11:47:02,982 - app.services.wazuh_api - INFO - Fetched 5 alerts from Indexer
2026-07-21 11:47:03,039 - app.services.wazuh_api - INFO - Fetched 5 alerts from Indexer
2026-07-21 11:47:03,094 - app.services.wazuh_api - INFO - Found 2 agents
2026-07-21 11:47:03,978 - app.services.wazuh_api - INFO - Fetched 5 alerts from Indexer
2026-07-21 11:47:04,041 - app.services.wazuh_api - INFO - Fetched 5 alerts from Indexer
2026-07-21 11:47:04,115 - app.services.wazuh_api - INFO - Found 2 agents
2026-07-21 11:47:04,983 - app.services.wazuh_api - INFO - Fetched 5 alerts from Indexer
2026-07-21 11:47:05,049 - app.services.wazuh_api - INFO - Fetched 5 alerts from Indexer
2026-07-21 11:47:05,124 - app.services.wazuh_api - INFO - Found 2 agents
2026-07-21 11:47:05,984 - app.services.wazuh_api - INFO - Fetched 5 alerts from Indexer
2026-07-21 11:47:06,046 - app.services.wazuh_api - INFO - Fetched 5 alerts from Indexer
2026-07-21 11:47:06,123 - app.services.wazuh_api - INFO - Found 2 agents
2026-07-21 11:47:06,994 - app.services.wazuh_api - INFO - Fetched 5 alerts from Indexer
2026-07-21 11:47:07,065 - app.services.wazuh_api - INFO - Fetched 5 alerts from Indexer
2026-07-21 11:47:07,126 - app.services.wazuh_api - INFO - Found 2 agents
2026-07-21 11:47:07,983 - app.services.wazuh_api - INFO - Fetched 5 alerts from Indexer
2026-07-21 11:47:08,032 - app.services.wazuh_api - INFO - Fetched 5 alerts from Indexer
2026-07-21 11:47:08,100 - app.services.wazuh_api - INFO - Found 2 agents
2026-07-21 11:47:08,985 - app.services.wazuh_api - INFO - Fetched 5 alerts from Indexer
2026-07-21 11:47:09,029 - app.services.wazuh_api - INFO - Fetched 5 alerts from Indexer
2026-07-21 11:47:09,082 - app.services.wazuh_api - INFO - Found 2 agents
2026-07-21 11:47:09,981 - app.services.wazuh_api - INFO - Fetched 5 alerts from Indexer
2026-07-21 11:47:10,044 - app.services.wazuh_api - INFO - Fetched 5 alerts from Indexer
2026-07-21 11:47:10,122 - app.services.wazuh_api - INFO - Found 2 agents
2026-07-21 11:47:10,992 - app.services.wazuh_api - INFO - Fetched 5 alerts from Indexer
2026-07-21 11:47:11,039 - app.services.wazuh_api - INFO - Fetched 5 alerts from Indexer
2026-07-21 11:47:11,086 - app.services.wazuh_api - INFO - Fetched 5 alerts from Indexer
2026-07-21 11:47:11,157 - app.services.wazuh_api - INFO - Found 2 agents
2026-07-21 11:47:11,981 - app.services.wazuh_api - INFO - Fetched 5 alerts from Indexer
2026-07-21 11:47:12,042 - app.services.wazuh_api - INFO - Fetched 5 alerts from Indexer
2026-07-21 11:47:12,117 - app.services.wazuh_api - INFO - Found 2 agents
2026-07-21 11:47:12,984 - app.services.wazuh_api - INFO - Fetched 5 alerts from Indexer
2026-07-21 11:47:13,047 - app.services.wazuh_api - INFO - Fetched 5 alerts from Indexer
2026-07-21 11:47:13,128 - app.services.wazuh_api - INFO - Found 2 agents
2026-07-21 11:47:13,970 - app.services.wazuh_api - INFO - Fetched 5 alerts from Indexer
2026-07-21 11:47:14,017 - app.services.wazuh_api - INFO - Fetched 5 alerts from Indexer
2026-07-21 11:47:14,075 - app.services.wazuh_api - INFO - Found 2 agents
2026-07-21 11:47:14,995 - app.services.wazuh_api - INFO - Fetched 5 alerts from Indexer
2026-07-21 11:47:15,064 - app.services.wazuh_api - INFO - Fetched 5 alerts from Indexer
2026-07-21 11:47:15,175 - app.services.wazuh_api - INFO - Found 2 agents
2026-07-21 11:47:15,977 - app.services.wazuh_api - INFO - Fetched 5 alerts from Indexer
2026-07-21 11:47:16,025 - app.services.wazuh_api - INFO - Fetched 5 alerts from Indexer
2026-07-21 11:47:16,089 - app.services.wazuh_api - INFO - Found 2 agents
2026-07-21 11:47:16,989 - app.services.wazuh_api - INFO - Fetched 5 alerts from Indexer
2026-07-21 11:47:17,049 - app.services.wazuh_api - INFO - Fetched 5 alerts from Indexer
2026-07-21 11:47:17,123 - app.services.wazuh_api - INFO - Found 2 agents
2026-07-21 11:47:17,993 - app.services.wazuh_api - INFO - Fetched 5 alerts from Indexer
2026-07-21 11:47:18,056 - app.services.wazuh_api - INFO - Fetched 5 alerts from Indexer
2026-07-21 11:47:18,132 - app.services.wazuh_api - INFO - Found 2 agents
2026-07-21 11:47:18,982 - app.services.wazuh_api - INFO - Fetched 5 alerts from Indexer
2026-07-21 11:47:19,032 - app.services.wazuh_api - INFO - Fetched 5 alerts from Indexer
2026-07-21 11:47:19,102 - app.services.wazuh_api - INFO - Found 2 agents
2026-07-21 11:47:19,977 - app.services.wazuh_api - INFO - Fetched 5 alerts from Indexer
2026-07-21 11:47:20,023 - app.services.wazuh_api - INFO - Fetched 5 alerts from Indexer
2026-07-21 11:47:20,099 - app.services.wazuh_api - INFO - Found 2 agents
2026-07-21 11:47:20,989 - app.services.wazuh_api - INFO - Fetched 5 alerts from Indexer
2026-07-21 11:47:21,034 - app.services.wazuh_api - INFO - Fetched 5 alerts from Indexer
2026-07-21 11:47:21,091 - app.services.wazuh_api - INFO - Fetched 5 alerts from Indexer
2026-07-21 11:47:21,172 - app.services.wazuh_api - INFO - Found 2 agents
2026-07-21 11:47:21,989 - app.services.wazuh_api - INFO - Fetched 5 alerts from Indexer
2026-07-21 11:47:22,283 - app.services.wazuh_api - INFO - Fetched 5 alerts from Indexer
2026-07-21 11:47:22,360 - app.services.wazuh_api - INFO - Found 2 agents
2026-07-21 11:47:22,986 - app.services.wazuh_api - INFO - Fetched 5 alerts from Indexer
2026-07-21 11:47:23,058 - app.services.wazuh_api - INFO - Fetched 5 alerts from Indexer
2026-07-21 11:47:23,144 - app.services.wazuh_api - INFO - Found 2 agents
2026-07-21 11:47:23,971 - app.services.wazuh_api - INFO - Fetched 5 alerts from Indexer
2026-07-21 11:47:24,016 - app.services.wazuh_api - INFO - Fetched 5 alerts from Indexer
2026-07-21 11:47:24,096 - app.services.wazuh_api - INFO - Found 2 agents
2026-07-21 11:47:24,990 - app.services.wazuh_api - INFO - Fetched 5 alerts from Indexer
2026-07-21 11:47:25,058 - app.services.wazuh_api - INFO - Fetched 5 alerts from Indexer
2026-07-21 11:47:25,134 - app.services.wazuh_api - INFO - Found 2 agents
2026-07-21 11:47:25,990 - app.services.wazuh_api - INFO - Fetched 5 alerts from Indexer
2026-07-21 11:47:26,054 - app.services.wazuh_api - INFO - Fetched 5 alerts from Indexer
2026-07-21 11:47:26,112 - app.services.wazuh_api - INFO - Found 2 agents
2026-07-21 11:47:26,986 - app.services.wazuh_api - INFO - Fetched 5 alerts from Indexer
2026-07-21 11:47:27,046 - app.services.wazuh_api - INFO - Fetched 5 alerts from Indexer
2026-07-21 11:47:27,126 - app.services.wazuh_api - INFO - Found 2 agents
2026-07-21 11:47:27,992 - app.services.wazuh_api - INFO - Fetched 5 alerts from Indexer
2026-07-21 11:47:28,042 - app.services.wazuh_api - INFO - Fetched 5 alerts from Indexer
2026-07-21 11:47:28,103 - app.services.wazuh_api - INFO - Found 2 agents
2026-07-21 11:47:28,975 - app.services.wazuh_api - INFO - Fetched 5 alerts from Indexer
2026-07-21 11:47:29,038 - app.services.wazuh_api - INFO - Fetched 5 alerts from Indexer
2026-07-21 11:47:29,099 - app.services.wazuh_api - INFO - Found 2 agents
2026-07-21 11:47:29,983 - app.services.wazuh_api - INFO - Fetched 5 alerts from Indexer
2026-07-21 11:47:30,043 - app.services.wazuh_api - INFO - Fetched 5 alerts from Indexer
2026-07-21 11:47:30,117 - app.services.wazuh_api - INFO - Found 2 agents
2026-07-21 11:47:30,979 - app.services.wazuh_api - INFO - Fetched 5 alerts from Indexer
2026-07-21 11:47:31,022 - app.services.wazuh_api - INFO - Fetched 5 alerts from Indexer
2026-07-21 11:47:31,069 - app.services.wazuh_api - INFO - Fetched 5 alerts from Indexer
2026-07-21 11:47:31,140 - app.services.wazuh_api - INFO - Found 2 agents
2026-07-21 11:47:31,979 - app.services.wazuh_api - INFO - Fetched 5 alerts from Indexer
2026-07-21 11:47:32,022 - app.services.wazuh_api - INFO - Fetched 5 alerts from Indexer
2026-07-21 11:47:32,080 - app.services.wazuh_api - INFO - Found 2 agents
2026-07-21 11:47:32,970 - app.services.wazuh_api - INFO - Fetched 5 alerts from Indexer
2026-07-21 11:47:33,022 - app.services.wazuh_api - INFO - Fetched 5 alerts from Indexer
2026-07-21 11:47:33,103 - app.services.wazuh_api - INFO - Found 2 agents
2026-07-21 11:47:33,984 - app.services.wazuh_api - INFO - Fetched 5 alerts from Indexer
2026-07-21 11:47:34,061 - app.services.wazuh_api - INFO - Fetched 5 alerts from Indexer
2026-07-21 11:47:34,128 - app.services.wazuh_api - INFO - Found 2 agents
2026-07-21 11:47:34,977 - app.services.wazuh_api - INFO - Fetched 5 alerts from Indexer
2026-07-21 11:47:35,044 - app.services.wazuh_api - INFO - Fetched 5 alerts from Indexer
2026-07-21 11:47:35,126 - app.services.wazuh_api - INFO - Found 2 agents
2026-07-21 11:47:35,977 - app.services.wazuh_api - INFO - Fetched 5 alerts from Indexer
2026-07-21 11:47:36,037 - app.services.wazuh_api - INFO - Fetched 5 alerts from Indexer
2026-07-21 11:47:36,113 - app.services.wazuh_api - INFO - Found 2 agents
2026-07-21 11:47:36,971 - app.services.wazuh_api - INFO - Fetched 5 alerts from Indexer
2026-07-21 11:47:37,018 - app.services.wazuh_api - INFO - Fetched 5 alerts from Indexer
2026-07-21 11:47:37,099 - app.services.wazuh_api - INFO - Found 2 agents
2026-07-21 11:47:37,964 - app.services.wazuh_api - INFO - Fetched 5 alerts from Indexer
2026-07-21 11:47:38,024 - app.services.wazuh_api - INFO - Fetched 5 alerts from Indexer
2026-07-21 11:47:38,109 - app.services.wazuh_api - INFO - Found 2 agents
2026-07-21 11:47:38,978 - app.services.wazuh_api - INFO - Fetched 5 alerts from Indexer
2026-07-21 11:47:39,023 - app.services.wazuh_api - INFO - Fetched 5 alerts from Indexer
2026-07-21 11:47:39,092 - app.services.wazuh_api - INFO - Found 2 agents
2026-07-21 11:47:39,982 - app.services.wazuh_api - INFO - Fetched 5 alerts from Indexer
2026-07-21 11:47:40,036 - app.services.wazuh_api - INFO - Fetched 5 alerts from Indexer
2026-07-21 11:47:40,109 - app.services.wazuh_api - INFO - Found 2 agents
2026-07-21 11:47:40,981 - app.services.wazuh_api - INFO - Fetched 5 alerts from Indexer
2026-07-21 11:47:41,026 - app.services.wazuh_api - INFO - Fetched 5 alerts from Indexer
2026-07-21 11:47:41,094 - app.services.wazuh_api - INFO - Fetched 5 alerts from Indexer
2026-07-21 11:47:41,148 - app.services.wazuh_api - INFO - Found 2 agents
2026-07-21 11:48:02,312 - app.services.wazuh_api - INFO - Fetched 5 alerts from Indexer
2026-07-21 11:48:02,364 - app.services.wazuh_api - INFO - Fetched 5 alerts from Indexer
2026-07-21 11:48:02,428 - app.services.wazuh_api - INFO - Fetched 5 alerts from Indexer
2026-07-21 11:48:02,508 - app.services.wazuh_api - INFO - Found 2 agents
2026-07-21 11:48:02,595 - app.services.wazuh_api - INFO - Fetched 5 alerts from Indexer
2026-07-21 11:48:02,654 - app.services.wazuh_api - INFO - Fetched 5 alerts from Indexer
2026-07-21 11:48:02,747 - app.services.wazuh_api - INFO - Found 2 agents
2026-07-21 11:48:03,584 - app.services.wazuh_api - INFO - Fetched 5 alerts from Indexer
2026-07-21 11:48:03,655 - app.services.wazuh_api - INFO - Found 2 agents
2026-07-21 11:48:03,703 - app.services.wazuh_api - INFO - Fetched 5 alerts from Indexer
2026-07-21 11:48:04,594 - app.services.wazuh_api - INFO - Fetched 5 alerts from Indexer
2026-07-21 11:48:04,655 - app.services.wazuh_api - INFO - Fetched 5 alerts from Indexer
2026-07-21 11:48:04,730 - app.services.wazuh_api - INFO - Found 2 agents
2026-07-21 11:48:05,988 - app.services.wazuh_api - INFO - Fetched 5 alerts from Indexer
2026-07-21 11:48:06,056 - app.services.wazuh_api - INFO - Fetched 5 alerts from Indexer
2026-07-21 11:48:06,136 - app.services.wazuh_api - INFO - Found 2 agents
2026-07-21 11:48:06,993 - app.services.wazuh_api - INFO - Fetched 5 alerts from Indexer
2026-07-21 11:48:07,052 - app.services.wazuh_api - INFO - Fetched 5 alerts from Indexer
2026-07-21 11:48:07,129 - app.services.wazuh_api - INFO - Found 2 agents
2026-07-21 11:48:07,980 - app.services.wazuh_api - INFO - Fetched 5 alerts from Indexer
2026-07-21 11:48:08,041 - app.services.wazuh_api - INFO - Fetched 5 alerts from Indexer
2026-07-21 11:48:08,119 - app.services.wazuh_api - INFO - Found 2 agents
2026-07-21 11:48:08,985 - app.services.wazuh_api - INFO - Fetched 5 alerts from Indexer
2026-07-21 11:48:09,050 - app.services.wazuh_api - INFO - Fetched 5 alerts from Indexer
2026-07-21 11:48:09,124 - app.services.wazuh_api - INFO - Found 2 agents
2026-07-21 11:48:09,975 - app.services.wazuh_api - INFO - Fetched 5 alerts from Indexer
2026-07-21 11:48:10,032 - app.services.wazuh_api - INFO - Fetched 5 alerts from Indexer
2026-07-21 11:48:10,102 - app.services.wazuh_api - INFO - Found 2 agents
2026-07-21 11:48:10,982 - app.services.wazuh_api - INFO - Fetched 5 alerts from Indexer
2026-07-21 11:48:11,049 - app.services.wazuh_api - INFO - Fetched 5 alerts from Indexer
2026-07-21 11:48:11,093 - app.services.wazuh_api - INFO - Fetched 5 alerts from Indexer
2026-07-21 11:48:11,172 - app.services.wazuh_api - INFO - Found 2 agents
2026-07-21 11:48:11,988 - app.services.wazuh_api - INFO - Fetched 5 alerts from Indexer
2026-07-21 11:48:12,056 - app.services.wazuh_api - INFO - Fetched 5 alerts from Indexer
2026-07-21 11:48:12,137 - app.services.wazuh_api - INFO - Found 2 agents
2026-07-21 11:48:12,983 - app.services.wazuh_api - INFO - Fetched 5 alerts from Indexer
2026-07-21 11:48:13,040 - app.services.wazuh_api - INFO - Fetched 5 alerts from Indexer
2026-07-21 11:48:13,120 - app.services.wazuh_api - INFO - Found 2 agents
2026-07-21 11:48:13,991 - app.services.wazuh_api - INFO - Fetched 5 alerts from Indexer
2026-07-21 11:48:14,061 - app.services.wazuh_api - INFO - Fetched 5 alerts from Indexer
2026-07-21 11:48:14,127 - app.services.wazuh_api - INFO - Found 2 agents
2026-07-21 11:48:14,985 - app.services.wazuh_api - INFO - Fetched 5 alerts from Indexer
2026-07-21 11:48:15,039 - app.services.wazuh_api - INFO - Fetched 5 alerts from Indexer
2026-07-21 11:48:15,116 - app.services.wazuh_api - INFO - Found 2 agents
2026-07-21 11:48:15,982 - app.services.wazuh_api - INFO - Fetched 5 alerts from Indexer
2026-07-21 11:48:16,042 - app.services.wazuh_api - INFO - Fetched 5 alerts from Indexer
2026-07-21 11:48:16,119 - app.services.wazuh_api - INFO - Found 2 agents
2026-07-21 11:48:16,974 - app.services.wazuh_api - INFO - Fetched 5 alerts from Indexer
2026-07-21 11:48:17,036 - app.services.wazuh_api - INFO - Fetched 5 alerts from Indexer
2026-07-21 11:48:17,122 - app.services.wazuh_api - INFO - Found 2 agents
2026-07-21 11:48:17,988 - app.services.wazuh_api - INFO - Fetched 5 alerts from Indexer
2026-07-21 11:48:18,034 - app.services.wazuh_api - INFO - Fetched 5 alerts from Indexer
2026-07-21 11:48:18,089 - app.services.wazuh_api - INFO - Found 2 agents
2026-07-21 11:48:18,984 - app.services.wazuh_api - INFO - Fetched 5 alerts from Indexer
2026-07-21 11:48:19,052 - app.services.wazuh_api - INFO - Fetched 5 alerts from Indexer
2026-07-21 11:48:19,120 - app.services.wazuh_api - INFO - Found 2 agents
2026-07-21 11:48:19,997 - app.services.wazuh_api - INFO - Fetched 5 alerts from Indexer
2026-07-21 11:48:20,051 - app.services.wazuh_api - INFO - Fetched 5 alerts from Indexer
2026-07-21 11:48:20,131 - app.services.wazuh_api - INFO - Found 2 agents
2026-07-21 11:48:20,969 - app.services.wazuh_api - INFO - Fetched 5 alerts from Indexer
2026-07-21 11:48:21,025 - app.services.wazuh_api - INFO - Fetched 5 alerts from Indexer
2026-07-21 11:48:21,071 - app.services.wazuh_api - INFO - Fetched 5 alerts from Indexer
2026-07-21 11:48:21,147 - app.services.wazuh_api - INFO - Found 2 agents
2026-07-21 11:48:21,982 - app.services.wazuh_api - INFO - Fetched 5 alerts from Indexer
2026-07-21 11:48:22,040 - app.services.wazuh_api - INFO - Fetched 5 alerts from Indexer
2026-07-21 11:48:22,114 - app.services.wazuh_api - INFO - Found 2 agents
2026-07-21 11:48:22,996 - app.services.wazuh_api - INFO - Fetched 5 alerts from Indexer
2026-07-21 11:48:23,064 - app.services.wazuh_api - INFO - Fetched 5 alerts from Indexer
2026-07-21 11:48:23,144 - app.services.wazuh_api - INFO - Found 2 agents
2026-07-21 11:48:23,970 - app.services.wazuh_api - INFO - Fetched 5 alerts from Indexer
2026-07-21 11:48:24,015 - app.services.wazuh_api - INFO - Fetched 5 alerts from Indexer
2026-07-21 11:48:24,092 - app.services.wazuh_api - INFO - Found 2 agents
2026-07-21 11:48:24,973 - app.services.wazuh_api - INFO - Fetched 5 alerts from Indexer
2026-07-21 11:48:25,018 - app.services.wazuh_api - INFO - Fetched 5 alerts from Indexer
2026-07-21 11:48:25,089 - app.services.wazuh_api - INFO - Found 2 agents
2026-07-21 11:48:25,969 - app.services.wazuh_api - INFO - Fetched 5 alerts from Indexer
2026-07-21 11:48:26,024 - app.services.wazuh_api - INFO - Fetched 5 alerts from Indexer
2026-07-21 11:48:26,098 - app.services.wazuh_api - INFO - Found 2 agents
2026-07-21 11:48:26,980 - app.services.wazuh_api - INFO - Fetched 5 alerts from Indexer
2026-07-21 11:48:27,044 - app.services.wazuh_api - INFO - Fetched 5 alerts from Indexer
2026-07-21 11:48:27,122 - app.services.wazuh_api - INFO - Found 2 agents
2026-07-21 11:48:27,973 - app.services.wazuh_api - INFO - Fetched 5 alerts from Indexer
2026-07-21 11:48:28,022 - app.services.wazuh_api - INFO - Fetched 5 alerts from Indexer
2026-07-21 11:48:28,103 - app.services.wazuh_api - INFO - Found 2 agents
2026-07-21 11:48:28,987 - app.services.wazuh_api - INFO - Fetched 5 alerts from Indexer
2026-07-21 11:48:29,048 - app.services.wazuh_api - INFO - Fetched 5 alerts from Indexer
2026-07-21 11:48:29,122 - app.services.wazuh_api - INFO - Found 2 agents
2026-07-21 11:48:29,984 - app.services.wazuh_api - INFO - Fetched 5 alerts from Indexer
2026-07-21 11:48:30,049 - app.services.wazuh_api - INFO - Fetched 5 alerts from Indexer
2026-07-21 11:48:30,128 - app.services.wazuh_api - INFO - Found 2 agents
2026-07-21 11:48:30,986 - app.services.wazuh_api - INFO - Fetched 5 alerts from Indexer
2026-07-21 11:48:31,031 - app.services.wazuh_api - INFO - Fetched 5 alerts from Indexer
2026-07-21 11:48:31,078 - app.services.wazuh_api - INFO - Fetched 5 alerts from Indexer
2026-07-21 11:48:31,154 - app.services.wazuh_api - INFO - Found 2 agents
2026-07-21 11:48:31,974 - app.services.wazuh_api - INFO - Fetched 5 alerts from Indexer
2026-07-21 11:48:32,040 - app.services.wazuh_api - INFO - Fetched 5 alerts from Indexer
2026-07-21 11:48:32,120 - app.services.wazuh_api - INFO - Found 2 agents
2026-07-21 11:48:33,000 - app.services.wazuh_api - INFO - Fetched 5 alerts from Indexer
2026-07-21 11:48:33,047 - app.services.wazuh_api - INFO - Fetched 5 alerts from Indexer
2026-07-21 11:48:33,124 - app.services.wazuh_api - INFO - Found 2 agents
2026-07-21 11:48:34,000 - app.services.wazuh_api - INFO - Fetched 5 alerts from Indexer
2026-07-21 11:48:34,101 - app.services.wazuh_api - INFO - Fetched 5 alerts from Indexer
2026-07-21 11:48:34,168 - app.services.wazuh_api - INFO - Found 2 agents
2026-07-21 11:48:34,978 - app.services.wazuh_api - INFO - Fetched 5 alerts from Indexer
2026-07-21 11:48:35,060 - app.services.wazuh_api - INFO - Fetched 5 alerts from Indexer
2026-07-21 11:48:35,149 - app.services.wazuh_api - INFO - Found 2 agents
2026-07-21 11:48:36,006 - app.services.wazuh_api - INFO - Fetched 5 alerts from Indexer
